dataset,day,actual_asks,top4_hits,top4_precision,available_askable_candidates,top_value
public_01,0,4,0,0.0,36,8.75
public_01,1,4,0,0.0,32,7.75
public_01,2,4,0,0.0,28,6.75
public_01,3,4,0,0.0,25,6.0
public_01,4,4,0,0.0,22,5.25
public_01,5,4,0,0.0,18,4.25
public_01,6,4,0,0.0,14,3.25
public_01,7,4,0,0.0,10,2.25
public_01,8,4,0,0.0,7,1.5
public_01,9,4,0,0.0,3,0.5
public_01,10,3,0,0.0,0,0
public_01,12,3,0,0.0,0,0
public_01,13,1,0,0.0,0,0
public_01,14,3,0,0.0,0,0
public_01,15,2,0,0.0,0,0
public_01,18,1,0,0.0,0,0
public_01,19,2,0,0.0,0,0
public_01,20,1,0,0.0,0,0
public_02,0,4,0,0.0,37,9.0
public_02,1,4,0,0.0,34,8.25
public_02,2,4,0,0.0,34,8.25
public_02,3,4,0,0.0,33,8.0
public_02,4,4,0,0.0,31,7.5
public_02,5,4,0,0.0,29,7.0
public_02,6,4,0,0.0,27,6.5
public_02,7,4,0,0.0,24,5.75
public_02,8,4,0,0.0,20,4.75
public_02,9,4,0,0.0,18,4.25
public_02,10,4,0,0.0,16,3.75
public_02,11,4,0,0.0,13,3.0
public_02,12,4,0,0.0,10,2.25
public_02,13,4,0,0.0,7,1.5
public_02,14,4,0,0.0,5,1.0
public_02,15,4,0,0.0,1,0.0
public_02,16,1,0,0.0,0,0
public_02,18,1,0,0.0,0,0
public_02,19,1,0,0.0,0,0
public_03,0,4,0,0.0,37,9.0
public_03,1,4,0,0.0,33,8.0
public_03,2,4,0,0.0,31,7.5
public_03,3,4,0,0.0,28,6.75
public_03,4,4,0,0.0,25,6.0
public_03,5,4,0,0.0,22,5.25
public_03,6,4,0,0.0,18,4.25
public_03,7,4,0,0.0,14,3.25
public_03,8,4,0,0.0,11,2.5
public_03,9,4,0,0.0,7,1.5
public_03,10,4,0,0.0,4,0.75
public_03,11,4,0,0.0,1,0.0
public_03,12,2,0,0.0,0,0
public_03,13,1,0,0.0,0,0
public_03,14,2,0,0.0,0,0
public_03,15,1,0,0.0,0,0
public_03,16,1,0,0.0,0,0
public_03,17,1,0,0.0,0,0
public_03,18,1,0,0.0,0,0
public_03,19,1,0,0.0,0,0
public_04,0,4,0,0.0,55,13.5
public_04,1,4,0,0.0,52,12.75
public_04,2,4,0,0.0,49,12.0
public_04,3,4,0,0.0,47,11.5
public_04,4,4,0,0.0,43,10.5
public_04,5,4,0,0.0,39,9.5
public_04,6,4,0,0.0,35,8.5
public_04,7,4,0,0.0,31,7.5
public_04,8,4,0,0.0,28,6.75
public_04,9,4,0,0.0,26,6.25
public_04,10,4,0,0.0,24,5.75
public_04,11,4,0,0.0,20,4.75
public_04,12,4,0,0.0,16,3.75
public_04,13,4,0,0.0,14,3.25
public_04,14,4,0,0.0,10,2.25
public_04,15,4,0,0.0,6,1.25
public_04,16,4,0,0.0,2,0.25
public_04,17,2,0,0.0,0,0
public_04,18,3,0,0.0,0,0
public_04,20,2,0,0.0,0,0
public_05,0,4,0,0.0,44,10.75
public_05,1,4,0,0.0,41,10.0
public_05,2,4,0,0.0,39,9.5
public_05,3,4,0,0.0,36,8.75
public_05,4,4,0,0.0,32,7.75
public_05,5,4,0,0.0,29,7.0
public_05,6,4,0,0.0,25,6.0
public_05,7,4,0,0.0,22,5.25
public_05,8,4,0,0.0,19,4.5
public_05,9,4,0,0.0,15,3.5
public_05,10,4,0,0.0,12,2.75
public_05,11,4,0,0.0,10,2.25
public_05,12,4,0,0.0,6,1.25
public_05,13,4,0,0.0,2,0.25
public_05,14,4,0,0.0,3,0.5
public_05,15,4,0,0.0,0,0
public_05,17,1,0,0.0,0,0
public_05,19,1,0,0.0,0,0
public_06,0,4,0,0.0,38,9.25
public_06,1,4,0,0.0,34,8.25
public_06,2,4,0,0.0,31,7.5
public_06,3,4,0,0.0,27,6.5
public_06,4,4,0,0.0,26,6.25
public_06,5,4,0,0.0,23,5.5
public_06,6,4,0,0.0,20,4.75
public_06,7,4,0,0.0,18,4.25
public_06,8,4,0,0.0,16,3.75
public_06,9,4,0,0.0,13,3.0
public_06,10,4,0,0.0,10,2.25
public_06,11,4,0,0.0,6,1.25
public_06,12,4,0,0.0,3,0.5
public_06,13,3,0,0.0,0,0
public_06,14,1,0,0.0,0,0
public_06,17,2,0,0.0,0,0
public_06,18,1,0,0.0,0,0
public_06,19,2,0,0.0,0,0
public_07,0,4,0,0.0,37,9.0
public_07,1,4,0,0.0,34,8.25
public_07,2,4,0,0.0,33,8.0
public_07,3,4,0,0.0,29,7.0
public_07,4,4,0,0.0,26,6.25
public_07,5,4,0,0.0,22,5.25
public_07,6,4,0,0.0,20,4.75
public_07,7,4,0,0.0,17,4.0
public_07,8,4,0,0.0,13,3.0
public_07,9,4,0,0.0,9,2.0
public_07,10,4,0,0.0,6,1.25
public_07,11,4,0,0.0,4,0.75
public_07,12,4,0,0.0,0,0
public_07,13,1,0,0.0,0,0
public_07,14,1,0,0.0,0,0
public_07,15,1,0,0.0,0,0
public_07,16,2,0,0.0,0,0
public_07,17,2,0,0.0,0,0
public_07,18,1,0,0.0,0,0
public_07,20,3,0,0.0,0,0
public_08,0,4,0,0.0,45,11.0
public_08,1,4,0,0.0,43,10.5
public_08,2,4,0,0.0,39,9.5
public_08,3,4,0,0.0,35,8.5
public_08,4,4,0,0.0,31,7.5
public_08,5,4,0,0.0,28,6.75
public_08,6,4,0,0.0,24,5.75
public_08,7,4,0,0.0,22,5.25
public_08,8,4,0,0.0,18,4.25
public_08,9,4,0,0.0,14,3.25
public_08,10,4,0,0.0,11,2.5
public_08,11,4,0,0.0,8,1.75
public_08,12,4,0,0.0,7,1.5
public_08,13,4,0,0.0,3,0.5
public_08,14,4,0,0.0,0,0
public_08,17,1,0,0.0,0,0
public_08,18,3,0,0.0,0,0
public_08,19,2,0,0.0,0,0
public_08,20,1,0,0.0,0,0
public_09,0,4,0,0.0,35,8.5
public_09,1,4,0,0.0,32,7.75
public_09,2,4,0,0.0,31,7.5
public_09,3,4,0,0.0,27,6.5
public_09,4,4,0,0.0,25,6.0
public_09,5,4,0,0.0,22,5.25
public_09,6,4,0,0.0,19,4.5
public_09,7,4,0,0.0,16,3.75
public_09,8,4,0,0.0,13,3.0
public_09,9,4,0,0.0,9,2.0
public_09,10,4,0,0.0,6,1.25
public_09,11,4,0,0.0,3,0.5
public_09,12,4,0,0.0,0,0
public_09,13,2,0,0.0,0,0
public_09,15,1,0,0.0,0,0
public_09,17,2,0,0.0,0,0
public_09,19,1,0,0.0,0,0
public_10,0,4,0,0.0,32,7.75
public_10,1,4,0,0.0,29,7.0
public_10,2,4,0,0.0,26,6.25
public_10,3,4,0,0.0,22,5.25
public_10,4,4,0,0.0,18,4.25
public_10,5,4,0,0.0,14,3.25
public_10,6,4,0,0.0,14,3.25
public_10,7,4,0,0.0,10,2.25
public_10,8,4,0,0.0,6,1.25
public_10,9,4,0,0.0,3,0.5
public_10,10,4,0,0.0,2,0.25
public_10,11,4,0,0.0,0,0
public_10,12,1,0,0.0,0,0
public_10,13,1,0,0.0,0,0
public_10,15,1,0,0.0,0,0
public_10,16,1,0,0.0,0,0
public_10,17,1,0,0.0,0,0
public_10,18,2,0,0.0,0,0
public_10,19,1,0,0.0,0,0
public_10,20,3,0,0.0,0,0
