Raw Field,Engineered Feature,Feature Type,Constraint Class,Handling of Unknown,Mathematical Definition,Used in Policy,Used in Evaluator,Strategic Purpose
"who_to_meet, gender",reciprocal_gender_compat,Binary / Categorical,HARD CONSTRAINT,"If unasked, returns UNKNOWN (needs_clarification); blocks matching until clarified. If declined, remains permanently blocked.",a.gender in b.who_to_meet AND b.gender in a.who_to_meet,Yes (Mandatory filter),Yes (Raises hard error if violated),Ensures reciprocal demographic orientation alignment.
"age_min, age_max, age",reciprocal_age_compat,Binary / Continuous Interval,HARD CONSTRAINT,Treated as UNKNOWN if unasked. Never imputed.,b.age_min <= a.age <= b.age_max AND a.age_min <= b.age <= a.age_max,Yes (Mandatory filter),Yes (Raises hard error if violated),Enforces mutual age preference bounds.
"acceptable_zones, zone",reciprocal_geography_compat,Set Membership,HARD CONSTRAINT,Treated as UNKNOWN if unasked. Blocks edge feasibility.,b.zone in a.acceptable_zones AND a.zone in b.acceptable_zones,Yes (Mandatory filter),Yes (Raises hard error if violated),Guarantees practical geographical feasibility for offline dates.
"smoking, partner_smoking",reciprocal_smoking_compat,Categorical Constraint,HARD CONSTRAINT,"Treated as UNKNOWN. If either partner is unasked, edge is marked NEEDS_CLARIFICATION.","NOT (a.partner_smoking=='no_smoking' and b.smoking in ['yes','occasionally']) AND reciprocal",Yes (Mandatory filter),Yes (Raises hard error if violated),Prevents severe lifestyle incompatibility.
"has_children, partner_children",reciprocal_children_compat,Categorical / Boolean Constraint,HARD CONSTRAINT,Treated as UNKNOWN. Blocks edge.,NOT (a.partner_children=='no_children' and b.has_children==True) AND reciprocal,Yes (Mandatory filter),Yes (Raises hard error if violated),Protects parental boundaries and family acceptance preferences.
wants_children,wants_children_alignment,Categorical Compatibility,HARD CONSTRAINT,"Treated as UNKNOWN if either is None. Mutually conflicting only if set is {'yes', 'no'}.","NOT ({a.wants_children, b.wants_children} == {'yes', 'no'})",Yes (Mandatory filter),Yes (Raises hard error if violated),Ensures future family planning non-contradiction.
relationship_structure,structure_compat,Categorical Equality,HARD CONSTRAINT,Treated as UNKNOWN if unasked.,a.relationship_structure == b.relationship_structure,Yes (Mandatory filter),Yes (Raises hard error if violated),Aligns monogamous vs non-monogamous commitments.
schedule,schedule_overlap_compat,Set Intersection,HARD CONSTRAINT,Treated as UNKNOWN if unasked.,len(set(a.schedule).intersection(set(b.schedule))) > 0,Yes (Mandatory filter),Yes (Raises hard error if violated),Verifies that both members have at least one shared availability window.
relationship_goal,goal_alignment,Soft Similarity (0/1),SOFT PREFERENCE,Does NOT block. Treated as neutral / Laplacian smoothed.,"1.0 if a.goal == b.goal else 0.0 (Latent weight: +0.70 first date, +0.40 MSMI)",Yes (Core ranking component),Latent ground-truth driver of mutual acceptance & MSMI,Decisive driver of first date acceptance and mutual second-meeting intention.
relationship_pace,pace_alignment,Soft Similarity (0/1),SOFT PREFERENCE,Does NOT block.,1.0 if a.pace == b.pace else 0.0 (Latent weight: +0.40 first date),Yes (Core ranking component),Latent ground-truth driver of mutual acceptance,Controls relationship escalation speed compatibility.
lifestyle,lifestyle_alignment,Soft Similarity (0/1),SOFT PREFERENCE,Does NOT block.,1.0 if a.lifestyle == b.lifestyle else 0.0 (Latent weight: +0.25 first date),Yes (Secondary ranking),Latent ground-truth driver of mutual acceptance,Measures day-to-day energy and free time alignment (quiet/mixed/social).
conversations,conversation_alignment,Soft Similarity (0/1),SOFT PREFERENCE,Does NOT block.,1.0 if a.conversations == b.conversations else 0.0 (Latent weight: +0.20 first date),Yes (Secondary ranking),Latent ground-truth driver of mutual acceptance,Measures conversational style preference (ideas/stories/practical/playful).
SOFT_FIELDS (7 fields),composite_soft_fit,"Continuous [0.0, 1.0]",COMPOSITE SOFT SCORE,Calculated over observed overlap only. Neutral 0.0 if no shared known fields.,sum(a[k] == b[k] for k in known_soft) / len(known_soft),Yes (Direct linear term in V2.2 scoring),Directly correlates with simulator acceptance probability,Normalized pairwise compatibility metric under partial observability.
Candidate graph degrees,degree_scarcity_bonus,Graph Centrality Heuristic,ALLOCATION HEURISTIC,Computed over current feasible graph.,(1 / (deg(a) + 1) + 1 / (deg(b) + 1)) * 0.10,Yes (Protects scarce members from being stranded),Improves overall pool coverage without sacrificing MSMI,Allocates candidates with single options first to maximize total coverage.
