member_id,observed_day,style,synthetic,num_messages,messages,transcript
syn_d75df7ee5c1faa9f52135cb13ccc38b7,30,authored_templates_not_real_transcripts,True,8,"[{""content"": ""What are you hoping to find?"", ""role"": ""assistant""}, {""content"": ""I am still working out what I want."", ""role"": ""user""}, {""content"": ""What pace feels comfortable?"", ""role"": ""assistant""}, {""content"": ""A steady pace suits me."", ""role"": ""user""}, {""content"": ""How do you tend to spend free time?"", ""role"": ""assistant""}, {""content"": ""I usually prefer a quiet evening."", ""role"": ""user""}, {""content"": ""What kinds of conversation do you enjoy?"", ""role"": ""assistant""}, {""content"": ""I enjoy working through practical questions."", ""role"": ""user""}]","[assistant]: What are you hoping to find?
[user]: I am still working out what I want.
[assistant]: What pace feels comfortable?
[user]: A steady pace suits me.
[assistant]: How do you tend to spend free time?
[user]: I usually prefer a quiet evening.
[assistant]: What kinds of conversation do you enjoy?
[user]: I enjoy working through practical questions."
syn_9780271663b2599273144f180e877968,30,authored_templates_not_real_transcripts,True,8,"[{""content"": ""What are you hoping to find?"", ""role"": ""assistant""}, {""content"": ""I am still working out what I want."", ""role"": ""user""}, {""content"": ""What pace feels comfortable?"", ""role"": ""assistant""}, {""content"": ""I prefer to get to know someone gradually."", ""role"": ""user""}, {""content"": ""How do you tend to spend free time?"", ""role"": ""assistant""}, {""content"": ""I like a mixture of quiet time and seeing people."", ""role"": ""user""}, {""content"": ""What kinds of conversation do you enjoy?"", ""role"": ""assistant""}, {""content"": ""I enjoy working through practical questions."", ""role"": ""user""}]","[assistant]: What are you hoping to find?
[user]: I am still working out what I want.
[assistant]: What pace feels comfortable?
[user]: I prefer to get to know someone gradually.
[assistant]: How do you tend to spend free time?
[user]: I like a mixture of quiet time and seeing people.
[assistant]: What kinds of conversation do you enjoy?
[user]: I enjoy working through practical questions."
syn_a739d0a9c49e0d3691316cb05117c32c,30,authored_templates_not_real_transcripts,True,8,"[{""content"": ""What are you hoping to find?"", ""role"": ""assistant""}, {""content"": ""I would like to build a lasting relationship."", ""role"": ""user""}, {""content"": ""What pace feels comfortable?"", ""role"": ""assistant""}, {""content"": ""I am comfortable meeting fairly soon."", ""role"": ""user""}, {""content"": ""How do you tend to spend free time?"", ""role"": ""assistant""}, {""content"": ""I usually prefer a quiet evening."", ""role"": ""user""}, {""content"": ""What kinds of conversation do you enjoy?"", ""role"": ""assistant""}, {""content"": ""I like a playful conversation."", ""role"": ""user""}]","[assistant]: What are you hoping to find?
[user]: I would like to build a lasting relationship.
[assistant]: What pace feels comfortable?
[user]: I am comfortable meeting fairly soon.
[assistant]: How do you tend to spend free time?
[user]: I usually prefer a quiet evening.
[assistant]: What kinds of conversation do you enjoy?
[user]: I like a playful conversation."
syn_9a6819069e54f8e26098a5a7064afa51,30,authored_templates_not_real_transcripts,True,8,"[{""content"": ""What are you hoping to find?"", ""role"": ""assistant""}, {""content"": ""I would like to build a lasting relationship."", ""role"": ""user""}, {""content"": ""What pace feels comfortable?"", ""role"": ""assistant""}, {""content"": ""I am comfortable meeting fairly soon."", ""role"": ""user""}, {""content"": ""How do you tend to spend free time?"", ""role"": ""assistant""}, {""content"": ""I like a mixture of quiet time and seeing people."", ""role"": ""user""}, {""content"": ""What kinds of conversation do you enjoy?"", ""role"": ""assistant""}, {""content"": ""I like a playful conversation."", ""role"": ""user""}]","[assistant]: What are you hoping to find?
[user]: I would like to build a lasting relationship.
[assistant]: What pace feels comfortable?
[user]: I am comfortable meeting fairly soon.
[assistant]: How do you tend to spend free time?
[user]: I like a mixture of quiet time and seeing people.
[assistant]: What kinds of conversation do you enjoy?
[user]: I like a playful conversation."
syn_d74b0dd4151173ffd1051b16080142f8,30,authored_templates_not_real_transcripts,True,8,"[{""content"": ""What are you hoping to find?"", ""role"": ""assistant""}, {""content"": ""I am still working out what I want."", ""role"": ""user""}, {""content"": ""What pace feels comfortable?"", ""role"": ""assistant""}, {""content"": ""A steady pace suits me."", ""role"": ""user""}, {""content"": ""How do you tend to spend free time?"", ""role"": ""assistant""}, {""content"": ""I enjoy having plans with people."", ""role"": ""user""}, {""content"": ""What kinds of conversation do you enjoy?"", ""role"": ""assistant""}, {""content"": ""I like hearing the stories behind things."", ""role"": ""user""}]","[assistant]: What are you hoping to find?
[user]: I am still working out what I want.
[assistant]: What pace feels comfortable?
[user]: A steady pace suits me.
[assistant]: How do you tend to spend free time?
[user]: I enjoy having plans with people.
[assistant]: What kinds of conversation do you enjoy?
[user]: I like hearing the stories behind things."
syn_4b24cce531aeb6bec399ad003eb5bf35,30,authored_templates_not_real_transcripts,True,8,"[{""content"": ""What are you hoping to find?"", ""role"": ""assistant""}, {""content"": ""I am still working out what I want."", ""role"": ""user""}, {""content"": ""What pace feels comfortable?"", ""role"": ""assistant""}, {""content"": ""I prefer to get to know someone gradually."", ""role"": ""user""}, {""content"": ""How do you tend to spend free time?"", ""role"": ""assistant""}, {""content"": ""I like a mixture of quiet time and seeing people."", ""role"": ""user""}, {""content"": ""What kinds of conversation do you enjoy?"", ""role"": ""assistant""}, {""content"": ""I like a playful conversation."", ""role"": ""user""}]","[assistant]: What are you hoping to find?
[user]: I am still working out what I want.
[assistant]: What pace feels comfortable?
[user]: I prefer to get to know someone gradually.
[assistant]: How do you tend to spend free time?
[user]: I like a mixture of quiet time and seeing people.
[assistant]: What kinds of conversation do you enjoy?
[user]: I like a playful conversation."
syn_a2f02a2600f647a9e2042b830b841fad,30,authored_templates_not_real_transcripts,True,8,"[{""content"": ""What are you hoping to find?"", ""role"": ""assistant""}, {""content"": ""I would like to build a lasting relationship."", ""role"": ""user""}, {""content"": ""What pace feels comfortable?"", ""role"": ""assistant""}, {""content"": ""I prefer to get to know someone gradually."", ""role"": ""user""}, {""content"": ""How do you tend to spend free time?"", ""role"": ""assistant""}, {""content"": ""I usually prefer a quiet evening."", ""role"": ""user""}, {""content"": ""What kinds of conversation do you enjoy?"", ""role"": ""assistant""}, {""content"": ""I like a playful conversation."", ""role"": ""user""}]","[assistant]: What are you hoping to find?
[user]: I would like to build a lasting relationship.
[assistant]: What pace feels comfortable?
[user]: I prefer to get to know someone gradually.
[assistant]: How do you tend to spend free time?
[user]: I usually prefer a quiet evening.
[assistant]: What kinds of conversation do you enjoy?
[user]: I like a playful conversation."
syn_6a872e5484f4fffe6c58c75890a3de35,30,authored_templates_not_real_transcripts,True,2,"[{""content"": ""What pace feels comfortable?"", ""role"": ""assistant""}, {""content"": ""I prefer to get to know someone gradually."", ""role"": ""user""}]","[assistant]: What pace feels comfortable?
[user]: I prefer to get to know someone gradually."
syn_4b57337d2f0c61d365d36a51553229ee,30,authored_templates_not_real_transcripts,True,8,"[{""content"": ""What are you hoping to find?"", ""role"": ""assistant""}, {""content"": ""I would like to build a lasting relationship."", ""role"": ""user""}, {""content"": ""What pace feels comfortable?"", ""role"": ""assistant""}, {""content"": ""I prefer to get to know someone gradually."", ""role"": ""user""}, {""content"": ""How do you tend to spend free time?"", ""role"": ""assistant""}, {""content"": ""I like a mixture of quiet time and seeing people."", ""role"": ""user""}, {""content"": ""What kinds of conversation do you enjoy?"", ""role"": ""assistant""}, {""content"": ""I like hearing the stories behind things."", ""role"": ""user""}]","[assistant]: What are you hoping to find?
[user]: I would like to build a lasting relationship.
[assistant]: What pace feels comfortable?
[user]: I prefer to get to know someone gradually.
[assistant]: How do you tend to spend free time?
[user]: I like a mixture of quiet time and seeing people.
[assistant]: What kinds of conversation do you enjoy?
[user]: I like hearing the stories behind things."
syn_59a88df1af7fb13a625b5e8ef85fdd57,30,authored_templates_not_real_transcripts,True,2,"[{""content"": ""What kinds of conversation do you enjoy?"", ""role"": ""assistant""}, {""content"": ""I like a playful conversation."", ""role"": ""user""}]","[assistant]: What kinds of conversation do you enjoy?
[user]: I like a playful conversation."
syn_e5cce1af94b8d389a93346ad7182ff82,30,authored_templates_not_real_transcripts,True,2,"[{""content"": ""What pace feels comfortable?"", ""role"": ""assistant""}, {""content"": ""A steady pace suits me."", ""role"": ""user""}]","[assistant]: What pace feels comfortable?
[user]: A steady pace suits me."
syn_b62a562d357dbffb36ec5681fb0509dd,30,authored_templates_not_real_transcripts,True,2,"[{""content"": ""What are you hoping to find?"", ""role"": ""assistant""}, {""content"": ""I am still working out what I want."", ""role"": ""user""}]","[assistant]: What are you hoping to find?
[user]: I am still working out what I want."
syn_c58e8eb0c882695da0ed7627b3275fe8,30,authored_templates_not_real_transcripts,True,8,"[{""content"": ""What are you hoping to find?"", ""role"": ""assistant""}, {""content"": ""I would like to build a lasting relationship."", ""role"": ""user""}, {""content"": ""What pace feels comfortable?"", ""role"": ""assistant""}, {""content"": ""I prefer to get to know someone gradually."", ""role"": ""user""}, {""content"": ""How do you tend to spend free time?"", ""role"": ""assistant""}, {""content"": ""I usually prefer a quiet evening."", ""role"": ""user""}, {""content"": ""What kinds of conversation do you enjoy?"", ""role"": ""assistant""}, {""content"": ""I enjoy working through practical questions."", ""role"": ""user""}]","[assistant]: What are you hoping to find?
[user]: I would like to build a lasting relationship.
[assistant]: What pace feels comfortable?
[user]: I prefer to get to know someone gradually.
[assistant]: How do you tend to spend free time?
[user]: I usually prefer a quiet evening.
[assistant]: What kinds of conversation do you enjoy?
[user]: I enjoy working through practical questions."
syn_0572ee6d58c36a05390e18b6fb365d13,30,authored_templates_not_real_transcripts,True,2,"[{""content"": ""What pace feels comfortable?"", ""role"": ""assistant""}, {""content"": ""A steady pace suits me."", ""role"": ""user""}]","[assistant]: What pace feels comfortable?
[user]: A steady pace suits me."
syn_bc5dc1bed9bd1944ab69f17c8c85e2cb,30,authored_templates_not_real_transcripts,True,8,"[{""content"": ""What are you hoping to find?"", ""role"": ""assistant""}, {""content"": ""I would like to build a lasting relationship."", ""role"": ""user""}, {""content"": ""What pace feels comfortable?"", ""role"": ""assistant""}, {""content"": ""A steady pace suits me."", ""role"": ""user""}, {""content"": ""How do you tend to spend free time?"", ""role"": ""assistant""}, {""content"": ""I enjoy having plans with people."", ""role"": ""user""}, {""content"": ""What kinds of conversation do you enjoy?"", ""role"": ""assistant""}, {""content"": ""I like hearing the stories behind things."", ""role"": ""user""}]","[assistant]: What are you hoping to find?
[user]: I would like to build a lasting relationship.
[assistant]: What pace feels comfortable?
[user]: A steady pace suits me.
[assistant]: How do you tend to spend free time?
[user]: I enjoy having plans with people.
[assistant]: What kinds of conversation do you enjoy?
[user]: I like hearing the stories behind things."
syn_123815248e2a76967ece217db6a1c911,30,authored_templates_not_real_transcripts,True,8,"[{""content"": ""What are you hoping to find?"", ""role"": ""assistant""}, {""content"": ""I would like to build a lasting relationship."", ""role"": ""user""}, {""content"": ""What pace feels comfortable?"", ""role"": ""assistant""}, {""content"": ""A steady pace suits me."", ""role"": ""user""}, {""content"": ""How do you tend to spend free time?"", ""role"": ""assistant""}, {""content"": ""I usually prefer a quiet evening."", ""role"": ""user""}, {""content"": ""What kinds of conversation do you enjoy?"", ""role"": ""assistant""}, {""content"": ""I like hearing the stories behind things."", ""role"": ""user""}]","[assistant]: What are you hoping to find?
[user]: I would like to build a lasting relationship.
[assistant]: What pace feels comfortable?
[user]: A steady pace suits me.
[assistant]: How do you tend to spend free time?
[user]: I usually prefer a quiet evening.
[assistant]: What kinds of conversation do you enjoy?
[user]: I like hearing the stories behind things."
syn_3d14ef2847c85348679e4fa514071b64,30,authored_templates_not_real_transcripts,True,8,"[{""content"": ""What are you hoping to find?"", ""role"": ""assistant""}, {""content"": ""I am still working out what I want."", ""role"": ""user""}, {""content"": ""What pace feels comfortable?"", ""role"": ""assistant""}, {""content"": ""I prefer to get to know someone gradually."", ""role"": ""user""}, {""content"": ""How do you tend to spend free time?"", ""role"": ""assistant""}, {""content"": ""I usually prefer a quiet evening."", ""role"": ""user""}, {""content"": ""What kinds of conversation do you enjoy?"", ""role"": ""assistant""}, {""content"": ""I like hearing the stories behind things."", ""role"": ""user""}]","[assistant]: What are you hoping to find?
[user]: I am still working out what I want.
[assistant]: What pace feels comfortable?
[user]: I prefer to get to know someone gradually.
[assistant]: How do you tend to spend free time?
[user]: I usually prefer a quiet evening.
[assistant]: What kinds of conversation do you enjoy?
[user]: I like hearing the stories behind things."
syn_2faf6bd80b4684e5be18bb52ff0255c2,30,authored_templates_not_real_transcripts,True,8,"[{""content"": ""What are you hoping to find?"", ""role"": ""assistant""}, {""content"": ""I am still working out what I want."", ""role"": ""user""}, {""content"": ""What pace feels comfortable?"", ""role"": ""assistant""}, {""content"": ""I prefer to get to know someone gradually."", ""role"": ""user""}, {""content"": ""How do you tend to spend free time?"", ""role"": ""assistant""}, {""content"": ""I like a mixture of quiet time and seeing people."", ""role"": ""user""}, {""content"": ""What kinds of conversation do you enjoy?"", ""role"": ""assistant""}, {""content"": ""I like hearing the stories behind things."", ""role"": ""user""}]","[assistant]: What are you hoping to find?
[user]: I am still working out what I want.
[assistant]: What pace feels comfortable?
[user]: I prefer to get to know someone gradually.
[assistant]: How do you tend to spend free time?
[user]: I like a mixture of quiet time and seeing people.
[assistant]: What kinds of conversation do you enjoy?
[user]: I like hearing the stories behind things."
syn_4ab039bc016a7f9170528808204c430f,30,authored_templates_not_real_transcripts,True,8,"[{""content"": ""What are you hoping to find?"", ""role"": ""assistant""}, {""content"": ""I am still working out what I want."", ""role"": ""user""}, {""content"": ""What pace feels comfortable?"", ""role"": ""assistant""}, {""content"": ""I prefer to get to know someone gradually."", ""role"": ""user""}, {""content"": ""How do you tend to spend free time?"", ""role"": ""assistant""}, {""content"": ""I enjoy having plans with people."", ""role"": ""user""}, {""content"": ""What kinds of conversation do you enjoy?"", ""role"": ""assistant""}, {""content"": ""I enjoy working through practical questions."", ""role"": ""user""}]","[assistant]: What are you hoping to find?
[user]: I am still working out what I want.
[assistant]: What pace feels comfortable?
[user]: I prefer to get to know someone gradually.
[assistant]: How do you tend to spend free time?
[user]: I enjoy having plans with people.
[assistant]: What kinds of conversation do you enjoy?
[user]: I enjoy working through practical questions."
syn_74e0a24f3a3b7f2fbfe2298b202d08bc,30,authored_templates_not_real_transcripts,True,8,"[{""content"": ""What are you hoping to find?"", ""role"": ""assistant""}, {""content"": ""I am still working out what I want."", ""role"": ""user""}, {""content"": ""What pace feels comfortable?"", ""role"": ""assistant""}, {""content"": ""A steady pace suits me."", ""role"": ""user""}, {""content"": ""How do you tend to spend free time?"", ""role"": ""assistant""}, {""content"": ""I like a mixture of quiet time and seeing people."", ""role"": ""user""}, {""content"": ""What kinds of conversation do you enjoy?"", ""role"": ""assistant""}, {""content"": ""I like a playful conversation."", ""role"": ""user""}]","[assistant]: What are you hoping to find?
[user]: I am still working out what I want.
[assistant]: What pace feels comfortable?
[user]: A steady pace suits me.
[assistant]: How do you tend to spend free time?
[user]: I like a mixture of quiet time and seeing people.
[assistant]: What kinds of conversation do you enjoy?
[user]: I like a playful conversation."
syn_8793b8ff68d13b5079930443ace5c1fa,30,authored_templates_not_real_transcripts,True,2,"[{""content"": ""What are you hoping to find?"", ""role"": ""assistant""}, {""content"": ""I would like to build a lasting relationship."", ""role"": ""user""}]","[assistant]: What are you hoping to find?
[user]: I would like to build a lasting relationship."
syn_1b0d4134d1050964a580a21b036a88d7,30,authored_templates_not_real_transcripts,True,8,"[{""content"": ""What are you hoping to find?"", ""role"": ""assistant""}, {""content"": ""I am still working out what I want."", ""role"": ""user""}, {""content"": ""What pace feels comfortable?"", ""role"": ""assistant""}, {""content"": ""I prefer to get to know someone gradually."", ""role"": ""user""}, {""content"": ""How do you tend to spend free time?"", ""role"": ""assistant""}, {""content"": ""I usually prefer a quiet evening."", ""role"": ""user""}, {""content"": ""What kinds of conversation do you enjoy?"", ""role"": ""assistant""}, {""content"": ""I enjoy talking about ideas."", ""role"": ""user""}]","[assistant]: What are you hoping to find?
[user]: I am still working out what I want.
[assistant]: What pace feels comfortable?
[user]: I prefer to get to know someone gradually.
[assistant]: How do you tend to spend free time?
[user]: I usually prefer a quiet evening.
[assistant]: What kinds of conversation do you enjoy?
[user]: I enjoy talking about ideas."
syn_df2351b216e9b989fdcdb980be123864,30,authored_templates_not_real_transcripts,True,4,"[{""content"": ""How do you tend to spend free time?"", ""role"": ""assistant""}, {""content"": ""I like a mixture of quiet time and seeing people."", ""role"": ""user""}, {""content"": ""What kinds of conversation do you enjoy?"", ""role"": ""assistant""}, {""content"": ""I like a playful conversation."", ""role"": ""user""}]","[assistant]: How do you tend to spend free time?
[user]: I like a mixture of quiet time and seeing people.
[assistant]: What kinds of conversation do you enjoy?
[user]: I like a playful conversation."
syn_7db0447bd7972126f3c340691a555852,30,authored_templates_not_real_transcripts,True,8,"[{""content"": ""What are you hoping to find?"", ""role"": ""assistant""}, {""content"": ""I would like to build a lasting relationship."", ""role"": ""user""}, {""content"": ""What pace feels comfortable?"", ""role"": ""assistant""}, {""content"": ""I prefer to get to know someone gradually."", ""role"": ""user""}, {""content"": ""How do you tend to spend free time?"", ""role"": ""assistant""}, {""content"": ""I enjoy having plans with people."", ""role"": ""user""}, {""content"": ""What kinds of conversation do you enjoy?"", ""role"": ""assistant""}, {""content"": ""I enjoy working through practical questions."", ""role"": ""user""}]","[assistant]: What are you hoping to find?
[user]: I would like to build a lasting relationship.
[assistant]: What pace feels comfortable?
[user]: I prefer to get to know someone gradually.
[assistant]: How do you tend to spend free time?
[user]: I enjoy having plans with people.
[assistant]: What kinds of conversation do you enjoy?
[user]: I enjoy working through practical questions."
syn_90213c190680922a29c711b54742d3e1,30,authored_templates_not_real_transcripts,True,8,"[{""content"": ""What are you hoping to find?"", ""role"": ""assistant""}, {""content"": ""I am still working out what I want."", ""role"": ""user""}, {""content"": ""What pace feels comfortable?"", ""role"": ""assistant""}, {""content"": ""I prefer to get to know someone gradually."", ""role"": ""user""}, {""content"": ""How do you tend to spend free time?"", ""role"": ""assistant""}, {""content"": ""I enjoy having plans with people."", ""role"": ""user""}, {""content"": ""What kinds of conversation do you enjoy?"", ""role"": ""assistant""}, {""content"": ""I enjoy talking about ideas."", ""role"": ""user""}]","[assistant]: What are you hoping to find?
[user]: I am still working out what I want.
[assistant]: What pace feels comfortable?
[user]: I prefer to get to know someone gradually.
[assistant]: How do you tend to spend free time?
[user]: I enjoy having plans with people.
[assistant]: What kinds of conversation do you enjoy?
[user]: I enjoy talking about ideas."
syn_ad946c4e2d51c4381a00d6a3a07c8f5c,30,authored_templates_not_real_transcripts,True,8,"[{""content"": ""What are you hoping to find?"", ""role"": ""assistant""}, {""content"": ""I am still working out what I want."", ""role"": ""user""}, {""content"": ""What pace feels comfortable?"", ""role"": ""assistant""}, {""content"": ""I am comfortable meeting fairly soon."", ""role"": ""user""}, {""content"": ""How do you tend to spend free time?"", ""role"": ""assistant""}, {""content"": ""I usually prefer a quiet evening."", ""role"": ""user""}, {""content"": ""What kinds of conversation do you enjoy?"", ""role"": ""assistant""}, {""content"": ""I like hearing the stories behind things."", ""role"": ""user""}]","[assistant]: What are you hoping to find?
[user]: I am still working out what I want.
[assistant]: What pace feels comfortable?
[user]: I am comfortable meeting fairly soon.
[assistant]: How do you tend to spend free time?
[user]: I usually prefer a quiet evening.
[assistant]: What kinds of conversation do you enjoy?
[user]: I like hearing the stories behind things."
syn_87eee99f19a766f188fe72ef10a2384c,30,authored_templates_not_real_transcripts,True,2,"[{""content"": ""What kinds of conversation do you enjoy?"", ""role"": ""assistant""}, {""content"": ""I like a playful conversation."", ""role"": ""user""}]","[assistant]: What kinds of conversation do you enjoy?
[user]: I like a playful conversation."
syn_a68f501e9c1069329ec78eaead07c015,30,authored_templates_not_real_transcripts,True,8,"[{""content"": ""What are you hoping to find?"", ""role"": ""assistant""}, {""content"": ""I would like to build a lasting relationship."", ""role"": ""user""}, {""content"": ""What pace feels comfortable?"", ""role"": ""assistant""}, {""content"": ""A steady pace suits me."", ""role"": ""user""}, {""content"": ""How do you tend to spend free time?"", ""role"": ""assistant""}, {""content"": ""I like a mixture of quiet time and seeing people."", ""role"": ""user""}, {""content"": ""What kinds of conversation do you enjoy?"", ""role"": ""assistant""}, {""content"": ""I enjoy talking about ideas."", ""role"": ""user""}]","[assistant]: What are you hoping to find?
[user]: I would like to build a lasting relationship.
[assistant]: What pace feels comfortable?
[user]: A steady pace suits me.
[assistant]: How do you tend to spend free time?
[user]: I like a mixture of quiet time and seeing people.
[assistant]: What kinds of conversation do you enjoy?
[user]: I enjoy talking about ideas."
syn_3ebeda0df1a2553d085d9f96dac06445,30,authored_templates_not_real_transcripts,True,8,"[{""content"": ""What are you hoping to find?"", ""role"": ""assistant""}, {""content"": ""I would like to build a lasting relationship."", ""role"": ""user""}, {""content"": ""What pace feels comfortable?"", ""role"": ""assistant""}, {""content"": ""I prefer to get to know someone gradually."", ""role"": ""user""}, {""content"": ""How do you tend to spend free time?"", ""role"": ""assistant""}, {""content"": ""I enjoy having plans with people."", ""role"": ""user""}, {""content"": ""What kinds of conversation do you enjoy?"", ""role"": ""assistant""}, {""content"": ""I enjoy working through practical questions."", ""role"": ""user""}]","[assistant]: What are you hoping to find?
[user]: I would like to build a lasting relationship.
[assistant]: What pace feels comfortable?
[user]: I prefer to get to know someone gradually.
[assistant]: How do you tend to spend free time?
[user]: I enjoy having plans with people.
[assistant]: What kinds of conversation do you enjoy?
[user]: I enjoy working through practical questions."
syn_ca3ae74486f269449eb584f474ff27e7,30,authored_templates_not_real_transcripts,True,8,"[{""content"": ""What are you hoping to find?"", ""role"": ""assistant""}, {""content"": ""I would like to build a lasting relationship."", ""role"": ""user""}, {""content"": ""What pace feels comfortable?"", ""role"": ""assistant""}, {""content"": ""A steady pace suits me."", ""role"": ""user""}, {""content"": ""How do you tend to spend free time?"", ""role"": ""assistant""}, {""content"": ""I usually prefer a quiet evening."", ""role"": ""user""}, {""content"": ""What kinds of conversation do you enjoy?"", ""role"": ""assistant""}, {""content"": ""I enjoy talking about ideas."", ""role"": ""user""}]","[assistant]: What are you hoping to find?
[user]: I would like to build a lasting relationship.
[assistant]: What pace feels comfortable?
[user]: A steady pace suits me.
[assistant]: How do you tend to spend free time?
[user]: I usually prefer a quiet evening.
[assistant]: What kinds of conversation do you enjoy?
[user]: I enjoy talking about ideas."
syn_83a10b886c37d4b67300884e3a838d70,30,authored_templates_not_real_transcripts,True,2,"[{""content"": ""What are you hoping to find?"", ""role"": ""assistant""}, {""content"": ""I am still working out what I want."", ""role"": ""user""}]","[assistant]: What are you hoping to find?
[user]: I am still working out what I want."
syn_2056609e060881f2404b3e6d30d72b1b,30,authored_templates_not_real_transcripts,True,8,"[{""content"": ""What are you hoping to find?"", ""role"": ""assistant""}, {""content"": ""I am still working out what I want."", ""role"": ""user""}, {""content"": ""What pace feels comfortable?"", ""role"": ""assistant""}, {""content"": ""A steady pace suits me."", ""role"": ""user""}, {""content"": ""How do you tend to spend free time?"", ""role"": ""assistant""}, {""content"": ""I usually prefer a quiet evening."", ""role"": ""user""}, {""content"": ""What kinds of conversation do you enjoy?"", ""role"": ""assistant""}, {""content"": ""I like a playful conversation."", ""role"": ""user""}]","[assistant]: What are you hoping to find?
[user]: I am still working out what I want.
[assistant]: What pace feels comfortable?
[user]: A steady pace suits me.
[assistant]: How do you tend to spend free time?
[user]: I usually prefer a quiet evening.
[assistant]: What kinds of conversation do you enjoy?
[user]: I like a playful conversation."
syn_88a2837332f6912a8c262589243c20e2,30,authored_templates_not_real_transcripts,True,8,"[{""content"": ""What are you hoping to find?"", ""role"": ""assistant""}, {""content"": ""I would like to build a lasting relationship."", ""role"": ""user""}, {""content"": ""What pace feels comfortable?"", ""role"": ""assistant""}, {""content"": ""I am comfortable meeting fairly soon."", ""role"": ""user""}, {""content"": ""How do you tend to spend free time?"", ""role"": ""assistant""}, {""content"": ""I enjoy having plans with people."", ""role"": ""user""}, {""content"": ""What kinds of conversation do you enjoy?"", ""role"": ""assistant""}, {""content"": ""I like a playful conversation."", ""role"": ""user""}]","[assistant]: What are you hoping to find?
[user]: I would like to build a lasting relationship.
[assistant]: What pace feels comfortable?
[user]: I am comfortable meeting fairly soon.
[assistant]: How do you tend to spend free time?
[user]: I enjoy having plans with people.
[assistant]: What kinds of conversation do you enjoy?
[user]: I like a playful conversation."
syn_231cd68a43c8a600556433e677ead788,30,authored_templates_not_real_transcripts,True,4,"[{""content"": ""What pace feels comfortable?"", ""role"": ""assistant""}, {""content"": ""I prefer to get to know someone gradually."", ""role"": ""user""}, {""content"": ""How do you tend to spend free time?"", ""role"": ""assistant""}, {""content"": ""I enjoy having plans with people."", ""role"": ""user""}]","[assistant]: What pace feels comfortable?
[user]: I prefer to get to know someone gradually.
[assistant]: How do you tend to spend free time?
[user]: I enjoy having plans with people."
syn_13516bb80dd39f3ce4ef943eca9d421e,30,authored_templates_not_real_transcripts,True,8,"[{""content"": ""What are you hoping to find?"", ""role"": ""assistant""}, {""content"": ""I would like to build a lasting relationship."", ""role"": ""user""}, {""content"": ""What pace feels comfortable?"", ""role"": ""assistant""}, {""content"": ""A steady pace suits me."", ""role"": ""user""}, {""content"": ""How do you tend to spend free time?"", ""role"": ""assistant""}, {""content"": ""I usually prefer a quiet evening."", ""role"": ""user""}, {""content"": ""What kinds of conversation do you enjoy?"", ""role"": ""assistant""}, {""content"": ""I enjoy talking about ideas."", ""role"": ""user""}]","[assistant]: What are you hoping to find?
[user]: I would like to build a lasting relationship.
[assistant]: What pace feels comfortable?
[user]: A steady pace suits me.
[assistant]: How do you tend to spend free time?
[user]: I usually prefer a quiet evening.
[assistant]: What kinds of conversation do you enjoy?
[user]: I enjoy talking about ideas."
syn_c317705f90a517571b63aec42fee59d2,30,authored_templates_not_real_transcripts,True,8,"[{""content"": ""What are you hoping to find?"", ""role"": ""assistant""}, {""content"": ""I am still working out what I want."", ""role"": ""user""}, {""content"": ""What pace feels comfortable?"", ""role"": ""assistant""}, {""content"": ""I prefer to get to know someone gradually."", ""role"": ""user""}, {""content"": ""How do you tend to spend free time?"", ""role"": ""assistant""}, {""content"": ""I like a mixture of quiet time and seeing people."", ""role"": ""user""}, {""content"": ""What kinds of conversation do you enjoy?"", ""role"": ""assistant""}, {""content"": ""I like hearing the stories behind things."", ""role"": ""user""}]","[assistant]: What are you hoping to find?
[user]: I am still working out what I want.
[assistant]: What pace feels comfortable?
[user]: I prefer to get to know someone gradually.
[assistant]: How do you tend to spend free time?
[user]: I like a mixture of quiet time and seeing people.
[assistant]: What kinds of conversation do you enjoy?
[user]: I like hearing the stories behind things."
syn_74655d9a89e1bc132109f53eefcfff70,30,authored_templates_not_real_transcripts,True,4,"[{""content"": ""What are you hoping to find?"", ""role"": ""assistant""}, {""content"": ""I would like to build a lasting relationship."", ""role"": ""user""}, {""content"": ""How do you tend to spend free time?"", ""role"": ""assistant""}, {""content"": ""I usually prefer a quiet evening."", ""role"": ""user""}]","[assistant]: What are you hoping to find?
[user]: I would like to build a lasting relationship.
[assistant]: How do you tend to spend free time?
[user]: I usually prefer a quiet evening."
syn_4f59c929a394a8f79a1a9c3051421c77,30,authored_templates_not_real_transcripts,True,2,"[{""content"": ""How do you tend to spend free time?"", ""role"": ""assistant""}, {""content"": ""I usually prefer a quiet evening."", ""role"": ""user""}]","[assistant]: How do you tend to spend free time?
[user]: I usually prefer a quiet evening."
syn_32297fb064c264489c9e4039876f24ba,30,authored_templates_not_real_transcripts,True,2,"[{""content"": ""What are you hoping to find?"", ""role"": ""assistant""}, {""content"": ""I am still working out what I want."", ""role"": ""user""}]","[assistant]: What are you hoping to find?
[user]: I am still working out what I want."
syn_453566d4cacb67aa483140013fe5fbdf,30,authored_templates_not_real_transcripts,True,8,"[{""content"": ""What are you hoping to find?"", ""role"": ""assistant""}, {""content"": ""I am still working out what I want."", ""role"": ""user""}, {""content"": ""What pace feels comfortable?"", ""role"": ""assistant""}, {""content"": ""A steady pace suits me."", ""role"": ""user""}, {""content"": ""How do you tend to spend free time?"", ""role"": ""assistant""}, {""content"": ""I like a mixture of quiet time and seeing people."", ""role"": ""user""}, {""content"": ""What kinds of conversation do you enjoy?"", ""role"": ""assistant""}, {""content"": ""I enjoy working through practical questions."", ""role"": ""user""}]","[assistant]: What are you hoping to find?
[user]: I am still working out what I want.
[assistant]: What pace feels comfortable?
[user]: A steady pace suits me.
[assistant]: How do you tend to spend free time?
[user]: I like a mixture of quiet time and seeing people.
[assistant]: What kinds of conversation do you enjoy?
[user]: I enjoy working through practical questions."
syn_964b47ce9e65d08b24ac9115da831a47,30,authored_templates_not_real_transcripts,True,8,"[{""content"": ""What are you hoping to find?"", ""role"": ""assistant""}, {""content"": ""I am still working out what I want."", ""role"": ""user""}, {""content"": ""What pace feels comfortable?"", ""role"": ""assistant""}, {""content"": ""I am comfortable meeting fairly soon."", ""role"": ""user""}, {""content"": ""How do you tend to spend free time?"", ""role"": ""assistant""}, {""content"": ""I enjoy having plans with people."", ""role"": ""user""}, {""content"": ""What kinds of conversation do you enjoy?"", ""role"": ""assistant""}, {""content"": ""I enjoy talking about ideas."", ""role"": ""user""}]","[assistant]: What are you hoping to find?
[user]: I am still working out what I want.
[assistant]: What pace feels comfortable?
[user]: I am comfortable meeting fairly soon.
[assistant]: How do you tend to spend free time?
[user]: I enjoy having plans with people.
[assistant]: What kinds of conversation do you enjoy?
[user]: I enjoy talking about ideas."
syn_0f8c602e06af6c647dedd4d5cc2def16,30,authored_templates_not_real_transcripts,True,8,"[{""content"": ""What are you hoping to find?"", ""role"": ""assistant""}, {""content"": ""I am still working out what I want."", ""role"": ""user""}, {""content"": ""What pace feels comfortable?"", ""role"": ""assistant""}, {""content"": ""I am comfortable meeting fairly soon."", ""role"": ""user""}, {""content"": ""How do you tend to spend free time?"", ""role"": ""assistant""}, {""content"": ""I enjoy having plans with people."", ""role"": ""user""}, {""content"": ""What kinds of conversation do you enjoy?"", ""role"": ""assistant""}, {""content"": ""I enjoy talking about ideas."", ""role"": ""user""}]","[assistant]: What are you hoping to find?
[user]: I am still working out what I want.
[assistant]: What pace feels comfortable?
[user]: I am comfortable meeting fairly soon.
[assistant]: How do you tend to spend free time?
[user]: I enjoy having plans with people.
[assistant]: What kinds of conversation do you enjoy?
[user]: I enjoy talking about ideas."
syn_576b0b21e0dbd7a6bfdf295c4ff7fad8,30,authored_templates_not_real_transcripts,True,2,"[{""content"": ""How do you tend to spend free time?"", ""role"": ""assistant""}, {""content"": ""I enjoy having plans with people."", ""role"": ""user""}]","[assistant]: How do you tend to spend free time?
[user]: I enjoy having plans with people."
syn_cb551d4f45bda03e995e82defa207630,30,authored_templates_not_real_transcripts,True,8,"[{""content"": ""What are you hoping to find?"", ""role"": ""assistant""}, {""content"": ""I am still working out what I want."", ""role"": ""user""}, {""content"": ""What pace feels comfortable?"", ""role"": ""assistant""}, {""content"": ""I am comfortable meeting fairly soon."", ""role"": ""user""}, {""content"": ""How do you tend to spend free time?"", ""role"": ""assistant""}, {""content"": ""I enjoy having plans with people."", ""role"": ""user""}, {""content"": ""What kinds of conversation do you enjoy?"", ""role"": ""assistant""}, {""content"": ""I like hearing the stories behind things."", ""role"": ""user""}]","[assistant]: What are you hoping to find?
[user]: I am still working out what I want.
[assistant]: What pace feels comfortable?
[user]: I am comfortable meeting fairly soon.
[assistant]: How do you tend to spend free time?
[user]: I enjoy having plans with people.
[assistant]: What kinds of conversation do you enjoy?
[user]: I like hearing the stories behind things."
syn_9e3068d8d35b9eefda160e3de29ef47f,30,authored_templates_not_real_transcripts,True,8,"[{""content"": ""What are you hoping to find?"", ""role"": ""assistant""}, {""content"": ""I am still working out what I want."", ""role"": ""user""}, {""content"": ""What pace feels comfortable?"", ""role"": ""assistant""}, {""content"": ""I prefer to get to know someone gradually."", ""role"": ""user""}, {""content"": ""How do you tend to spend free time?"", ""role"": ""assistant""}, {""content"": ""I enjoy having plans with people."", ""role"": ""user""}, {""content"": ""What kinds of conversation do you enjoy?"", ""role"": ""assistant""}, {""content"": ""I like a playful conversation."", ""role"": ""user""}]","[assistant]: What are you hoping to find?
[user]: I am still working out what I want.
[assistant]: What pace feels comfortable?
[user]: I prefer to get to know someone gradually.
[assistant]: How do you tend to spend free time?
[user]: I enjoy having plans with people.
[assistant]: What kinds of conversation do you enjoy?
[user]: I like a playful conversation."
syn_528915a798e73da7402ac8df8dfa38b2,30,authored_templates_not_real_transcripts,True,8,"[{""content"": ""What are you hoping to find?"", ""role"": ""assistant""}, {""content"": ""I am still working out what I want."", ""role"": ""user""}, {""content"": ""What pace feels comfortable?"", ""role"": ""assistant""}, {""content"": ""I prefer to get to know someone gradually."", ""role"": ""user""}, {""content"": ""How do you tend to spend free time?"", ""role"": ""assistant""}, {""content"": ""I enjoy having plans with people."", ""role"": ""user""}, {""content"": ""What kinds of conversation do you enjoy?"", ""role"": ""assistant""}, {""content"": ""I enjoy working through practical questions."", ""role"": ""user""}]","[assistant]: What are you hoping to find?
[user]: I am still working out what I want.
[assistant]: What pace feels comfortable?
[user]: I prefer to get to know someone gradually.
[assistant]: How do you tend to spend free time?
[user]: I enjoy having plans with people.
[assistant]: What kinds of conversation do you enjoy?
[user]: I enjoy working through practical questions."
syn_1653cc8b5bd51e5da9b32ad68410ff2a,30,authored_templates_not_real_transcripts,True,8,"[{""content"": ""What are you hoping to find?"", ""role"": ""assistant""}, {""content"": ""I would like to build a lasting relationship."", ""role"": ""user""}, {""content"": ""What pace feels comfortable?"", ""role"": ""assistant""}, {""content"": ""I am comfortable meeting fairly soon."", ""role"": ""user""}, {""content"": ""How do you tend to spend free time?"", ""role"": ""assistant""}, {""content"": ""I usually prefer a quiet evening."", ""role"": ""user""}, {""content"": ""What kinds of conversation do you enjoy?"", ""role"": ""assistant""}, {""content"": ""I enjoy talking about ideas."", ""role"": ""user""}]","[assistant]: What are you hoping to find?
[user]: I would like to build a lasting relationship.
[assistant]: What pace feels comfortable?
[user]: I am comfortable meeting fairly soon.
[assistant]: How do you tend to spend free time?
[user]: I usually prefer a quiet evening.
[assistant]: What kinds of conversation do you enjoy?
[user]: I enjoy talking about ideas."
syn_86a700b706a3f9d202eeee624e20ac53,30,authored_templates_not_real_transcripts,True,4,"[{""content"": ""What pace feels comfortable?"", ""role"": ""assistant""}, {""content"": ""I prefer to get to know someone gradually."", ""role"": ""user""}, {""content"": ""What kinds of conversation do you enjoy?"", ""role"": ""assistant""}, {""content"": ""I like a playful conversation."", ""role"": ""user""}]","[assistant]: What pace feels comfortable?
[user]: I prefer to get to know someone gradually.
[assistant]: What kinds of conversation do you enjoy?
[user]: I like a playful conversation."
syn_b4409bb8867ef48b4cd95b298a3702ee,30,authored_templates_not_real_transcripts,True,2,"[{""content"": ""What kinds of conversation do you enjoy?"", ""role"": ""assistant""}, {""content"": ""I like a playful conversation."", ""role"": ""user""}]","[assistant]: What kinds of conversation do you enjoy?
[user]: I like a playful conversation."
syn_50977ee1f1ce864458c2e060a47afe43,30,authored_templates_not_real_transcripts,True,4,"[{""content"": ""What are you hoping to find?"", ""role"": ""assistant""}, {""content"": ""I am still working out what I want."", ""role"": ""user""}, {""content"": ""How do you tend to spend free time?"", ""role"": ""assistant""}, {""content"": ""I usually prefer a quiet evening."", ""role"": ""user""}]","[assistant]: What are you hoping to find?
[user]: I am still working out what I want.
[assistant]: How do you tend to spend free time?
[user]: I usually prefer a quiet evening."
syn_0e0161ed6b7c02e3c1a86b832fa1f75f,30,authored_templates_not_real_transcripts,True,8,"[{""content"": ""What are you hoping to find?"", ""role"": ""assistant""}, {""content"": ""I would like to build a lasting relationship."", ""role"": ""user""}, {""content"": ""What pace feels comfortable?"", ""role"": ""assistant""}, {""content"": ""I prefer to get to know someone gradually."", ""role"": ""user""}, {""content"": ""How do you tend to spend free time?"", ""role"": ""assistant""}, {""content"": ""I usually prefer a quiet evening."", ""role"": ""user""}, {""content"": ""What kinds of conversation do you enjoy?"", ""role"": ""assistant""}, {""content"": ""I enjoy talking about ideas."", ""role"": ""user""}]","[assistant]: What are you hoping to find?
[user]: I would like to build a lasting relationship.
[assistant]: What pace feels comfortable?
[user]: I prefer to get to know someone gradually.
[assistant]: How do you tend to spend free time?
[user]: I usually prefer a quiet evening.
[assistant]: What kinds of conversation do you enjoy?
[user]: I enjoy talking about ideas."
syn_87dc96eea77ef4cd008961b3b22bbad3,30,authored_templates_not_real_transcripts,True,8,"[{""content"": ""What are you hoping to find?"", ""role"": ""assistant""}, {""content"": ""I would like to build a lasting relationship."", ""role"": ""user""}, {""content"": ""What pace feels comfortable?"", ""role"": ""assistant""}, {""content"": ""I am comfortable meeting fairly soon."", ""role"": ""user""}, {""content"": ""How do you tend to spend free time?"", ""role"": ""assistant""}, {""content"": ""I like a mixture of quiet time and seeing people."", ""role"": ""user""}, {""content"": ""What kinds of conversation do you enjoy?"", ""role"": ""assistant""}, {""content"": ""I enjoy working through practical questions."", ""role"": ""user""}]","[assistant]: What are you hoping to find?
[user]: I would like to build a lasting relationship.
[assistant]: What pace feels comfortable?
[user]: I am comfortable meeting fairly soon.
[assistant]: How do you tend to spend free time?
[user]: I like a mixture of quiet time and seeing people.
[assistant]: What kinds of conversation do you enjoy?
[user]: I enjoy working through practical questions."
syn_a6e1e3157ea05a77655d69145cb9340c,30,authored_templates_not_real_transcripts,True,8,"[{""content"": ""What are you hoping to find?"", ""role"": ""assistant""}, {""content"": ""I would like to build a lasting relationship."", ""role"": ""user""}, {""content"": ""What pace feels comfortable?"", ""role"": ""assistant""}, {""content"": ""A steady pace suits me."", ""role"": ""user""}, {""content"": ""How do you tend to spend free time?"", ""role"": ""assistant""}, {""content"": ""I like a mixture of quiet time and seeing people."", ""role"": ""user""}, {""content"": ""What kinds of conversation do you enjoy?"", ""role"": ""assistant""}, {""content"": ""I enjoy working through practical questions."", ""role"": ""user""}]","[assistant]: What are you hoping to find?
[user]: I would like to build a lasting relationship.
[assistant]: What pace feels comfortable?
[user]: A steady pace suits me.
[assistant]: How do you tend to spend free time?
[user]: I like a mixture of quiet time and seeing people.
[assistant]: What kinds of conversation do you enjoy?
[user]: I enjoy working through practical questions."
syn_6edbeb8274e40517866227d17ad53adf,30,authored_templates_not_real_transcripts,True,8,"[{""content"": ""What are you hoping to find?"", ""role"": ""assistant""}, {""content"": ""I would like to build a lasting relationship."", ""role"": ""user""}, {""content"": ""What pace feels comfortable?"", ""role"": ""assistant""}, {""content"": ""I prefer to get to know someone gradually."", ""role"": ""user""}, {""content"": ""How do you tend to spend free time?"", ""role"": ""assistant""}, {""content"": ""I enjoy having plans with people."", ""role"": ""user""}, {""content"": ""What kinds of conversation do you enjoy?"", ""role"": ""assistant""}, {""content"": ""I like hearing the stories behind things."", ""role"": ""user""}]","[assistant]: What are you hoping to find?
[user]: I would like to build a lasting relationship.
[assistant]: What pace feels comfortable?
[user]: I prefer to get to know someone gradually.
[assistant]: How do you tend to spend free time?
[user]: I enjoy having plans with people.
[assistant]: What kinds of conversation do you enjoy?
[user]: I like hearing the stories behind things."
syn_f93c4bbf56ae5e59cfc19cdc2715a8db,30,authored_templates_not_real_transcripts,True,2,"[{""content"": ""What pace feels comfortable?"", ""role"": ""assistant""}, {""content"": ""A steady pace suits me."", ""role"": ""user""}]","[assistant]: What pace feels comfortable?
[user]: A steady pace suits me."
syn_6480a0fceabbc01cedfeea0cf2554ebe,30,authored_templates_not_real_transcripts,True,2,"[{""content"": ""What kinds of conversation do you enjoy?"", ""role"": ""assistant""}, {""content"": ""I enjoy talking about ideas."", ""role"": ""user""}]","[assistant]: What kinds of conversation do you enjoy?
[user]: I enjoy talking about ideas."
syn_ac94b01560b8fee544ead02809b6aa68,30,authored_templates_not_real_transcripts,True,2,"[{""content"": ""What kinds of conversation do you enjoy?"", ""role"": ""assistant""}, {""content"": ""I enjoy talking about ideas."", ""role"": ""user""}]","[assistant]: What kinds of conversation do you enjoy?
[user]: I enjoy talking about ideas."
syn_0645957284c487c64ad77f70f4198680,30,authored_templates_not_real_transcripts,True,4,"[{""content"": ""What are you hoping to find?"", ""role"": ""assistant""}, {""content"": ""I am still working out what I want."", ""role"": ""user""}, {""content"": ""What pace feels comfortable?"", ""role"": ""assistant""}, {""content"": ""A steady pace suits me."", ""role"": ""user""}]","[assistant]: What are you hoping to find?
[user]: I am still working out what I want.
[assistant]: What pace feels comfortable?
[user]: A steady pace suits me."
syn_9a7118f62aaf550fca7670c8025e4c9d,30,authored_templates_not_real_transcripts,True,2,"[{""content"": ""What are you hoping to find?"", ""role"": ""assistant""}, {""content"": ""I would like to build a lasting relationship."", ""role"": ""user""}]","[assistant]: What are you hoping to find?
[user]: I would like to build a lasting relationship."
syn_7f5935d0a622ad5f4ec68c20515f6fbb,30,authored_templates_not_real_transcripts,True,8,"[{""content"": ""What are you hoping to find?"", ""role"": ""assistant""}, {""content"": ""I would like to build a lasting relationship."", ""role"": ""user""}, {""content"": ""What pace feels comfortable?"", ""role"": ""assistant""}, {""content"": ""A steady pace suits me."", ""role"": ""user""}, {""content"": ""How do you tend to spend free time?"", ""role"": ""assistant""}, {""content"": ""I enjoy having plans with people."", ""role"": ""user""}, {""content"": ""What kinds of conversation do you enjoy?"", ""role"": ""assistant""}, {""content"": ""I enjoy working through practical questions."", ""role"": ""user""}]","[assistant]: What are you hoping to find?
[user]: I would like to build a lasting relationship.
[assistant]: What pace feels comfortable?
[user]: A steady pace suits me.
[assistant]: How do you tend to spend free time?
[user]: I enjoy having plans with people.
[assistant]: What kinds of conversation do you enjoy?
[user]: I enjoy working through practical questions."
syn_e7e4553b5d1a0778f4c39c851ae14856,30,authored_templates_not_real_transcripts,True,2,"[{""content"": ""How do you tend to spend free time?"", ""role"": ""assistant""}, {""content"": ""I like a mixture of quiet time and seeing people."", ""role"": ""user""}]","[assistant]: How do you tend to spend free time?
[user]: I like a mixture of quiet time and seeing people."
syn_fdb186b6125612dc970f9f3da32cfe27,30,authored_templates_not_real_transcripts,True,2,"[{""content"": ""How do you tend to spend free time?"", ""role"": ""assistant""}, {""content"": ""I like a mixture of quiet time and seeing people."", ""role"": ""user""}]","[assistant]: How do you tend to spend free time?
[user]: I like a mixture of quiet time and seeing people."
syn_0e299c0b1cd3d2fde5be3501bfce4321,30,authored_templates_not_real_transcripts,True,8,"[{""content"": ""What are you hoping to find?"", ""role"": ""assistant""}, {""content"": ""I am still working out what I want."", ""role"": ""user""}, {""content"": ""What pace feels comfortable?"", ""role"": ""assistant""}, {""content"": ""A steady pace suits me."", ""role"": ""user""}, {""content"": ""How do you tend to spend free time?"", ""role"": ""assistant""}, {""content"": ""I enjoy having plans with people."", ""role"": ""user""}, {""content"": ""What kinds of conversation do you enjoy?"", ""role"": ""assistant""}, {""content"": ""I enjoy talking about ideas."", ""role"": ""user""}]","[assistant]: What are you hoping to find?
[user]: I am still working out what I want.
[assistant]: What pace feels comfortable?
[user]: A steady pace suits me.
[assistant]: How do you tend to spend free time?
[user]: I enjoy having plans with people.
[assistant]: What kinds of conversation do you enjoy?
[user]: I enjoy talking about ideas."
syn_72b3af26e5db61db148e65bd4159cc16,30,authored_templates_not_real_transcripts,True,8,"[{""content"": ""What are you hoping to find?"", ""role"": ""assistant""}, {""content"": ""I would like to build a lasting relationship."", ""role"": ""user""}, {""content"": ""What pace feels comfortable?"", ""role"": ""assistant""}, {""content"": ""A steady pace suits me."", ""role"": ""user""}, {""content"": ""How do you tend to spend free time?"", ""role"": ""assistant""}, {""content"": ""I like a mixture of quiet time and seeing people."", ""role"": ""user""}, {""content"": ""What kinds of conversation do you enjoy?"", ""role"": ""assistant""}, {""content"": ""I like hearing the stories behind things."", ""role"": ""user""}]","[assistant]: What are you hoping to find?
[user]: I would like to build a lasting relationship.
[assistant]: What pace feels comfortable?
[user]: A steady pace suits me.
[assistant]: How do you tend to spend free time?
[user]: I like a mixture of quiet time and seeing people.
[assistant]: What kinds of conversation do you enjoy?
[user]: I like hearing the stories behind things."
syn_54f13e7b39ff701788052395682c5066,30,authored_templates_not_real_transcripts,True,2,"[{""content"": ""How do you tend to spend free time?"", ""role"": ""assistant""}, {""content"": ""I enjoy having plans with people."", ""role"": ""user""}]","[assistant]: How do you tend to spend free time?
[user]: I enjoy having plans with people."
syn_8a5ab5e24cf1da571d7fc224290b5d55,30,authored_templates_not_real_transcripts,True,2,"[{""content"": ""How do you tend to spend free time?"", ""role"": ""assistant""}, {""content"": ""I usually prefer a quiet evening."", ""role"": ""user""}]","[assistant]: How do you tend to spend free time?
[user]: I usually prefer a quiet evening."
syn_46647c2c6bb5c3c5381ff1063541e7bc,30,authored_templates_not_real_transcripts,True,2,"[{""content"": ""What kinds of conversation do you enjoy?"", ""role"": ""assistant""}, {""content"": ""I like a playful conversation."", ""role"": ""user""}]","[assistant]: What kinds of conversation do you enjoy?
[user]: I like a playful conversation."
syn_2651c1cf3930d6ccd1f4d17ed92ebb9f,30,authored_templates_not_real_transcripts,True,8,"[{""content"": ""What are you hoping to find?"", ""role"": ""assistant""}, {""content"": ""I am still working out what I want."", ""role"": ""user""}, {""content"": ""What pace feels comfortable?"", ""role"": ""assistant""}, {""content"": ""A steady pace suits me."", ""role"": ""user""}, {""content"": ""How do you tend to spend free time?"", ""role"": ""assistant""}, {""content"": ""I usually prefer a quiet evening."", ""role"": ""user""}, {""content"": ""What kinds of conversation do you enjoy?"", ""role"": ""assistant""}, {""content"": ""I enjoy talking about ideas."", ""role"": ""user""}]","[assistant]: What are you hoping to find?
[user]: I am still working out what I want.
[assistant]: What pace feels comfortable?
[user]: A steady pace suits me.
[assistant]: How do you tend to spend free time?
[user]: I usually prefer a quiet evening.
[assistant]: What kinds of conversation do you enjoy?
[user]: I enjoy talking about ideas."
syn_28ae0f5a99431e9f34ff74eff6472675,30,authored_templates_not_real_transcripts,True,8,"[{""content"": ""What are you hoping to find?"", ""role"": ""assistant""}, {""content"": ""I would like to build a lasting relationship."", ""role"": ""user""}, {""content"": ""What pace feels comfortable?"", ""role"": ""assistant""}, {""content"": ""A steady pace suits me."", ""role"": ""user""}, {""content"": ""How do you tend to spend free time?"", ""role"": ""assistant""}, {""content"": ""I like a mixture of quiet time and seeing people."", ""role"": ""user""}, {""content"": ""What kinds of conversation do you enjoy?"", ""role"": ""assistant""}, {""content"": ""I enjoy talking about ideas."", ""role"": ""user""}]","[assistant]: What are you hoping to find?
[user]: I would like to build a lasting relationship.
[assistant]: What pace feels comfortable?
[user]: A steady pace suits me.
[assistant]: How do you tend to spend free time?
[user]: I like a mixture of quiet time and seeing people.
[assistant]: What kinds of conversation do you enjoy?
[user]: I enjoy talking about ideas."
syn_47dc784f1a5ba0282f3ed0e8afa4fdb5,30,authored_templates_not_real_transcripts,True,2,"[{""content"": ""How do you tend to spend free time?"", ""role"": ""assistant""}, {""content"": ""I like a mixture of quiet time and seeing people."", ""role"": ""user""}]","[assistant]: How do you tend to spend free time?
[user]: I like a mixture of quiet time and seeing people."
syn_aba9f3001eba6567ae2b3690240087c3,30,authored_templates_not_real_transcripts,True,8,"[{""content"": ""What are you hoping to find?"", ""role"": ""assistant""}, {""content"": ""I am still working out what I want."", ""role"": ""user""}, {""content"": ""What pace feels comfortable?"", ""role"": ""assistant""}, {""content"": ""A steady pace suits me."", ""role"": ""user""}, {""content"": ""How do you tend to spend free time?"", ""role"": ""assistant""}, {""content"": ""I like a mixture of quiet time and seeing people."", ""role"": ""user""}, {""content"": ""What kinds of conversation do you enjoy?"", ""role"": ""assistant""}, {""content"": ""I like a playful conversation."", ""role"": ""user""}]","[assistant]: What are you hoping to find?
[user]: I am still working out what I want.
[assistant]: What pace feels comfortable?
[user]: A steady pace suits me.
[assistant]: How do you tend to spend free time?
[user]: I like a mixture of quiet time and seeing people.
[assistant]: What kinds of conversation do you enjoy?
[user]: I like a playful conversation."
syn_514d26a6c970dbaed9dfb5971b92fd98,30,authored_templates_not_real_transcripts,True,8,"[{""content"": ""What are you hoping to find?"", ""role"": ""assistant""}, {""content"": ""I am still working out what I want."", ""role"": ""user""}, {""content"": ""What pace feels comfortable?"", ""role"": ""assistant""}, {""content"": ""I prefer to get to know someone gradually."", ""role"": ""user""}, {""content"": ""How do you tend to spend free time?"", ""role"": ""assistant""}, {""content"": ""I usually prefer a quiet evening."", ""role"": ""user""}, {""content"": ""What kinds of conversation do you enjoy?"", ""role"": ""assistant""}, {""content"": ""I like a playful conversation."", ""role"": ""user""}]","[assistant]: What are you hoping to find?
[user]: I am still working out what I want.
[assistant]: What pace feels comfortable?
[user]: I prefer to get to know someone gradually.
[assistant]: How do you tend to spend free time?
[user]: I usually prefer a quiet evening.
[assistant]: What kinds of conversation do you enjoy?
[user]: I like a playful conversation."
syn_6d8a8a6aef07e250ff909501273ecc94,30,authored_templates_not_real_transcripts,True,6,"[{""content"": ""What are you hoping to find?"", ""role"": ""assistant""}, {""content"": ""I am still working out what I want."", ""role"": ""user""}, {""content"": ""What pace feels comfortable?"", ""role"": ""assistant""}, {""content"": ""I am comfortable meeting fairly soon."", ""role"": ""user""}, {""content"": ""How do you tend to spend free time?"", ""role"": ""assistant""}, {""content"": ""I like a mixture of quiet time and seeing people."", ""role"": ""user""}]","[assistant]: What are you hoping to find?
[user]: I am still working out what I want.
[assistant]: What pace feels comfortable?
[user]: I am comfortable meeting fairly soon.
[assistant]: How do you tend to spend free time?
[user]: I like a mixture of quiet time and seeing people."
syn_6a84c1f3a87e5b91101bb503eccb7f21,30,authored_templates_not_real_transcripts,True,8,"[{""content"": ""What are you hoping to find?"", ""role"": ""assistant""}, {""content"": ""I would like to build a lasting relationship."", ""role"": ""user""}, {""content"": ""What pace feels comfortable?"", ""role"": ""assistant""}, {""content"": ""I am comfortable meeting fairly soon."", ""role"": ""user""}, {""content"": ""How do you tend to spend free time?"", ""role"": ""assistant""}, {""content"": ""I usually prefer a quiet evening."", ""role"": ""user""}, {""content"": ""What kinds of conversation do you enjoy?"", ""role"": ""assistant""}, {""content"": ""I enjoy talking about ideas."", ""role"": ""user""}]","[assistant]: What are you hoping to find?
[user]: I would like to build a lasting relationship.
[assistant]: What pace feels comfortable?
[user]: I am comfortable meeting fairly soon.
[assistant]: How do you tend to spend free time?
[user]: I usually prefer a quiet evening.
[assistant]: What kinds of conversation do you enjoy?
[user]: I enjoy talking about ideas."
syn_4b4afc55bd62c7528916299ab5833a7b,30,authored_templates_not_real_transcripts,True,8,"[{""content"": ""What are you hoping to find?"", ""role"": ""assistant""}, {""content"": ""I would like to build a lasting relationship."", ""role"": ""user""}, {""content"": ""What pace feels comfortable?"", ""role"": ""assistant""}, {""content"": ""I prefer to get to know someone gradually."", ""role"": ""user""}, {""content"": ""How do you tend to spend free time?"", ""role"": ""assistant""}, {""content"": ""I like a mixture of quiet time and seeing people."", ""role"": ""user""}, {""content"": ""What kinds of conversation do you enjoy?"", ""role"": ""assistant""}, {""content"": ""I enjoy talking about ideas."", ""role"": ""user""}]","[assistant]: What are you hoping to find?
[user]: I would like to build a lasting relationship.
[assistant]: What pace feels comfortable?
[user]: I prefer to get to know someone gradually.
[assistant]: How do you tend to spend free time?
[user]: I like a mixture of quiet time and seeing people.
[assistant]: What kinds of conversation do you enjoy?
[user]: I enjoy talking about ideas."
syn_508d54f5501de77ad394c177277d7e2a,30,authored_templates_not_real_transcripts,True,2,"[{""content"": ""What kinds of conversation do you enjoy?"", ""role"": ""assistant""}, {""content"": ""I enjoy talking about ideas."", ""role"": ""user""}]","[assistant]: What kinds of conversation do you enjoy?
[user]: I enjoy talking about ideas."
syn_cf3276d14a50475f883878aefa2bfe6c,30,authored_templates_not_real_transcripts,True,8,"[{""content"": ""What are you hoping to find?"", ""role"": ""assistant""}, {""content"": ""I am still working out what I want."", ""role"": ""user""}, {""content"": ""What pace feels comfortable?"", ""role"": ""assistant""}, {""content"": ""I prefer to get to know someone gradually."", ""role"": ""user""}, {""content"": ""How do you tend to spend free time?"", ""role"": ""assistant""}, {""content"": ""I like a mixture of quiet time and seeing people."", ""role"": ""user""}, {""content"": ""What kinds of conversation do you enjoy?"", ""role"": ""assistant""}, {""content"": ""I enjoy working through practical questions."", ""role"": ""user""}]","[assistant]: What are you hoping to find?
[user]: I am still working out what I want.
[assistant]: What pace feels comfortable?
[user]: I prefer to get to know someone gradually.
[assistant]: How do you tend to spend free time?
[user]: I like a mixture of quiet time and seeing people.
[assistant]: What kinds of conversation do you enjoy?
[user]: I enjoy working through practical questions."
syn_469fe83e4a99f3d77981a1c1f7ea5386,30,authored_templates_not_real_transcripts,True,8,"[{""content"": ""What are you hoping to find?"", ""role"": ""assistant""}, {""content"": ""I would like to build a lasting relationship."", ""role"": ""user""}, {""content"": ""What pace feels comfortable?"", ""role"": ""assistant""}, {""content"": ""I prefer to get to know someone gradually."", ""role"": ""user""}, {""content"": ""How do you tend to spend free time?"", ""role"": ""assistant""}, {""content"": ""I enjoy having plans with people."", ""role"": ""user""}, {""content"": ""What kinds of conversation do you enjoy?"", ""role"": ""assistant""}, {""content"": ""I enjoy talking about ideas."", ""role"": ""user""}]","[assistant]: What are you hoping to find?
[user]: I would like to build a lasting relationship.
[assistant]: What pace feels comfortable?
[user]: I prefer to get to know someone gradually.
[assistant]: How do you tend to spend free time?
[user]: I enjoy having plans with people.
[assistant]: What kinds of conversation do you enjoy?
[user]: I enjoy talking about ideas."
syn_e77fb3ea136541875ef0d0ed5153426c,30,authored_templates_not_real_transcripts,True,8,"[{""content"": ""What are you hoping to find?"", ""role"": ""assistant""}, {""content"": ""I am still working out what I want."", ""role"": ""user""}, {""content"": ""What pace feels comfortable?"", ""role"": ""assistant""}, {""content"": ""I prefer to get to know someone gradually."", ""role"": ""user""}, {""content"": ""How do you tend to spend free time?"", ""role"": ""assistant""}, {""content"": ""I enjoy having plans with people."", ""role"": ""user""}, {""content"": ""What kinds of conversation do you enjoy?"", ""role"": ""assistant""}, {""content"": ""I enjoy working through practical questions."", ""role"": ""user""}]","[assistant]: What are you hoping to find?
[user]: I am still working out what I want.
[assistant]: What pace feels comfortable?
[user]: I prefer to get to know someone gradually.
[assistant]: How do you tend to spend free time?
[user]: I enjoy having plans with people.
[assistant]: What kinds of conversation do you enjoy?
[user]: I enjoy working through practical questions."
syn_1a4dfde83fd19aa72ccfe830c678fecb,30,authored_templates_not_real_transcripts,True,2,"[{""content"": ""What kinds of conversation do you enjoy?"", ""role"": ""assistant""}, {""content"": ""I like a playful conversation."", ""role"": ""user""}]","[assistant]: What kinds of conversation do you enjoy?
[user]: I like a playful conversation."
syn_81a48a9d2c7cf0ef365f24d6bcd6a3e1,30,authored_templates_not_real_transcripts,True,2,"[{""content"": ""How do you tend to spend free time?"", ""role"": ""assistant""}, {""content"": ""I enjoy having plans with people."", ""role"": ""user""}]","[assistant]: How do you tend to spend free time?
[user]: I enjoy having plans with people."
syn_d16420689fdde7c0d35d130797ca9e5f,30,authored_templates_not_real_transcripts,True,8,"[{""content"": ""What are you hoping to find?"", ""role"": ""assistant""}, {""content"": ""I would like to build a lasting relationship."", ""role"": ""user""}, {""content"": ""What pace feels comfortable?"", ""role"": ""assistant""}, {""content"": ""I am comfortable meeting fairly soon."", ""role"": ""user""}, {""content"": ""How do you tend to spend free time?"", ""role"": ""assistant""}, {""content"": ""I like a mixture of quiet time and seeing people."", ""role"": ""user""}, {""content"": ""What kinds of conversation do you enjoy?"", ""role"": ""assistant""}, {""content"": ""I enjoy talking about ideas."", ""role"": ""user""}]","[assistant]: What are you hoping to find?
[user]: I would like to build a lasting relationship.
[assistant]: What pace feels comfortable?
[user]: I am comfortable meeting fairly soon.
[assistant]: How do you tend to spend free time?
[user]: I like a mixture of quiet time and seeing people.
[assistant]: What kinds of conversation do you enjoy?
[user]: I enjoy talking about ideas."
syn_fa877de6b99ad875e1dc7a353dfb6c48,30,authored_templates_not_real_transcripts,True,2,"[{""content"": ""What pace feels comfortable?"", ""role"": ""assistant""}, {""content"": ""I am comfortable meeting fairly soon."", ""role"": ""user""}]","[assistant]: What pace feels comfortable?
[user]: I am comfortable meeting fairly soon."
syn_dc277f56457383f627d4e7fbcd781b34,30,authored_templates_not_real_transcripts,True,8,"[{""content"": ""What are you hoping to find?"", ""role"": ""assistant""}, {""content"": ""I would like to build a lasting relationship."", ""role"": ""user""}, {""content"": ""What pace feels comfortable?"", ""role"": ""assistant""}, {""content"": ""I am comfortable meeting fairly soon."", ""role"": ""user""}, {""content"": ""How do you tend to spend free time?"", ""role"": ""assistant""}, {""content"": ""I enjoy having plans with people."", ""role"": ""user""}, {""content"": ""What kinds of conversation do you enjoy?"", ""role"": ""assistant""}, {""content"": ""I enjoy talking about ideas."", ""role"": ""user""}]","[assistant]: What are you hoping to find?
[user]: I would like to build a lasting relationship.
[assistant]: What pace feels comfortable?
[user]: I am comfortable meeting fairly soon.
[assistant]: How do you tend to spend free time?
[user]: I enjoy having plans with people.
[assistant]: What kinds of conversation do you enjoy?
[user]: I enjoy talking about ideas."
syn_df55510630c387a8332959160eec8e4b,30,authored_templates_not_real_transcripts,True,8,"[{""content"": ""What are you hoping to find?"", ""role"": ""assistant""}, {""content"": ""I would like to build a lasting relationship."", ""role"": ""user""}, {""content"": ""What pace feels comfortable?"", ""role"": ""assistant""}, {""content"": ""I prefer to get to know someone gradually."", ""role"": ""user""}, {""content"": ""How do you tend to spend free time?"", ""role"": ""assistant""}, {""content"": ""I like a mixture of quiet time and seeing people."", ""role"": ""user""}, {""content"": ""What kinds of conversation do you enjoy?"", ""role"": ""assistant""}, {""content"": ""I enjoy talking about ideas."", ""role"": ""user""}]","[assistant]: What are you hoping to find?
[user]: I would like to build a lasting relationship.
[assistant]: What pace feels comfortable?
[user]: I prefer to get to know someone gradually.
[assistant]: How do you tend to spend free time?
[user]: I like a mixture of quiet time and seeing people.
[assistant]: What kinds of conversation do you enjoy?
[user]: I enjoy talking about ideas."
syn_50213f5cee047f075c18145426ebe53a,30,authored_templates_not_real_transcripts,True,8,"[{""content"": ""What are you hoping to find?"", ""role"": ""assistant""}, {""content"": ""I am still working out what I want."", ""role"": ""user""}, {""content"": ""What pace feels comfortable?"", ""role"": ""assistant""}, {""content"": ""I prefer to get to know someone gradually."", ""role"": ""user""}, {""content"": ""How do you tend to spend free time?"", ""role"": ""assistant""}, {""content"": ""I like a mixture of quiet time and seeing people."", ""role"": ""user""}, {""content"": ""What kinds of conversation do you enjoy?"", ""role"": ""assistant""}, {""content"": ""I like a playful conversation."", ""role"": ""user""}]","[assistant]: What are you hoping to find?
[user]: I am still working out what I want.
[assistant]: What pace feels comfortable?
[user]: I prefer to get to know someone gradually.
[assistant]: How do you tend to spend free time?
[user]: I like a mixture of quiet time and seeing people.
[assistant]: What kinds of conversation do you enjoy?
[user]: I like a playful conversation."
syn_5901d252ec94242330ca03c8dfdc084c,30,authored_templates_not_real_transcripts,True,8,"[{""content"": ""What are you hoping to find?"", ""role"": ""assistant""}, {""content"": ""I am still working out what I want."", ""role"": ""user""}, {""content"": ""What pace feels comfortable?"", ""role"": ""assistant""}, {""content"": ""A steady pace suits me."", ""role"": ""user""}, {""content"": ""How do you tend to spend free time?"", ""role"": ""assistant""}, {""content"": ""I enjoy having plans with people."", ""role"": ""user""}, {""content"": ""What kinds of conversation do you enjoy?"", ""role"": ""assistant""}, {""content"": ""I like a playful conversation."", ""role"": ""user""}]","[assistant]: What are you hoping to find?
[user]: I am still working out what I want.
[assistant]: What pace feels comfortable?
[user]: A steady pace suits me.
[assistant]: How do you tend to spend free time?
[user]: I enjoy having plans with people.
[assistant]: What kinds of conversation do you enjoy?
[user]: I like a playful conversation."
syn_62e304f504711817d2011ad625bc5f44,30,authored_templates_not_real_transcripts,True,8,"[{""content"": ""What are you hoping to find?"", ""role"": ""assistant""}, {""content"": ""I am still working out what I want."", ""role"": ""user""}, {""content"": ""What pace feels comfortable?"", ""role"": ""assistant""}, {""content"": ""I prefer to get to know someone gradually."", ""role"": ""user""}, {""content"": ""How do you tend to spend free time?"", ""role"": ""assistant""}, {""content"": ""I like a mixture of quiet time and seeing people."", ""role"": ""user""}, {""content"": ""What kinds of conversation do you enjoy?"", ""role"": ""assistant""}, {""content"": ""I enjoy working through practical questions."", ""role"": ""user""}]","[assistant]: What are you hoping to find?
[user]: I am still working out what I want.
[assistant]: What pace feels comfortable?
[user]: I prefer to get to know someone gradually.
[assistant]: How do you tend to spend free time?
[user]: I like a mixture of quiet time and seeing people.
[assistant]: What kinds of conversation do you enjoy?
[user]: I enjoy working through practical questions."
syn_4387e89fdb0f8be8ba5e37551b474d67,30,authored_templates_not_real_transcripts,True,8,"[{""content"": ""What are you hoping to find?"", ""role"": ""assistant""}, {""content"": ""I would like to build a lasting relationship."", ""role"": ""user""}, {""content"": ""What pace feels comfortable?"", ""role"": ""assistant""}, {""content"": ""A steady pace suits me."", ""role"": ""user""}, {""content"": ""How do you tend to spend free time?"", ""role"": ""assistant""}, {""content"": ""I usually prefer a quiet evening."", ""role"": ""user""}, {""content"": ""What kinds of conversation do you enjoy?"", ""role"": ""assistant""}, {""content"": ""I like hearing the stories behind things."", ""role"": ""user""}]","[assistant]: What are you hoping to find?
[user]: I would like to build a lasting relationship.
[assistant]: What pace feels comfortable?
[user]: A steady pace suits me.
[assistant]: How do you tend to spend free time?
[user]: I usually prefer a quiet evening.
[assistant]: What kinds of conversation do you enjoy?
[user]: I like hearing the stories behind things."
syn_a8ff62b39ba2a8e4e6f2b6419d1e634c,30,authored_templates_not_real_transcripts,True,2,"[{""content"": ""What kinds of conversation do you enjoy?"", ""role"": ""assistant""}, {""content"": ""I enjoy working through practical questions."", ""role"": ""user""}]","[assistant]: What kinds of conversation do you enjoy?
[user]: I enjoy working through practical questions."
syn_08889d341382d1f0e53a00cd61784d6e,30,authored_templates_not_real_transcripts,True,2,"[{""content"": ""What pace feels comfortable?"", ""role"": ""assistant""}, {""content"": ""A steady pace suits me."", ""role"": ""user""}]","[assistant]: What pace feels comfortable?
[user]: A steady pace suits me."
syn_6c101d0c0419fad1242321449cd59682,30,authored_templates_not_real_transcripts,True,8,"[{""content"": ""What are you hoping to find?"", ""role"": ""assistant""}, {""content"": ""I would like to build a lasting relationship."", ""role"": ""user""}, {""content"": ""What pace feels comfortable?"", ""role"": ""assistant""}, {""content"": ""I prefer to get to know someone gradually."", ""role"": ""user""}, {""content"": ""How do you tend to spend free time?"", ""role"": ""assistant""}, {""content"": ""I usually prefer a quiet evening."", ""role"": ""user""}, {""content"": ""What kinds of conversation do you enjoy?"", ""role"": ""assistant""}, {""content"": ""I like hearing the stories behind things."", ""role"": ""user""}]","[assistant]: What are you hoping to find?
[user]: I would like to build a lasting relationship.
[assistant]: What pace feels comfortable?
[user]: I prefer to get to know someone gradually.
[assistant]: How do you tend to spend free time?
[user]: I usually prefer a quiet evening.
[assistant]: What kinds of conversation do you enjoy?
[user]: I like hearing the stories behind things."
syn_e020dbb760480234a92c6002015355b2,30,authored_templates_not_real_transcripts,True,8,"[{""content"": ""What are you hoping to find?"", ""role"": ""assistant""}, {""content"": ""I would like to build a lasting relationship."", ""role"": ""user""}, {""content"": ""What pace feels comfortable?"", ""role"": ""assistant""}, {""content"": ""A steady pace suits me."", ""role"": ""user""}, {""content"": ""How do you tend to spend free time?"", ""role"": ""assistant""}, {""content"": ""I like a mixture of quiet time and seeing people."", ""role"": ""user""}, {""content"": ""What kinds of conversation do you enjoy?"", ""role"": ""assistant""}, {""content"": ""I enjoy working through practical questions."", ""role"": ""user""}]","[assistant]: What are you hoping to find?
[user]: I would like to build a lasting relationship.
[assistant]: What pace feels comfortable?
[user]: A steady pace suits me.
[assistant]: How do you tend to spend free time?
[user]: I like a mixture of quiet time and seeing people.
[assistant]: What kinds of conversation do you enjoy?
[user]: I enjoy working through practical questions."
syn_322a3beb6ee58311d60a073d85bb468b,30,authored_templates_not_real_transcripts,True,2,"[{""content"": ""What are you hoping to find?"", ""role"": ""assistant""}, {""content"": ""I would like to build a lasting relationship."", ""role"": ""user""}]","[assistant]: What are you hoping to find?
[user]: I would like to build a lasting relationship."
syn_6f4b95e99ced6c74c7323ce1a51e3f90,30,authored_templates_not_real_transcripts,True,8,"[{""content"": ""What are you hoping to find?"", ""role"": ""assistant""}, {""content"": ""I am still working out what I want."", ""role"": ""user""}, {""content"": ""What pace feels comfortable?"", ""role"": ""assistant""}, {""content"": ""A steady pace suits me."", ""role"": ""user""}, {""content"": ""How do you tend to spend free time?"", ""role"": ""assistant""}, {""content"": ""I like a mixture of quiet time and seeing people."", ""role"": ""user""}, {""content"": ""What kinds of conversation do you enjoy?"", ""role"": ""assistant""}, {""content"": ""I like hearing the stories behind things."", ""role"": ""user""}]","[assistant]: What are you hoping to find?
[user]: I am still working out what I want.
[assistant]: What pace feels comfortable?
[user]: A steady pace suits me.
[assistant]: How do you tend to spend free time?
[user]: I like a mixture of quiet time and seeing people.
[assistant]: What kinds of conversation do you enjoy?
[user]: I like hearing the stories behind things."
syn_e8e39c781a4ab8dc656bda3d249059d2,30,authored_templates_not_real_transcripts,True,8,"[{""content"": ""What are you hoping to find?"", ""role"": ""assistant""}, {""content"": ""I would like to build a lasting relationship."", ""role"": ""user""}, {""content"": ""What pace feels comfortable?"", ""role"": ""assistant""}, {""content"": ""I prefer to get to know someone gradually."", ""role"": ""user""}, {""content"": ""How do you tend to spend free time?"", ""role"": ""assistant""}, {""content"": ""I enjoy having plans with people."", ""role"": ""user""}, {""content"": ""What kinds of conversation do you enjoy?"", ""role"": ""assistant""}, {""content"": ""I like hearing the stories behind things."", ""role"": ""user""}]","[assistant]: What are you hoping to find?
[user]: I would like to build a lasting relationship.
[assistant]: What pace feels comfortable?
[user]: I prefer to get to know someone gradually.
[assistant]: How do you tend to spend free time?
[user]: I enjoy having plans with people.
[assistant]: What kinds of conversation do you enjoy?
[user]: I like hearing the stories behind things."
syn_5659274dc924b6915cfa95b81012dc43,30,authored_templates_not_real_transcripts,True,8,"[{""content"": ""What are you hoping to find?"", ""role"": ""assistant""}, {""content"": ""I am still working out what I want."", ""role"": ""user""}, {""content"": ""What pace feels comfortable?"", ""role"": ""assistant""}, {""content"": ""I prefer to get to know someone gradually."", ""role"": ""user""}, {""content"": ""How do you tend to spend free time?"", ""role"": ""assistant""}, {""content"": ""I enjoy having plans with people."", ""role"": ""user""}, {""content"": ""What kinds of conversation do you enjoy?"", ""role"": ""assistant""}, {""content"": ""I like a playful conversation."", ""role"": ""user""}]","[assistant]: What are you hoping to find?
[user]: I am still working out what I want.
[assistant]: What pace feels comfortable?
[user]: I prefer to get to know someone gradually.
[assistant]: How do you tend to spend free time?
[user]: I enjoy having plans with people.
[assistant]: What kinds of conversation do you enjoy?
[user]: I like a playful conversation."
syn_72266992f7613069c4bd2077804c76a6,30,authored_templates_not_real_transcripts,True,2,"[{""content"": ""What are you hoping to find?"", ""role"": ""assistant""}, {""content"": ""I am still working out what I want."", ""role"": ""user""}]","[assistant]: What are you hoping to find?
[user]: I am still working out what I want."
syn_1ff70ea44da32881e17a2dfea1ff3ca3,30,authored_templates_not_real_transcripts,True,2,"[{""content"": ""What pace feels comfortable?"", ""role"": ""assistant""}, {""content"": ""I am comfortable meeting fairly soon."", ""role"": ""user""}]","[assistant]: What pace feels comfortable?
[user]: I am comfortable meeting fairly soon."
syn_e4db9e7aa4d9c689602083f929bd73de,30,authored_templates_not_real_transcripts,True,2,"[{""content"": ""What pace feels comfortable?"", ""role"": ""assistant""}, {""content"": ""I am comfortable meeting fairly soon."", ""role"": ""user""}]","[assistant]: What pace feels comfortable?
[user]: I am comfortable meeting fairly soon."
syn_9330dd62ae5cb5c88131d62847ed361f,30,authored_templates_not_real_transcripts,True,8,"[{""content"": ""What are you hoping to find?"", ""role"": ""assistant""}, {""content"": ""I would like to build a lasting relationship."", ""role"": ""user""}, {""content"": ""What pace feels comfortable?"", ""role"": ""assistant""}, {""content"": ""I prefer to get to know someone gradually."", ""role"": ""user""}, {""content"": ""How do you tend to spend free time?"", ""role"": ""assistant""}, {""content"": ""I like a mixture of quiet time and seeing people."", ""role"": ""user""}, {""content"": ""What kinds of conversation do you enjoy?"", ""role"": ""assistant""}, {""content"": ""I enjoy working through practical questions."", ""role"": ""user""}]","[assistant]: What are you hoping to find?
[user]: I would like to build a lasting relationship.
[assistant]: What pace feels comfortable?
[user]: I prefer to get to know someone gradually.
[assistant]: How do you tend to spend free time?
[user]: I like a mixture of quiet time and seeing people.
[assistant]: What kinds of conversation do you enjoy?
[user]: I enjoy working through practical questions."
syn_e0d820e79c94aea13f5013dc65e8af4f,30,authored_templates_not_real_transcripts,True,8,"[{""content"": ""What are you hoping to find?"", ""role"": ""assistant""}, {""content"": ""I would like to build a lasting relationship."", ""role"": ""user""}, {""content"": ""What pace feels comfortable?"", ""role"": ""assistant""}, {""content"": ""A steady pace suits me."", ""role"": ""user""}, {""content"": ""How do you tend to spend free time?"", ""role"": ""assistant""}, {""content"": ""I like a mixture of quiet time and seeing people."", ""role"": ""user""}, {""content"": ""What kinds of conversation do you enjoy?"", ""role"": ""assistant""}, {""content"": ""I enjoy talking about ideas."", ""role"": ""user""}]","[assistant]: What are you hoping to find?
[user]: I would like to build a lasting relationship.
[assistant]: What pace feels comfortable?
[user]: A steady pace suits me.
[assistant]: How do you tend to spend free time?
[user]: I like a mixture of quiet time and seeing people.
[assistant]: What kinds of conversation do you enjoy?
[user]: I enjoy talking about ideas."
syn_0ab87caa722fb2ee3902e94e4e4fc075,30,authored_templates_not_real_transcripts,True,8,"[{""content"": ""What are you hoping to find?"", ""role"": ""assistant""}, {""content"": ""I am still working out what I want."", ""role"": ""user""}, {""content"": ""What pace feels comfortable?"", ""role"": ""assistant""}, {""content"": ""I am comfortable meeting fairly soon."", ""role"": ""user""}, {""content"": ""How do you tend to spend free time?"", ""role"": ""assistant""}, {""content"": ""I enjoy having plans with people."", ""role"": ""user""}, {""content"": ""What kinds of conversation do you enjoy?"", ""role"": ""assistant""}, {""content"": ""I enjoy talking about ideas."", ""role"": ""user""}]","[assistant]: What are you hoping to find?
[user]: I am still working out what I want.
[assistant]: What pace feels comfortable?
[user]: I am comfortable meeting fairly soon.
[assistant]: How do you tend to spend free time?
[user]: I enjoy having plans with people.
[assistant]: What kinds of conversation do you enjoy?
[user]: I enjoy talking about ideas."
syn_ec903125e9aaa8d948d4e78ea201cb07,30,authored_templates_not_real_transcripts,True,8,"[{""content"": ""What are you hoping to find?"", ""role"": ""assistant""}, {""content"": ""I am still working out what I want."", ""role"": ""user""}, {""content"": ""What pace feels comfortable?"", ""role"": ""assistant""}, {""content"": ""I am comfortable meeting fairly soon."", ""role"": ""user""}, {""content"": ""How do you tend to spend free time?"", ""role"": ""assistant""}, {""content"": ""I usually prefer a quiet evening."", ""role"": ""user""}, {""content"": ""What kinds of conversation do you enjoy?"", ""role"": ""assistant""}, {""content"": ""I enjoy working through practical questions."", ""role"": ""user""}]","[assistant]: What are you hoping to find?
[user]: I am still working out what I want.
[assistant]: What pace feels comfortable?
[user]: I am comfortable meeting fairly soon.
[assistant]: How do you tend to spend free time?
[user]: I usually prefer a quiet evening.
[assistant]: What kinds of conversation do you enjoy?
[user]: I enjoy working through practical questions."
syn_bb72e1382f72d6699bea34958e30e91a,30,authored_templates_not_real_transcripts,True,2,"[{""content"": ""What are you hoping to find?"", ""role"": ""assistant""}, {""content"": ""I would like to build a lasting relationship."", ""role"": ""user""}]","[assistant]: What are you hoping to find?
[user]: I would like to build a lasting relationship."
syn_ca5ea29724c34d6be9814bb237c261ac,30,authored_templates_not_real_transcripts,True,8,"[{""content"": ""What are you hoping to find?"", ""role"": ""assistant""}, {""content"": ""I am still working out what I want."", ""role"": ""user""}, {""content"": ""What pace feels comfortable?"", ""role"": ""assistant""}, {""content"": ""I prefer to get to know someone gradually."", ""role"": ""user""}, {""content"": ""How do you tend to spend free time?"", ""role"": ""assistant""}, {""content"": ""I usually prefer a quiet evening."", ""role"": ""user""}, {""content"": ""What kinds of conversation do you enjoy?"", ""role"": ""assistant""}, {""content"": ""I enjoy working through practical questions."", ""role"": ""user""}]","[assistant]: What are you hoping to find?
[user]: I am still working out what I want.
[assistant]: What pace feels comfortable?
[user]: I prefer to get to know someone gradually.
[assistant]: How do you tend to spend free time?
[user]: I usually prefer a quiet evening.
[assistant]: What kinds of conversation do you enjoy?
[user]: I enjoy working through practical questions."
syn_3a86f4a1b6a07735508a880e428bee60,30,authored_templates_not_real_transcripts,True,8,"[{""content"": ""What are you hoping to find?"", ""role"": ""assistant""}, {""content"": ""I would like to build a lasting relationship."", ""role"": ""user""}, {""content"": ""What pace feels comfortable?"", ""role"": ""assistant""}, {""content"": ""A steady pace suits me."", ""role"": ""user""}, {""content"": ""How do you tend to spend free time?"", ""role"": ""assistant""}, {""content"": ""I like a mixture of quiet time and seeing people."", ""role"": ""user""}, {""content"": ""What kinds of conversation do you enjoy?"", ""role"": ""assistant""}, {""content"": ""I enjoy talking about ideas."", ""role"": ""user""}]","[assistant]: What are you hoping to find?
[user]: I would like to build a lasting relationship.
[assistant]: What pace feels comfortable?
[user]: A steady pace suits me.
[assistant]: How do you tend to spend free time?
[user]: I like a mixture of quiet time and seeing people.
[assistant]: What kinds of conversation do you enjoy?
[user]: I enjoy talking about ideas."
syn_4ab84b99191db3827b3fd0da0ddb8f98,30,authored_templates_not_real_transcripts,True,8,"[{""content"": ""What are you hoping to find?"", ""role"": ""assistant""}, {""content"": ""I would like to build a lasting relationship."", ""role"": ""user""}, {""content"": ""What pace feels comfortable?"", ""role"": ""assistant""}, {""content"": ""I prefer to get to know someone gradually."", ""role"": ""user""}, {""content"": ""How do you tend to spend free time?"", ""role"": ""assistant""}, {""content"": ""I usually prefer a quiet evening."", ""role"": ""user""}, {""content"": ""What kinds of conversation do you enjoy?"", ""role"": ""assistant""}, {""content"": ""I enjoy talking about ideas."", ""role"": ""user""}]","[assistant]: What are you hoping to find?
[user]: I would like to build a lasting relationship.
[assistant]: What pace feels comfortable?
[user]: I prefer to get to know someone gradually.
[assistant]: How do you tend to spend free time?
[user]: I usually prefer a quiet evening.
[assistant]: What kinds of conversation do you enjoy?
[user]: I enjoy talking about ideas."
syn_2fbd3840e198b599e291fa285b3b7c5b,30,authored_templates_not_real_transcripts,True,8,"[{""content"": ""What are you hoping to find?"", ""role"": ""assistant""}, {""content"": ""I would like to build a lasting relationship."", ""role"": ""user""}, {""content"": ""What pace feels comfortable?"", ""role"": ""assistant""}, {""content"": ""I am comfortable meeting fairly soon."", ""role"": ""user""}, {""content"": ""How do you tend to spend free time?"", ""role"": ""assistant""}, {""content"": ""I enjoy having plans with people."", ""role"": ""user""}, {""content"": ""What kinds of conversation do you enjoy?"", ""role"": ""assistant""}, {""content"": ""I like a playful conversation."", ""role"": ""user""}]","[assistant]: What are you hoping to find?
[user]: I would like to build a lasting relationship.
[assistant]: What pace feels comfortable?
[user]: I am comfortable meeting fairly soon.
[assistant]: How do you tend to spend free time?
[user]: I enjoy having plans with people.
[assistant]: What kinds of conversation do you enjoy?
[user]: I like a playful conversation."
