event,introduction_id,member_id,missing_reason,observed_day,occurred_day,value
introduction_response,intro_d1a51aea6897806f0e0295a1,syn_2056609e060881f2404b3e6d30d72b1b,no_response,7,,
introduction_response,intro_d1a51aea6897806f0e0295a1,syn_c85c5f4b0c079ca8e30677ea1c7ee178,no_response,7,,
introduction_response,intro_0ee320acbf01c3364d5b27db,syn_28ae0f5a99431e9f34ff74eff6472675,,4,4,yes
introduction_response,intro_0ee320acbf01c3364d5b27db,syn_4b57337d2f0c61d365d36a51553229ee,,4,4,yes
date_happened,intro_0ee320acbf01c3364d5b27db,,,12,12,True
second_meeting_intention,intro_0ee320acbf01c3364d5b27db,syn_28ae0f5a99431e9f34ff74eff6472675,,14,14,yes
second_meeting_intention,intro_0ee320acbf01c3364d5b27db,syn_4b57337d2f0c61d365d36a51553229ee,,14,14,no
introduction_response,intro_4aa78b1027339c9c0206f986,syn_5901d252ec94242330ca03c8dfdc084c,,3,3,no
introduction_response,intro_4aa78b1027339c9c0206f986,syn_9a6819069e54f8e26098a5a7064afa51,,5,5,no
introduction_response,intro_28a1101489fcd89e45d416ad,syn_88a2837332f6912a8c262589243c20e2,,1,1,yes
introduction_response,intro_28a1101489fcd89e45d416ad,syn_912d6fbf5229053275eb8ba2e10fc211,,5,5,yes
date_happened,intro_28a1101489fcd89e45d416ad,,,16,16,False
introduction_response,intro_d4b93335a6a7deec9070ad60,syn_a2f02a2600f647a9e2042b830b841fad,,2,2,yes
introduction_response,intro_d4b93335a6a7deec9070ad60,syn_a739d0a9c49e0d3691316cb05117c32c,,2,2,yes
date_happened,intro_d4b93335a6a7deec9070ad60,,,9,9,True
second_meeting_intention,intro_d4b93335a6a7deec9070ad60,syn_a2f02a2600f647a9e2042b830b841fad,,14,14,yes
second_meeting_intention,intro_d4b93335a6a7deec9070ad60,syn_a739d0a9c49e0d3691316cb05117c32c,no_response,14,,
introduction_response,intro_ea3f89c66d646913b5d0b9ef,syn_a6e1e3157ea05a77655d69145cb9340c,,1,1,no
introduction_response,intro_ea3f89c66d646913b5d0b9ef,syn_ad946c4e2d51c4381a00d6a3a07c8f5c,,7,7,yes
introduction_response,intro_41bf89eaea235b90c345f6b9,syn_514d26a6c970dbaed9dfb5971b92fd98,,5,5,yes
introduction_response,intro_41bf89eaea235b90c345f6b9,syn_6edbeb8274e40517866227d17ad53adf,,4,4,no
introduction_response,intro_d6c60162981be25b1eca92b0,syn_964b47ce9e65d08b24ac9115da831a47,,2,2,yes
introduction_response,intro_d6c60162981be25b1eca92b0,syn_ec903125e9aaa8d948d4e78ea201cb07,no_response,8,,
introduction_response,intro_9a80bc7c943a2f955a6c1ae8,syn_9780271663b2599273144f180e877968,,8,8,yes
introduction_response,intro_9a80bc7c943a2f955a6c1ae8,syn_df2351b216e9b989fdcdb980be123864,no_response,8,,
introduction_response,intro_d605aa0d878961370cb0eefb,syn_d16420689fdde7c0d35d130797ca9e5f,,7,7,no
introduction_response,intro_d605aa0d878961370cb0eefb,syn_f08a7eab3954c329d97b8ca6d495c410,,7,7,no
introduction_response,intro_f257508af42be75cb77aebb3,syn_13516bb80dd39f3ce4ef943eca9d421e,,9,9,yes
introduction_response,intro_f257508af42be75cb77aebb3,syn_9598431518aa2a2f2e66ed889c7368f4,,8,8,yes
date_happened,intro_f257508af42be75cb77aebb3,,,20,20,True
second_meeting_intention,intro_f257508af42be75cb77aebb3,syn_13516bb80dd39f3ce4ef943eca9d421e,,22,22,yes
second_meeting_intention,intro_f257508af42be75cb77aebb3,syn_9598431518aa2a2f2e66ed889c7368f4,,25,25,yes
pause_after_mutual_interest,intro_f257508af42be75cb77aebb3,,,25,25,True
introduction_response,intro_7b9f110b53a63d5834174fd4,syn_32297fb064c264489c9e4039876f24ba,,10,10,yes
introduction_response,intro_7b9f110b53a63d5834174fd4,syn_e77fb3ea136541875ef0d0ed5153426c,,8,8,no
introduction_response,intro_1f941e7afd4db72b9040c5a1,syn_469fe83e4a99f3d77981a1c1f7ea5386,,4,4,no
introduction_response,intro_1f941e7afd4db72b9040c5a1,syn_fe315b98117e4d81e77e76cdab5582b5,,4,4,yes
introduction_response,intro_1c830d25261195944b143d4d,syn_9330dd62ae5cb5c88131d62847ed361f,no_response,10,,
introduction_response,intro_1c830d25261195944b143d4d,syn_9e3068d8d35b9eefda160e3de29ef47f,no_response,10,,
introduction_response,intro_c548991e971d3e5198729ba5,syn_3a86f4a1b6a07735508a880e428bee60,,7,7,no
introduction_response,intro_c548991e971d3e5198729ba5,syn_576b0b21e0dbd7a6bfdf295c4ff7fad8,no_response,11,,
introduction_response,intro_f8f0e84f00fbb08cfe50c5ed,syn_7cc830bf46268a150ea841a6aeac8371,,8,8,no
introduction_response,intro_f8f0e84f00fbb08cfe50c5ed,syn_df55510630c387a8332959160eec8e4b,,10,10,no
introduction_response,intro_2c3637a8ca24ddee374ed3ae,syn_c58e8eb0c882695da0ed7627b3275fe8,,9,9,no
introduction_response,intro_2c3637a8ca24ddee374ed3ae,syn_dd56e893d452e71919601782ed0489cc,no_response,11,,
introduction_response,intro_58561954665108fb7b706ab0,syn_85bf11e712d179c418ccdfa063ffd5d7,,11,11,no
introduction_response,intro_58561954665108fb7b706ab0,syn_86a700b706a3f9d202eeee624e20ac53,,6,6,no
introduction_response,intro_b3bef2c66235b2eab475e322,syn_404a8f65134058ae9943744c7f54d33f,,10,10,yes
introduction_response,intro_b3bef2c66235b2eab475e322,syn_b4409bb8867ef48b4cd95b298a3702ee,,10,10,yes
date_happened,intro_b3bef2c66235b2eab475e322,,,12,12,False
introduction_response,intro_e8930b1f739f43648f568121,syn_5901d252ec94242330ca03c8dfdc084c,no_response,15,,
introduction_response,intro_e8930b1f739f43648f568121,syn_c317705f90a517571b63aec42fee59d2,,12,12,no
introduction_response,intro_8a25f255febd679f768cccd0,syn_514d26a6c970dbaed9dfb5971b92fd98,,16,16,yes
introduction_response,intro_8a25f255febd679f768cccd0,syn_d16420689fdde7c0d35d130797ca9e5f,,12,12,no
introduction_response,intro_c191bf01fbc34e9f0ec506b2,syn_6842f6631c6d8aa01c669d8772ab7814,,12,12,yes
introduction_response,intro_c191bf01fbc34e9f0ec506b2,syn_8a5ab5e24cf1da571d7fc224290b5d55,,15,15,no
introduction_response,intro_0747247db346b87a09e002f0,syn_02599d522c48ce7f9d47ca93ce0e969b,,18,18,no
introduction_response,intro_0747247db346b87a09e002f0,syn_d1d40e5694a83bf50c52e9b5a1c72bcf,,18,18,no
introduction_response,intro_5d82f25371600b312ecc006a,syn_469fe83e4a99f3d77981a1c1f7ea5386,,14,14,yes
introduction_response,intro_5d82f25371600b312ecc006a,syn_df1fff6e0e3735985e36ea3e3c6864fe,,16,16,yes
date_happened,intro_5d82f25371600b312ecc006a,,,23,23,True
second_meeting_intention,intro_5d82f25371600b312ecc006a,syn_469fe83e4a99f3d77981a1c1f7ea5386,,25,25,no
second_meeting_intention,intro_5d82f25371600b312ecc006a,syn_df1fff6e0e3735985e36ea3e3c6864fe,,26,26,yes
introduction_response,intro_7c936636a85ddaa483fa2cba,syn_4ab039bc016a7f9170528808204c430f,,13,13,no
introduction_response,intro_7c936636a85ddaa483fa2cba,syn_9e3068d8d35b9eefda160e3de29ef47f,no_response,18,,
introduction_response,intro_c2d722ba55992db138a5fa38,syn_c47b1ab16d66c1d488e705e8255ebb01,,17,17,no
introduction_response,intro_c2d722ba55992db138a5fa38,syn_f57a076753e50d87788a9f182f1fb641,,14,14,no
introduction_response,intro_07455b87b1711d5cb5b4b902,syn_32297fb064c264489c9e4039876f24ba,no_response,19,,
introduction_response,intro_07455b87b1711d5cb5b4b902,syn_df55510630c387a8332959160eec8e4b,,14,14,no
introduction_response,intro_9a97c1a84712d93ce17217dd,syn_3a86f4a1b6a07735508a880e428bee60,no_response,19,,
introduction_response,intro_9a97c1a84712d93ce17217dd,syn_7cc830bf46268a150ea841a6aeac8371,,17,17,yes
introduction_response,intro_4c538413d48a9e465585cfde,syn_3ebeda0df1a2553d085d9f96dac06445,no_response,19,,
introduction_response,intro_4c538413d48a9e465585cfde,syn_c58e8eb0c882695da0ed7627b3275fe8,no_response,19,,
introduction_response,intro_20c195c95a7aea29de800f72,syn_576b0b21e0dbd7a6bfdf295c4ff7fad8,,17,17,no
introduction_response,intro_20c195c95a7aea29de800f72,syn_e77fb3ea136541875ef0d0ed5153426c,no_response,19,,
introduction_response,intro_29264a7f3a156ec5044af455,syn_8efbdba2e69c3948ce821a428e72ec36,,16,16,yes
introduction_response,intro_29264a7f3a156ec5044af455,syn_e6cc7ae09a87200ef93018c566b517f2,,19,19,no
introduction_response,intro_f65f9e33f924f9e5569f4af1,syn_ac51d3efb980280e5357ef62f0295996,,20,20,yes
introduction_response,intro_f65f9e33f924f9e5569f4af1,syn_ad946c4e2d51c4381a00d6a3a07c8f5c,,16,16,no
introduction_response,intro_bc76347d8f1fafa271b68582,syn_5fe81c19774479c8dabc6a4cfda80478,,17,17,no
introduction_response,intro_bc76347d8f1fafa271b68582,syn_b648b44d01cd5170c0828409a2384c3a,,20,20,yes
introduction_response,intro_eb9e221f1d2ddf0aef01b95d,syn_0645957284c487c64ad77f70f4198680,no_response,22,,
introduction_response,intro_eb9e221f1d2ddf0aef01b95d,syn_6b287023da72ef6cb9c29b0f5643870d,,17,17,yes
introduction_response,intro_0a43f3c70cf5ff6e5f1c638e,syn_9330dd62ae5cb5c88131d62847ed361f,,16,16,yes
introduction_response,intro_0a43f3c70cf5ff6e5f1c638e,syn_a2f02a2600f647a9e2042b830b841fad,,19,19,no
introduction_response,intro_b0cee0912bcde3f709d044ee,syn_a68f501e9c1069329ec78eaead07c015,,17,17,no
introduction_response,intro_b0cee0912bcde3f709d044ee,syn_f7b44afc75607f2f2733766a3e903373,,18,18,yes
introduction_response,intro_326e69430c1b135a472a1fb0,syn_7db0447bd7972126f3c340691a555852,,22,22,yes
introduction_response,intro_326e69430c1b135a472a1fb0,syn_86a700b706a3f9d202eeee624e20ac53,,19,19,yes
introduction_response,intro_23541cc24a35ddb03a26ae5c,syn_4b57337d2f0c61d365d36a51553229ee,,25,25,no
introduction_response,intro_23541cc24a35ddb03a26ae5c,syn_85bf11e712d179c418ccdfa063ffd5d7,,21,21,no
introduction_response,intro_b7aba680fb64212fb7f443c4,syn_6842f6631c6d8aa01c669d8772ab7814,,24,24,yes
introduction_response,intro_b7aba680fb64212fb7f443c4,syn_ec903125e9aaa8d948d4e78ea201cb07,,24,24,yes
introduction_response,intro_ee500e19660ba594ac4b3723,syn_74655d9a89e1bc132109f53eefcfff70,,20,20,yes
introduction_response,intro_ee500e19660ba594ac4b3723,syn_8a5ab5e24cf1da571d7fc224290b5d55,,24,24,yes
introduction_response,intro_b746e8ab200a910317ff4dad,syn_02599d522c48ce7f9d47ca93ce0e969b,,23,23,no
introduction_response,intro_b746e8ab200a910317ff4dad,syn_4ab039bc016a7f9170528808204c430f,,22,22,yes
introduction_response,intro_7432d6fca09a05bb115231de,syn_9e3068d8d35b9eefda160e3de29ef47f,,26,26,yes
introduction_response,intro_7432d6fca09a05bb115231de,syn_a739d0a9c49e0d3691316cb05117c32c,,26,26,no
introduction_response,intro_f48315e5099cd323b69ab06b,syn_123815248e2a76967ece217db6a1c911,no_response,27,,
introduction_response,intro_f48315e5099cd323b69ab06b,syn_576b0b21e0dbd7a6bfdf295c4ff7fad8,,23,23,yes
introduction_response,intro_8fc8a010bc0770aebaa56a60,syn_1653cc8b5bd51e5da9b32ad68410ff2a,,25,25,no
introduction_response,intro_8fc8a010bc0770aebaa56a60,syn_7cc830bf46268a150ea841a6aeac8371,no_response,27,,
introduction_response,intro_f684061fa415dba4b22b0f00,syn_404a8f65134058ae9943744c7f54d33f,,23,23,no
introduction_response,intro_f684061fa415dba4b22b0f00,syn_8efbdba2e69c3948ce821a428e72ec36,,24,24,yes
introduction_response,intro_878b302ed733fa3b8e841fc5,syn_c317705f90a517571b63aec42fee59d2,no_response,27,,
introduction_response,intro_878b302ed733fa3b8e841fc5,syn_df55510630c387a8332959160eec8e4b,,26,26,no
introduction_response,intro_e542c30ce10acd7c636cf211,syn_28ae0f5a99431e9f34ff74eff6472675,,25,25,yes
introduction_response,intro_e542c30ce10acd7c636cf211,syn_ad946c4e2d51c4381a00d6a3a07c8f5c,,28,28,yes
introduction_response,intro_c475e707009864b5aa8888a4,syn_912d6fbf5229053275eb8ba2e10fc211,,26,26,no
introduction_response,intro_c475e707009864b5aa8888a4,syn_c85c5f4b0c079ca8e30677ea1c7ee178,,28,28,no
introduction_response,intro_f6faff4a718ed48ce93f7cf9,syn_514d26a6c970dbaed9dfb5971b92fd98,,26,26,no
introduction_response,intro_f6faff4a718ed48ce93f7cf9,syn_f7b44afc75607f2f2733766a3e903373,,29,29,yes
introduction_response,intro_4e2c497f3fe99a855a791a1a,syn_a2f02a2600f647a9e2042b830b841fad,no_response,30,,
introduction_response,intro_4e2c497f3fe99a855a791a1a,syn_e77fb3ea136541875ef0d0ed5153426c,,30,30,no
introduction_response,intro_0f4e145b9f9ead1192952bbe,syn_8b9b5342414de47f8d837246597bdc40,,30,30,no
introduction_response,intro_8e824839e9b320f1b01db348,syn_4ab039bc016a7f9170528808204c430f,,30,30,yes
introduction_response,intro_8e824839e9b320f1b01db348,syn_9330dd62ae5cb5c88131d62847ed361f,,30,30,no
introduction_response,intro_67bd946fca5b812069ddfd2c,syn_df55510630c387a8332959160eec8e4b,,30,30,no
introduction_response,intro_ee65681ad41797b1c63a2068,syn_c317705f90a517571b63aec42fee59d2,,29,29,yes
