dataset,total_pairs,feasible_pairs,feasible_pct,needs_clarification_pairs,needs_clarification_pct,incompatible_pairs,incompatible_pct
public_01,19900,98,0.49,96,0.48,19706,99.03
public_02,19900,84,0.42,94,0.47,19722,99.11
public_03,19900,79,0.4,52,0.26,19769,99.34
public_04,19900,85,0.43,42,0.21,19773,99.36
public_05,19900,142,0.71,27,0.14,19731,99.15
public_06,19900,117,0.59,68,0.34,19715,99.07
public_07,19900,112,0.56,90,0.45,19698,98.98
public_08,19900,106,0.53,146,0.73,19648,98.73
public_09,19900,75,0.38,125,0.63,19700,98.99
public_10,19900,89,0.45,52,0.26,19759,99.29
