dataset,member_a,member_b,status,soft_score,failed_reasons,unknown_count
public_01,syn_ee6abfe4319122c923a1a5aad57e66d6,syn_8cb4e6be41c31b818e02fa316c35beb3,INFEASIBLE,0.429,age_over_max|age_under_min|children_plans|gender_preference|schedule,0
public_01,syn_ee6abfe4319122c923a1a5aad57e66d6,syn_e3074c5436df2878fd069b0530a2d947,INFEASIBLE,0.143,gender_preference|relationship_structure,4
public_01,syn_ee6abfe4319122c923a1a5aad57e66d6,syn_e6a84797a682403f70481cfd62440238,INFEASIBLE,0.0,age_over_max|age_under_min|gender_preference|geography|schedule,0
public_01,syn_ee6abfe4319122c923a1a5aad57e66d6,syn_8af27caff19ffca9d7cfee516f4ea72d,INFEASIBLE,0.0,relationship_structure,4
public_01,syn_ee6abfe4319122c923a1a5aad57e66d6,syn_c30a840e9b8e2371264340830ebd5624,INFEASIBLE,0.143,relationship_structure,4
public_01,syn_ee6abfe4319122c923a1a5aad57e66d6,syn_9ec439916390faad55ad37dd7bfc633b,INFEASIBLE,0.429,age_over_max|age_under_min|gender_preference,0
public_01,syn_ee6abfe4319122c923a1a5aad57e66d6,syn_d2b4bebb2b5dd3ebd12518b9c4ce9772,INFEASIBLE,0.714,age_over_max|age_under_min|gender_preference,0
public_01,syn_ee6abfe4319122c923a1a5aad57e66d6,syn_d715b900be79fe830c7a239f7481ff40,INFEASIBLE,0.0,age_over_max|gender_preference|relationship_structure,3
public_01,syn_ee6abfe4319122c923a1a5aad57e66d6,syn_fe7d95478d0c2a7ba275c40e228c58c6,INFEASIBLE,0.0,age_under_min|relationship_structure,3
public_01,syn_ee6abfe4319122c923a1a5aad57e66d6,syn_4f5805e37b6d2d0a9984ee24d7d60ef9,INFEASIBLE,0.0,age_over_max|gender_preference|geography|relationship_structure,4
public_01,syn_ee6abfe4319122c923a1a5aad57e66d6,syn_ffdc447101d85a0aba41567cc7b1bb7b,INFEASIBLE,0.143,age_over_max|gender_preference|relationship_structure,4
public_01,syn_ee6abfe4319122c923a1a5aad57e66d6,syn_99ce189452ac7a452245453cf27c0175,INFEASIBLE,0.143,children_plans|children_present|gender_preference|geography|schedule,0
public_01,syn_ee6abfe4319122c923a1a5aad57e66d6,syn_66eec2310bb6b235626cd3b2d0f492a0,INFEASIBLE,0.143,gender_preference|relationship_structure,4
public_01,syn_ee6abfe4319122c923a1a5aad57e66d6,syn_4981ab10adbbf5500a77f5539a8d3dbd,INFEASIBLE,0.0,children_plans|relationship_structure,3
public_01,syn_ee6abfe4319122c923a1a5aad57e66d6,syn_51c3093687ec35fc141741284be4579c,INFEASIBLE,0.286,age_over_max|age_under_min|gender_preference|schedule,0
public_01,syn_ee6abfe4319122c923a1a5aad57e66d6,syn_67635a64a04fbf17681baeef2cc9ecca,INFEASIBLE,0.0,age_under_min|geography,0
public_01,syn_ee6abfe4319122c923a1a5aad57e66d6,syn_63cfe04a3e1c8e7503ef42935ea71421,INFEASIBLE,0.0,age_under_min|gender_preference|geography,3
public_01,syn_ee6abfe4319122c923a1a5aad57e66d6,syn_fb8bec73650305fbc2d28ae8dc25c2ec,INFEASIBLE,0.143,age_under_min|children_plans|children_present|gender_preference|geography|schedule,0
public_01,syn_ee6abfe4319122c923a1a5aad57e66d6,syn_2ace6829562f1903e1273758af37a3b0,INFEASIBLE,0.143,gender_preference,0
public_01,syn_ee6abfe4319122c923a1a5aad57e66d6,syn_3e6518b6a93d60dad3cd41aa18f0fe41,INFEASIBLE,0.0,age_over_max|age_under_min|gender_preference|relationship_structure,4
public_01,syn_ee6abfe4319122c923a1a5aad57e66d6,syn_3323cdb55fc17465e721a3560f7a1aac,INFEASIBLE,0.0,age_under_min|relationship_structure,4
public_01,syn_ee6abfe4319122c923a1a5aad57e66d6,syn_909e654df8322aaeaf7e43e67db2d2d6,INFEASIBLE,0.0,age_over_max|age_under_min|gender_preference|relationship_structure,4
public_01,syn_ee6abfe4319122c923a1a5aad57e66d6,syn_3e94cf4755a04dc34451e7870d909bfb,INFEASIBLE,0.429,age_over_max|age_under_min|children_present|gender_preference,0
public_01,syn_ee6abfe4319122c923a1a5aad57e66d6,syn_eff358b076f1f3e854a9fac6dcd3f567,INFEASIBLE,0.0,gender_preference|geography|relationship_structure,4
public_01,syn_ee6abfe4319122c923a1a5aad57e66d6,syn_bc92695a36766409c969fec6d5d93a7e,INFEASIBLE,0.0,age_over_max|gender_preference|relationship_structure,4
public_01,syn_ee6abfe4319122c923a1a5aad57e66d6,syn_b7c38a05e9c6fa8787e7b1fe145544cf,INFEASIBLE,0.0,age_under_min|gender_preference|relationship_structure,4
public_01,syn_ee6abfe4319122c923a1a5aad57e66d6,syn_61637b96c19e5874362ba732e2301987,INFEASIBLE,0.0,relationship_structure,3
public_01,syn_ee6abfe4319122c923a1a5aad57e66d6,syn_23015ce9d35ee1089c8275db490cba13,INFEASIBLE,0.0,age_over_max|age_under_min|children_present|geography|schedule,0
public_01,syn_ee6abfe4319122c923a1a5aad57e66d6,syn_8ec5569d9d568263f30c551cc9252f3b,INFEASIBLE,0.143,age_over_max|age_under_min|children_plans|children_present|gender_preference|geography,0
public_01,syn_ee6abfe4319122c923a1a5aad57e66d6,syn_1e1a6103b9a2f1234583cd4253ea3b88,INFEASIBLE,0.0,age_over_max|gender_preference|relationship_structure,4
public_01,syn_ee6abfe4319122c923a1a5aad57e66d6,syn_b4622763ed1476794c24ad8f6e66b7a6,INFEASIBLE,0.429,children_present|gender_preference,0
public_01,syn_ee6abfe4319122c923a1a5aad57e66d6,syn_fb32b8618bad355de272dc79ff6569b7,INFEASIBLE,0.0,children_plans|children_present|gender_preference|geography|schedule,0
public_01,syn_ee6abfe4319122c923a1a5aad57e66d6,syn_03ece60c3759e7ac8fffa02bd5d694d7,INFEASIBLE,0.0,gender_preference|geography|relationship_structure,4
public_01,syn_ee6abfe4319122c923a1a5aad57e66d6,syn_305bbab144a6c64b905a1033840759cc,INFEASIBLE,0.0,age_over_max|age_under_min|children_plans|gender_preference|schedule,0
public_01,syn_ee6abfe4319122c923a1a5aad57e66d6,syn_df242480b94781401b4ac64f14f015b0,INFEASIBLE,0.143,relationship_structure,4
public_01,syn_ee6abfe4319122c923a1a5aad57e66d6,syn_aad7734833bf13651bfa0ea1773077e3,INFEASIBLE,0.143,age_over_max|age_under_min|children_plans|children_present|schedule,0
public_01,syn_ee6abfe4319122c923a1a5aad57e66d6,syn_6397b26bc32c25be014546a14d45263d,INFEASIBLE,0.0,gender_preference|geography,0
public_01,syn_ee6abfe4319122c923a1a5aad57e66d6,syn_2c74c64e9f828c59ef172c4724b2eb0d,INFEASIBLE,0.0,age_over_max|age_under_min|relationship_structure,4
public_01,syn_ee6abfe4319122c923a1a5aad57e66d6,syn_734427fd4171fc91c915c76e78a10755,INFEASIBLE,0.143,age_under_min|geography|relationship_structure,3
public_01,syn_ee6abfe4319122c923a1a5aad57e66d6,syn_1e8bad18a1c14d863cef63a9970d8344,INFEASIBLE,0.143,children_plans|gender_preference,0
public_01,syn_ee6abfe4319122c923a1a5aad57e66d6,syn_352914af12aa16727b4924aa5f48ebd1,INFEASIBLE,0.0,age_under_min|children_present|gender_preference|geography,0
public_01,syn_ee6abfe4319122c923a1a5aad57e66d6,syn_e79da0d36035d273f913520318d5706f,INFEASIBLE,0.143,age_under_min|gender_preference,0
public_01,syn_ee6abfe4319122c923a1a5aad57e66d6,syn_e3e31d95321cfce40ef6448a8dd3461e,INFEASIBLE,0.0,age_over_max|age_under_min|children_plans|gender_preference,0
public_01,syn_ee6abfe4319122c923a1a5aad57e66d6,syn_bd4264c82dd75d11e5bb9b3bf29a184c,INFEASIBLE,0.0,age_over_max|gender_preference|relationship_structure,4
public_01,syn_ee6abfe4319122c923a1a5aad57e66d6,syn_931803caf0039572c776ae1e2579aee8,INFEASIBLE,0.0,age_over_max|gender_preference|geography|relationship_structure,4
public_01,syn_ee6abfe4319122c923a1a5aad57e66d6,syn_6020fae3a4b132073e0ad75b2b10dae5,INFEASIBLE,0.0,age_under_min|relationship_structure,3
public_01,syn_ee6abfe4319122c923a1a5aad57e66d6,syn_6f243cc46db344937a9a55d12b2ee6ba,INFEASIBLE,0.143,gender_preference,0
public_01,syn_ee6abfe4319122c923a1a5aad57e66d6,syn_6648880112f19d2ca43c541b38a6a275,INFEASIBLE,0.0,children_present|gender_preference|geography,0
public_01,syn_ee6abfe4319122c923a1a5aad57e66d6,syn_c430220c3b380c7f5245206579ef8b20,FEASIBLE,0.714,None,0
public_01,syn_ee6abfe4319122c923a1a5aad57e66d6,syn_5a2a81135dd5330ac19618741db86306,INFEASIBLE,0.429,gender_preference|geography,0
