dataset,members.csv_rows,members.csv_columns,questionnaires.csv_rows,questionnaires.csv_columns,introductions.csv_rows,introductions.csv_columns,feedback.csv_rows,feedback.csv_columns,conversations.csv_rows,conversations.csv_columns,state.csv_rows,state.csv_columns,ask_log.csv_rows,ask_log.csv_columns
public_01,200,66,200,24,57,7,123,7,105,7,1,8,56,27
public_02,200,66,200,24,57,7,120,7,109,7,1,8,67,27
public_03,200,66,200,24,56,7,125,7,119,7,1,8,58,27
public_04,200,66,200,24,62,7,119,7,109,7,1,8,75,27
public_05,200,66,200,24,85,7,178,7,116,7,1,8,66,27
public_06,200,66,200,24,59,7,125,7,115,7,1,8,61,27
public_07,200,66,200,24,64,7,139,7,121,7,1,8,63,27
public_08,200,66,200,24,53,7,105,7,110,7,1,8,67,27
public_09,200,66,200,24,55,7,113,7,105,7,1,8,58,27
public_10,200,66,200,24,65,7,123,7,120,7,1,8,59,27
