column,missing_count,missing_percentage
member_id,0,0.0
age,0,0.0
gender,0,0.0
city,0,0.0
synthetic,0,0.0
qa_age_range,691,34.55
qa_conversations,1178,58.9
qa_emotional_availability,1203,60.150000000000006
qa_gender,0,0.0
qa_has_children,632,31.6
qa_lifestyle,1202,60.099999999999994
qa_location,0,0.0
qa_partner_children,631,31.55
qa_partner_smoking,638,31.900000000000002
qa_relationship_goal,1207,60.35
qa_relationship_pace,1199,59.95
qa_relationship_structure,636,31.8
qa_relocate,1201,60.050000000000004
qa_schedule,644,32.2
qa_smoking,630,31.5
qa_space_for_relationship,1200,60.0
qa_wants_children,631,31.55
qa_who_to_meet,637,31.85
questionnaire_answers_json,0,0.0
source_dataset,0,0.0
