dataset,day,user_a,user_b,pair_key,soft_score,match_type
public_01,0,syn_ee6abfe4319122c923a1a5aad57e66d6,syn_c430220c3b380c7f5245206579ef8b20,syn_c430220c3b380c7f5245206579ef8b20||syn_ee6abfe4319122c923a1a5aad57e66d6,0.7,BASELINE_EXPLOITATION
public_01,0,syn_da0425280e817cf099af8abcdd9116bf,syn_840717cabf80dd61fd2934169bbd08b8,syn_840717cabf80dd61fd2934169bbd08b8||syn_da0425280e817cf099af8abcdd9116bf,0.6,BASELINE_EXPLOITATION
public_01,0,syn_6214069ad878006480ec8a15e3ea4d73,syn_f147f878931a307b02955c4cc72badc4,syn_6214069ad878006480ec8a15e3ea4d73||syn_f147f878931a307b02955c4cc72badc4,0.24999999999999994,BASELINE_EXPLOITATION
public_01,0,syn_20f522f1e3a7a003f116f3de574666ce,syn_0478ca12afcd6883e3f5c278a8248756,syn_0478ca12afcd6883e3f5c278a8248756||syn_20f522f1e3a7a003f116f3de574666ce,0.19999999999999996,BASELINE_EXPLOITATION
public_01,0,syn_1e8bad18a1c14d863cef63a9970d8344,syn_6cfb88f980ceab7343e2bdd152490fdd,syn_1e8bad18a1c14d863cef63a9970d8344||syn_6cfb88f980ceab7343e2bdd152490fdd,0.15,BASELINE_EXPLOITATION
public_01,1,syn_6f243cc46db344937a9a55d12b2ee6ba,syn_5ae04ac802905ecbd5f96319a3f155b0,syn_5ae04ac802905ecbd5f96319a3f155b0||syn_6f243cc46db344937a9a55d12b2ee6ba,0.7777777777777778,BASELINE_EXPLOITATION
public_01,4,syn_5c232c51de253a52d729d5e516f23960,syn_2cb5d144832cd66b91adb378e774cb37,syn_2cb5d144832cd66b91adb378e774cb37||syn_5c232c51de253a52d729d5e516f23960,0.0,BASELINE_EXPLOITATION
public_01,7,syn_3e94cf4755a04dc34451e7870d909bfb,syn_67cdce759ac795490a634e522b0e149d,syn_3e94cf4755a04dc34451e7870d909bfb||syn_67cdce759ac795490a634e522b0e149d,0.0,BASELINE_EXPLOITATION
public_01,7,syn_3069ccc1a6f38d323719e2cbc6f59227,syn_4604a63804f7f7a1e9080fbb4433cece,syn_3069ccc1a6f38d323719e2cbc6f59227||syn_4604a63804f7f7a1e9080fbb4433cece,0.0,BASELINE_EXPLOITATION
public_01,8,syn_c8173f9ff896f70b35273e7528e0a64f,syn_0b5739186226003ae4ee382252b03e24,syn_0b5739186226003ae4ee382252b03e24||syn_c8173f9ff896f70b35273e7528e0a64f,0.6499999999999999,BASELINE_EXPLOITATION
public_01,8,syn_1590c7c7e61f068af7c1b8fe352500bc,syn_cfd27ca6495326d0508ba804ba64f5ca,syn_1590c7c7e61f068af7c1b8fe352500bc||syn_cfd27ca6495326d0508ba804ba64f5ca,0.19999999999999996,BASELINE_EXPLOITATION
public_01,8,syn_a9c181161ee8f96a7dda3ab35860d64a,syn_8ce7b7a126e840e21f92c19cbec28b18,syn_8ce7b7a126e840e21f92c19cbec28b18||syn_a9c181161ee8f96a7dda3ab35860d64a,0.0,BASELINE_EXPLOITATION
public_01,9,syn_3c8584c1f25243303edf1fcc0a7848b8,syn_69f65ca7fbcaa6bd4af36a54d5392e15,syn_3c8584c1f25243303edf1fcc0a7848b8||syn_69f65ca7fbcaa6bd4af36a54d5392e15,0.0,BASELINE_EXPLOITATION
public_01,9,syn_55f5be77b53c2ba09e4b6e525c1db2e4,syn_9932dfb7889c4acac1c6b78ec2b3fbe2,syn_55f5be77b53c2ba09e4b6e525c1db2e4||syn_9932dfb7889c4acac1c6b78ec2b3fbe2,0.0,BASELINE_EXPLOITATION
public_01,12,syn_97c9450dbb229dd5ed181a5065471e8c,syn_6774330328f6d2ac379ccb6fa733c323,syn_6774330328f6d2ac379ccb6fa733c323||syn_97c9450dbb229dd5ed181a5065471e8c,1.0,BASELINE_EXPLOITATION
public_01,13,syn_4bae37c3b69c792c35e1731394f0f149,syn_cb5ccb4d0ef4b2baee21637f3c7c12bb,syn_4bae37c3b69c792c35e1731394f0f149||syn_cb5ccb4d0ef4b2baee21637f3c7c12bb,0.3499999999999999,BASELINE_EXPLOITATION
public_01,13,syn_382d179a81216a999064306113e8d5ce,syn_ce55981e45ac6f27b30673e97f790453,syn_382d179a81216a999064306113e8d5ce||syn_ce55981e45ac6f27b30673e97f790453,0.0,BASELINE_EXPLOITATION
public_01,13,syn_d4a71b0211d2d383deb726a6d7e8f337,syn_bd58a8686e319b00ca603fc2518d8660,syn_bd58a8686e319b00ca603fc2518d8660||syn_d4a71b0211d2d383deb726a6d7e8f337,0.0,BASELINE_EXPLOITATION
public_01,14,syn_2c58ea5d2ea2e4555f06d987546aaf99,syn_6017efd3cd8e375efdd4db43ec2dc45b,syn_2c58ea5d2ea2e4555f06d987546aaf99||syn_6017efd3cd8e375efdd4db43ec2dc45b,0.0,BASELINE_EXPLOITATION
public_01,14,syn_d80b846f0dccbbb95f7ff66606375464,syn_f2c9c85da65191c936890b9a52ca3841,syn_d80b846f0dccbbb95f7ff66606375464||syn_f2c9c85da65191c936890b9a52ca3841,0.0,BASELINE_EXPLOITATION
public_01,15,syn_2ace6829562f1903e1273758af37a3b0,syn_15c58533d97d59cd8fa8f6889005853b,syn_15c58533d97d59cd8fa8f6889005853b||syn_2ace6829562f1903e1273758af37a3b0,0.0,BASELINE_EXPLOITATION
public_01,15,syn_e79da0d36035d273f913520318d5706f,syn_34c9159d0d07971f677bbb253b5bbcf0,syn_34c9159d0d07971f677bbb253b5bbcf0||syn_e79da0d36035d273f913520318d5706f,0.0,BASELINE_EXPLOITATION
public_01,16,syn_ff08099ce3f31cccc83bab0bdfe3f334,syn_95978ca6beef92cdc4b127a48f00725c,syn_95978ca6beef92cdc4b127a48f00725c||syn_ff08099ce3f31cccc83bab0bdfe3f334,0.04999999999999999,BASELINE_EXPLOITATION
public_01,19,syn_fb32b8618bad355de272dc79ff6569b7,syn_848942b9908ff818fa6fb497f438e33b,syn_848942b9908ff818fa6fb497f438e33b||syn_fb32b8618bad355de272dc79ff6569b7,0.0,BASELINE_EXPLOITATION
public_01,19,syn_dac6ff4452913f2419cdedcc570879e7,syn_d3927dfb4ba1444e5c3b6e48d99aac7c,syn_d3927dfb4ba1444e5c3b6e48d99aac7c||syn_dac6ff4452913f2419cdedcc570879e7,0.0,BASELINE_EXPLOITATION
public_01,23,syn_aad7734833bf13651bfa0ea1773077e3,syn_017980b80fe495ad006acf9b65a6fcc3,syn_017980b80fe495ad006acf9b65a6fcc3||syn_aad7734833bf13651bfa0ea1773077e3,0.0,BASELINE_EXPLOITATION
public_01,23,syn_41c413cc05ebffa5a48edf51e8b5f41c,syn_49e3e49b02ef389261d13172be7c8611,syn_41c413cc05ebffa5a48edf51e8b5f41c||syn_49e3e49b02ef389261d13172be7c8611,0.0,BASELINE_EXPLOITATION
public_02,0,syn_df55510630c387a8332959160eec8e4b,syn_e0d820e79c94aea13f5013dc65e8af4f,syn_df55510630c387a8332959160eec8e4b||syn_e0d820e79c94aea13f5013dc65e8af4f,0.7,BASELINE_EXPLOITATION
public_02,0,syn_5901d252ec94242330ca03c8dfdc084c,syn_5659274dc924b6915cfa95b81012dc43,syn_5659274dc924b6915cfa95b81012dc43||syn_5901d252ec94242330ca03c8dfdc084c,0.7,BASELINE_EXPLOITATION
public_02,0,syn_9a6819069e54f8e26098a5a7064afa51,syn_13516bb80dd39f3ce4ef943eca9d421e,syn_13516bb80dd39f3ce4ef943eca9d421e||syn_9a6819069e54f8e26098a5a7064afa51,0.3499999999999999,BASELINE_EXPLOITATION
public_02,0,syn_4b24cce531aeb6bec399ad003eb5bf35,syn_6edbeb8274e40517866227d17ad53adf,syn_4b24cce531aeb6bec399ad003eb5bf35||syn_6edbeb8274e40517866227d17ad53adf,0.3499999999999999,BASELINE_EXPLOITATION
public_02,0,syn_ad946c4e2d51c4381a00d6a3a07c8f5c,syn_a6e1e3157ea05a77655d69145cb9340c,syn_a6e1e3157ea05a77655d69145cb9340c||syn_ad946c4e2d51c4381a00d6a3a07c8f5c,0.0,BASELINE_EXPLOITATION
public_02,1,syn_514d26a6c970dbaed9dfb5971b92fd98,syn_d16420689fdde7c0d35d130797ca9e5f,syn_514d26a6c970dbaed9dfb5971b92fd98||syn_d16420689fdde7c0d35d130797ca9e5f,0.04999999999999999,BASELINE_EXPLOITATION
public_02,3,syn_32297fb064c264489c9e4039876f24ba,syn_e77fb3ea136541875ef0d0ed5153426c,syn_32297fb064c264489c9e4039876f24ba||syn_e77fb3ea136541875ef0d0ed5153426c,1.0,BASELINE_EXPLOITATION
public_02,3,syn_fe315b98117e4d81e77e76cdab5582b5,syn_469fe83e4a99f3d77981a1c1f7ea5386,syn_469fe83e4a99f3d77981a1c1f7ea5386||syn_fe315b98117e4d81e77e76cdab5582b5,0.0,BASELINE_EXPLOITATION
public_02,4,syn_c58e8eb0c882695da0ed7627b3275fe8,syn_dd56e893d452e71919601782ed0489cc,syn_c58e8eb0c882695da0ed7627b3275fe8||syn_dd56e893d452e71919601782ed0489cc,0.0,BASELINE_EXPLOITATION
public_02,4,syn_f57a076753e50d87788a9f182f1fb641,syn_7cc830bf46268a150ea841a6aeac8371,syn_7cc830bf46268a150ea841a6aeac8371||syn_f57a076753e50d87788a9f182f1fb641,0.0,BASELINE_EXPLOITATION
public_02,4,syn_1b0d4134d1050964a580a21b036a88d7,syn_576b0b21e0dbd7a6bfdf295c4ff7fad8,syn_1b0d4134d1050964a580a21b036a88d7||syn_576b0b21e0dbd7a6bfdf295c4ff7fad8,0.0,BASELINE_EXPLOITATION
public_02,5,syn_bc5dc1bed9bd1944ab69f17c8c85e2cb,syn_bf9ab71b941cbe9762adff47a4b92047,syn_bc5dc1bed9bd1944ab69f17c8c85e2cb||syn_bf9ab71b941cbe9762adff47a4b92047,0.0,BASELINE_EXPLOITATION
public_02,5,syn_85bf11e712d179c418ccdfa063ffd5d7,syn_86a700b706a3f9d202eeee624e20ac53,syn_85bf11e712d179c418ccdfa063ffd5d7||syn_86a700b706a3f9d202eeee624e20ac53,0.0,BASELINE_EXPLOITATION
public_02,7,syn_90213c190680922a29c711b54742d3e1,syn_ca5ea29724c34d6be9814bb237c261ac,syn_90213c190680922a29c711b54742d3e1||syn_ca5ea29724c34d6be9814bb237c261ac,0.6499999999999999,BASELINE_EXPLOITATION
public_02,8,syn_c85c5f4b0c079ca8e30677ea1c7ee178,syn_2056609e060881f2404b3e6d30d72b1b,syn_2056609e060881f2404b3e6d30d72b1b||syn_c85c5f4b0c079ca8e30677ea1c7ee178,0.0,BASELINE_EXPLOITATION
public_02,9,syn_964b47ce9e65d08b24ac9115da831a47,syn_ec903125e9aaa8d948d4e78ea201cb07,syn_964b47ce9e65d08b24ac9115da831a47||syn_ec903125e9aaa8d948d4e78ea201cb07,0.6499999999999999,BASELINE_EXPLOITATION
public_02,9,syn_9780271663b2599273144f180e877968,syn_df2351b216e9b989fdcdb980be123864,syn_9780271663b2599273144f180e877968||syn_df2351b216e9b989fdcdb980be123864,0.5,BASELINE_EXPLOITATION
public_02,9,syn_df1fff6e0e3735985e36ea3e3c6864fe,syn_3a86f4a1b6a07735508a880e428bee60,syn_3a86f4a1b6a07735508a880e428bee60||syn_df1fff6e0e3735985e36ea3e3c6864fe,0.0,BASELINE_EXPLOITATION
public_02,10,syn_8a5ab5e24cf1da571d7fc224290b5d55,syn_6842f6631c6d8aa01c669d8772ab7814,syn_6842f6631c6d8aa01c669d8772ab7814||syn_8a5ab5e24cf1da571d7fc224290b5d55,0.0,BASELINE_EXPLOITATION
public_02,11,syn_4ab039bc016a7f9170528808204c430f,syn_9e3068d8d35b9eefda160e3de29ef47f,syn_4ab039bc016a7f9170528808204c430f||syn_9e3068d8d35b9eefda160e3de29ef47f,0.7999999999999998,BASELINE_EXPLOITATION
public_02,11,syn_d1d40e5694a83bf50c52e9b5a1c72bcf,syn_02599d522c48ce7f9d47ca93ce0e969b,syn_02599d522c48ce7f9d47ca93ce0e969b||syn_d1d40e5694a83bf50c52e9b5a1c72bcf,0.0,BASELINE_EXPLOITATION
public_02,12,syn_e6cc7ae09a87200ef93018c566b517f2,syn_8efbdba2e69c3948ce821a428e72ec36,syn_8efbdba2e69c3948ce821a428e72ec36||syn_e6cc7ae09a87200ef93018c566b517f2,0.0,BASELINE_EXPLOITATION
public_02,13,syn_ac51d3efb980280e5357ef62f0295996,syn_e8e39c781a4ab8dc656bda3d249059d2,syn_ac51d3efb980280e5357ef62f0295996||syn_e8e39c781a4ab8dc656bda3d249059d2,0.0,BASELINE_EXPLOITATION
public_02,14,syn_b648b44d01cd5170c0828409a2384c3a,syn_5fe81c19774479c8dabc6a4cfda80478,syn_5fe81c19774479c8dabc6a4cfda80478||syn_b648b44d01cd5170c0828409a2384c3a,1.0,BASELINE_EXPLOITATION
public_02,15,syn_d75df7ee5c1faa9f52135cb13ccc38b7,syn_f7b44afc75607f2f2733766a3e903373,syn_d75df7ee5c1faa9f52135cb13ccc38b7||syn_f7b44afc75607f2f2733766a3e903373,0.0,BASELINE_EXPLOITATION
public_02,20,syn_c317705f90a517571b63aec42fee59d2,syn_4387e89fdb0f8be8ba5e37551b474d67,syn_4387e89fdb0f8be8ba5e37551b474d67||syn_c317705f90a517571b63aec42fee59d2,0.24999999999999994,BASELINE_EXPLOITATION
public_02,23,syn_83a10b886c37d4b67300884e3a838d70,syn_6b287023da72ef6cb9c29b0f5643870d,syn_6b287023da72ef6cb9c29b0f5643870d||syn_83a10b886c37d4b67300884e3a838d70,0.0,BASELINE_EXPLOITATION
public_03,0,syn_f0b3737a63de7597108e36583367bbb7,syn_185239edefd298df77c057d55930fe3f,syn_185239edefd298df77c057d55930fe3f||syn_f0b3737a63de7597108e36583367bbb7,0.7,BASELINE_EXPLOITATION
public_03,0,syn_0dcddd397cc41379aed85d08113dccc2,syn_aeda30eef136d5cac223d2b091fca1e8,syn_0dcddd397cc41379aed85d08113dccc2||syn_aeda30eef136d5cac223d2b091fca1e8,0.3499999999999999,BASELINE_EXPLOITATION
public_03,0,syn_a705c593e6e69e8c4a02d9d99ba7d9f7,syn_1386702035718f2adc1df53d409beb16,syn_1386702035718f2adc1df53d409beb16||syn_a705c593e6e69e8c4a02d9d99ba7d9f7,0.14999999999999997,BASELINE_EXPLOITATION
public_03,0,syn_8f39a65287b445d3ccf69246a7619568,syn_407f3f4c2592820b9dae3d1a95298f39,syn_407f3f4c2592820b9dae3d1a95298f39||syn_8f39a65287b445d3ccf69246a7619568,0.0,BASELINE_EXPLOITATION
public_03,0,syn_34aa0a28e12d784b4da439122c77774b,syn_d2414464b2a6a05ebd2a96f0dc02327f,syn_34aa0a28e12d784b4da439122c77774b||syn_d2414464b2a6a05ebd2a96f0dc02327f,0.0,BASELINE_EXPLOITATION
public_03,1,syn_19ffe86a38a726abfc6bee1422d2f5d6,syn_a08822f8af42edfa13e3ba73ddbb4cd9,syn_19ffe86a38a726abfc6bee1422d2f5d6||syn_a08822f8af42edfa13e3ba73ddbb4cd9,0.0,BASELINE_EXPLOITATION
public_03,2,syn_e76bd7cf5e613585e449a6c13e24eb84,syn_e6d67192c35395af70347c1dc1630fc7,syn_e6d67192c35395af70347c1dc1630fc7||syn_e76bd7cf5e613585e449a6c13e24eb84,0.0,BASELINE_EXPLOITATION
public_03,5,syn_18a7e01b9e23964097c13510afb4aeab,syn_e4817a691db5cd5fed599dbc64460e0f,syn_18a7e01b9e23964097c13510afb4aeab||syn_e4817a691db5cd5fed599dbc64460e0f,0.4999999999999999,BASELINE_EXPLOITATION
public_03,5,syn_b6fbb8ff4cd880418e162d8d627e308b,syn_ab856031478d06b490854365aa25908b,syn_ab856031478d06b490854365aa25908b||syn_b6fbb8ff4cd880418e162d8d627e308b,0.0,BASELINE_EXPLOITATION
public_03,7,syn_7b1b814754ebe2b92df68ab65d19f094,syn_72e1b979e4b2781f8bf61d122cbf6bca,syn_72e1b979e4b2781f8bf61d122cbf6bca||syn_7b1b814754ebe2b92df68ab65d19f094,0.3499999999999999,BASELINE_EXPLOITATION
public_03,7,syn_f8f2a559252b3698a0edb501cd7ae110,syn_ca8ec182051432927289a3155c8c0876,syn_ca8ec182051432927289a3155c8c0876||syn_f8f2a559252b3698a0edb501cd7ae110,0.0,BASELINE_EXPLOITATION
public_03,7,syn_eded8c2e3b856be5f61d4a96e97501e6,syn_74c3cf4067a36e0751799c4d031b3b78,syn_74c3cf4067a36e0751799c4d031b3b78||syn_eded8c2e3b856be5f61d4a96e97501e6,0.0,BASELINE_EXPLOITATION
public_03,8,syn_b7f3ce4fbc9704d8bcfee59cfe0b92c8,syn_a95813bf865c1a3f3b025533d8954ddc,syn_a95813bf865c1a3f3b025533d8954ddc||syn_b7f3ce4fbc9704d8bcfee59cfe0b92c8,1.0,BASELINE_EXPLOITATION
public_03,8,syn_9aa3ac30785d97aef0bab849e217414b,syn_bfd99733771c07a714b8a96dafb6c944,syn_9aa3ac30785d97aef0bab849e217414b||syn_bfd99733771c07a714b8a96dafb6c944,1.0,BASELINE_EXPLOITATION
public_03,8,syn_3d8576cd1d963097c3fe9bc506a7f764,syn_627291d2d2016660f5252586e2e4de14,syn_3d8576cd1d963097c3fe9bc506a7f764||syn_627291d2d2016660f5252586e2e4de14,0.6499999999999999,BASELINE_EXPLOITATION
public_03,8,syn_bdbe75f3389eeea2facac1daf3b8f54f,syn_e5d18942277d59e159571a60417084dd,syn_bdbe75f3389eeea2facac1daf3b8f54f||syn_e5d18942277d59e159571a60417084dd,0.44999999999999984,BASELINE_EXPLOITATION
public_03,8,syn_142667e30eb084da04350e5d347e3b28,syn_15094d95bee0f3794505e615ef38f757,syn_142667e30eb084da04350e5d347e3b28||syn_15094d95bee0f3794505e615ef38f757,0.24999999999999994,BASELINE_EXPLOITATION
public_03,8,syn_7152ee7f2ce7db4b951d0a90817d6087,syn_e88e595ca7d3d829c88b8dfd1f418740,syn_7152ee7f2ce7db4b951d0a90817d6087||syn_e88e595ca7d3d829c88b8dfd1f418740,0.0,BASELINE_EXPLOITATION
public_03,8,syn_3fd966eba61dc3463d3f6fcab27f1842,syn_7890ec61d2453731c2bed8b2c3789683,syn_3fd966eba61dc3463d3f6fcab27f1842||syn_7890ec61d2453731c2bed8b2c3789683,0.0,BASELINE_EXPLOITATION
public_03,11,syn_31667db2fdb3a644ceaa3debec01d16a,syn_d1e9ca7f6e5beff1f3d5148215458a96,syn_31667db2fdb3a644ceaa3debec01d16a||syn_d1e9ca7f6e5beff1f3d5148215458a96,0.0,BASELINE_EXPLOITATION
public_03,12,syn_f0ac5b307a3422f700d73938aa017c30,syn_27acdff62392ec6c2f7235dc7280b1de,syn_27acdff62392ec6c2f7235dc7280b1de||syn_f0ac5b307a3422f700d73938aa017c30,0.0,BASELINE_EXPLOITATION
public_03,12,syn_c660a0f85f5d3d333ed60c3392f7d636,syn_67893c68ab178bb86b95125c91dbf718,syn_67893c68ab178bb86b95125c91dbf718||syn_c660a0f85f5d3d333ed60c3392f7d636,0.0,BASELINE_EXPLOITATION
public_03,18,syn_026ffe3c500b39c39ec7c2eed36e36e3,syn_7544cf0fc4755e291401840e2f8816a4,syn_026ffe3c500b39c39ec7c2eed36e36e3||syn_7544cf0fc4755e291401840e2f8816a4,0.0,BASELINE_EXPLOITATION
public_03,20,syn_99e8989458acdcc36e405dc78a4f83d9,syn_86283b14f5fafd238ae7d3a164ccab16,syn_86283b14f5fafd238ae7d3a164ccab16||syn_99e8989458acdcc36e405dc78a4f83d9,0.0,BASELINE_EXPLOITATION
public_04,0,syn_fc4aafa8e1d8f4e7236cd571da9c7b5d,syn_a36e85bc3ba96be0c2b160b2a74458a2,syn_a36e85bc3ba96be0c2b160b2a74458a2||syn_fc4aafa8e1d8f4e7236cd571da9c7b5d,0.4999999999999999,BASELINE_EXPLOITATION
public_04,0,syn_26e7743051a10c35ca448232f7764c4a,syn_7d448552e3c6ed9ebe17c4fdc0aeb319,syn_26e7743051a10c35ca448232f7764c4a||syn_7d448552e3c6ed9ebe17c4fdc0aeb319,0.4999999999999999,BASELINE_EXPLOITATION
public_04,0,syn_04ea825fe0fc546d92d6a3520fb7c469,syn_d1b5f8ee73715bd439ffdd81ad2039c1,syn_04ea825fe0fc546d92d6a3520fb7c469||syn_d1b5f8ee73715bd439ffdd81ad2039c1,0.3,BASELINE_EXPLOITATION
public_04,0,syn_849e022f628b4bab94ec91859a2eb260,syn_685afb58756b09bce56c0f7d31be8487,syn_685afb58756b09bce56c0f7d31be8487||syn_849e022f628b4bab94ec91859a2eb260,0.3,BASELINE_EXPLOITATION
public_04,0,syn_74c35467d7d42e945b810aed798b15fd,syn_63ad3a28d9c1b1909ddaa90af696e0e9,syn_63ad3a28d9c1b1909ddaa90af696e0e9||syn_74c35467d7d42e945b810aed798b15fd,0.0,BASELINE_EXPLOITATION
public_04,0,syn_e453a9753947b8de3c0e1a316bed97e0,syn_1890fa287cb47cb3c40bfc072dea2831,syn_1890fa287cb47cb3c40bfc072dea2831||syn_e453a9753947b8de3c0e1a316bed97e0,0.0,BASELINE_EXPLOITATION
public_04,1,syn_2ca17e374c5c610d6ebd340ad8aacd7f,syn_89ffea423f1a280a457958942f6b8ab8,syn_2ca17e374c5c610d6ebd340ad8aacd7f||syn_89ffea423f1a280a457958942f6b8ab8,0.0,BASELINE_EXPLOITATION
public_04,4,syn_fe54992336ae0c81303f5edb21783146,syn_b72bed3a1917283c235f25d632fec8be,syn_b72bed3a1917283c235f25d632fec8be||syn_fe54992336ae0c81303f5edb21783146,0.0,BASELINE_EXPLOITATION
public_04,4,syn_bd73b3c0ed911bba8f82e95365300148,syn_18e71c29fea4faa2e9521f85243b9f95,syn_18e71c29fea4faa2e9521f85243b9f95||syn_bd73b3c0ed911bba8f82e95365300148,0.0,BASELINE_EXPLOITATION
public_04,5,syn_38dbdc9717d6e36a819261a8eae3e39a,syn_e7a68b664447aa1b9a47d321c285d374,syn_38dbdc9717d6e36a819261a8eae3e39a||syn_e7a68b664447aa1b9a47d321c285d374,0.0,BASELINE_EXPLOITATION
public_04,7,syn_ec05382d80bba6e4273caefd8c1c6f6d,syn_3d9c8af991bc51ab54c7c0880f2bec7d,syn_3d9c8af991bc51ab54c7c0880f2bec7d||syn_ec05382d80bba6e4273caefd8c1c6f6d,0.0,BASELINE_EXPLOITATION
public_04,7,syn_d744f1c529f904c1246ab63e0e41b857,syn_fbe1b83833b2641f4b119c9986cd4b5b,syn_d744f1c529f904c1246ab63e0e41b857||syn_fbe1b83833b2641f4b119c9986cd4b5b,0.0,BASELINE_EXPLOITATION
public_04,8,syn_1f125e068adfe453e6d646b417a74160,syn_eb8696fb693b13718b8d552d3dee6513,syn_1f125e068adfe453e6d646b417a74160||syn_eb8696fb693b13718b8d552d3dee6513,0.4999999999999999,BASELINE_EXPLOITATION
public_04,8,syn_83577c49b97c67fc62385886ccbc3d84,syn_397e6f808de609ed6233f67bfbbf5073,syn_397e6f808de609ed6233f67bfbbf5073||syn_83577c49b97c67fc62385886ccbc3d84,0.0,BASELINE_EXPLOITATION
public_04,11,syn_a4279277750c71af05633514f4cfd51b,syn_93ef35bd033e0f6f8d9a1712f26b9d09,syn_93ef35bd033e0f6f8d9a1712f26b9d09||syn_a4279277750c71af05633514f4cfd51b,0.0,BASELINE_EXPLOITATION
public_04,12,syn_730febe55e4f2d8c3c2e7d2eb7f1c334,syn_b7e8304a5ec73d58a2bceee63ad36fa9,syn_730febe55e4f2d8c3c2e7d2eb7f1c334||syn_b7e8304a5ec73d58a2bceee63ad36fa9,0.0,BASELINE_EXPLOITATION
public_04,13,syn_4f14c897aa979fb06e0af2950b90a9ac,syn_8934e986f20fa72046c53b387930debc,syn_4f14c897aa979fb06e0af2950b90a9ac||syn_8934e986f20fa72046c53b387930debc,0.3499999999999999,BASELINE_EXPLOITATION
public_04,13,syn_114cfdbc3bf09d6b2f5a94c7afec0e45,syn_a7fc11fd0ef3e4f98b7abe8f05ba6707,syn_114cfdbc3bf09d6b2f5a94c7afec0e45||syn_a7fc11fd0ef3e4f98b7abe8f05ba6707,0.0,BASELINE_EXPLOITATION
public_04,14,syn_c83ea6d69287771a7423f5440eb8cb8c,syn_36db1f5d2e83246f218ddc986f80693c,syn_36db1f5d2e83246f218ddc986f80693c||syn_c83ea6d69287771a7423f5440eb8cb8c,1.0,BASELINE_EXPLOITATION
public_04,14,syn_9072468e31c86339118b54fef372dc6e,syn_b6ccbfc677b089b19eae1e15f731705e,syn_9072468e31c86339118b54fef372dc6e||syn_b6ccbfc677b089b19eae1e15f731705e,0.0,BASELINE_EXPLOITATION
public_04,15,syn_c03868d63853ea1bff35bc0992f6de98,syn_5fde49d24837cd3528d28b491b0dfee0,syn_5fde49d24837cd3528d28b491b0dfee0||syn_c03868d63853ea1bff35bc0992f6de98,0.0,BASELINE_EXPLOITATION
public_04,15,syn_bb61c323976a280aaba80f4eaf891669,syn_1b6880c76aa4fac265ac5fd1a789e195,syn_1b6880c76aa4fac265ac5fd1a789e195||syn_bb61c323976a280aaba80f4eaf891669,0.0,BASELINE_EXPLOITATION
public_04,16,syn_638e3707b3fd032bbac98862c7b487d7,syn_2c9bc92b3661a67a689cdd9292b72dd8,syn_2c9bc92b3661a67a689cdd9292b72dd8||syn_638e3707b3fd032bbac98862c7b487d7,0.0,BASELINE_EXPLOITATION
public_04,17,syn_9cc7f75fc94e69a63816c0161fc1afb7,syn_4596ec0d6abed93dc1418234c5791984,syn_4596ec0d6abed93dc1418234c5791984||syn_9cc7f75fc94e69a63816c0161fc1afb7,0.0,BASELINE_EXPLOITATION
public_04,18,syn_321a39fae8f0dba4e3edbab774b58d93,syn_7ba96d0f0cba9592b4b83299379b202c,syn_321a39fae8f0dba4e3edbab774b58d93||syn_7ba96d0f0cba9592b4b83299379b202c,0.0,BASELINE_EXPLOITATION
public_04,19,syn_731849480b4c01c377ca6e6902519aba,syn_24e084798f238a279f16794b68afbddf,syn_24e084798f238a279f16794b68afbddf||syn_731849480b4c01c377ca6e6902519aba,1.0,BASELINE_EXPLOITATION
public_04,19,syn_03eaad8b6bf2574c57e40c280d593f64,syn_0d4aeb780385fa80ff0427c0fdd07221,syn_03eaad8b6bf2574c57e40c280d593f64||syn_0d4aeb780385fa80ff0427c0fdd07221,0.14999999999999997,BASELINE_EXPLOITATION
public_04,20,syn_13fc06c272d820a3ddd99f0df6d3d858,syn_6a4ff0756c596d06fde49ec61dabf80f,syn_13fc06c272d820a3ddd99f0df6d3d858||syn_6a4ff0756c596d06fde49ec61dabf80f,0.0,BASELINE_EXPLOITATION
public_04,23,syn_d55e7be8bc8def7a7ba01987a41edd23,syn_938b2288b51fb2c969f0471cd76902b4,syn_938b2288b51fb2c969f0471cd76902b4||syn_d55e7be8bc8def7a7ba01987a41edd23,0.0,BASELINE_EXPLOITATION
public_05,0,syn_f52d998f7b3adeed3355e5e1ddd5221d,syn_f8eb160de9f82987145dcf9bd6c14111,syn_f52d998f7b3adeed3355e5e1ddd5221d||syn_f8eb160de9f82987145dcf9bd6c14111,0.8499999999999999,BASELINE_EXPLOITATION
public_05,0,syn_daae70040111edbb049035d2a01a3d36,syn_e00e10705d734ac68710874d558dc113,syn_daae70040111edbb049035d2a01a3d36||syn_e00e10705d734ac68710874d558dc113,0.5999999999999999,BASELINE_EXPLOITATION
public_05,0,syn_23170a23564440a1d4402bade96fbeaa,syn_7e4f49ce22a2dc79ca61ba0bc89f0f82,syn_23170a23564440a1d4402bade96fbeaa||syn_7e4f49ce22a2dc79ca61ba0bc89f0f82,0.5499999999999999,BASELINE_EXPLOITATION
public_05,0,syn_b30ea3f02d38b8923b5460bfef0e7833,syn_0cc07e96f676a5d559cbc5e653e33702,syn_0cc07e96f676a5d559cbc5e653e33702||syn_b30ea3f02d38b8923b5460bfef0e7833,0.4999999999999999,BASELINE_EXPLOITATION
public_05,0,syn_e4fef32cad521b8353e4ea2998891934,syn_221878d393f071a58d95cb551a7526b0,syn_221878d393f071a58d95cb551a7526b0||syn_e4fef32cad521b8353e4ea2998891934,0.0,BASELINE_EXPLOITATION
public_05,0,syn_d972a517765f7d71a85724b9e4c75331,syn_491d2caa03074de80577fcadbbb7619c,syn_491d2caa03074de80577fcadbbb7619c||syn_d972a517765f7d71a85724b9e4c75331,0.0,BASELINE_EXPLOITATION
public_05,0,syn_9b67b3d6b3dda13686dfab9594a9106a,syn_6c730c5a5781af7f9e2b80ea146f1771,syn_6c730c5a5781af7f9e2b80ea146f1771||syn_9b67b3d6b3dda13686dfab9594a9106a,0.0,BASELINE_EXPLOITATION
public_05,1,syn_2f057a3c05913d701d608a8b13727219,syn_ccf2ffc5c3c46880ac055917f6db70d1,syn_2f057a3c05913d701d608a8b13727219||syn_ccf2ffc5c3c46880ac055917f6db70d1,0.0,BASELINE_EXPLOITATION
public_05,2,syn_32431bcfe5fcb7cce07e8b444d497c9c,syn_3788539c7c8062cd932e2b427024d8ea,syn_32431bcfe5fcb7cce07e8b444d497c9c||syn_3788539c7c8062cd932e2b427024d8ea,0.0,BASELINE_EXPLOITATION
public_05,4,syn_955a8bdca2d80121eeda9df1c5b47f0d,syn_7eee6a7a0275f890ef8c6385bb0ca86e,syn_7eee6a7a0275f890ef8c6385bb0ca86e||syn_955a8bdca2d80121eeda9df1c5b47f0d,1.0,BASELINE_EXPLOITATION
public_05,6,syn_67b0f6eb14762eb08d8efed7fa00de7a,syn_6dfa6319d5843197875fd20f90b4f507,syn_67b0f6eb14762eb08d8efed7fa00de7a||syn_6dfa6319d5843197875fd20f90b4f507,0.7499999999999999,BASELINE_EXPLOITATION
public_05,6,syn_763cc0d6b5feee5882701909f33a0777,syn_4a20fe000b050b1f78e4337959fe7ff3,syn_4a20fe000b050b1f78e4337959fe7ff3||syn_763cc0d6b5feee5882701909f33a0777,0.4999999999999999,BASELINE_EXPLOITATION
public_05,6,syn_36b3b69ccaea82d40d69f92264d42798,syn_bb7b6073c8216ea13025eadbfeb27f2c,syn_36b3b69ccaea82d40d69f92264d42798||syn_bb7b6073c8216ea13025eadbfeb27f2c,0.0,BASELINE_EXPLOITATION
public_05,8,syn_4f070b9e8e1937e0c4f475679f709212,syn_4e4f8a89ffdf53a7a00e056676176947,syn_4e4f8a89ffdf53a7a00e056676176947||syn_4f070b9e8e1937e0c4f475679f709212,0.0,BASELINE_EXPLOITATION
public_05,8,syn_ddffc7d6a417e25916ed2eab0982b3c8,syn_20015b9f913e9730ed42ef967dc1d64e,syn_20015b9f913e9730ed42ef967dc1d64e||syn_ddffc7d6a417e25916ed2eab0982b3c8,0.0,BASELINE_EXPLOITATION
public_05,8,syn_0766aba8ddd61a47df3dbb63375de874,syn_ae494b453b2b66f7bbd82e220000b1f3,syn_0766aba8ddd61a47df3dbb63375de874||syn_ae494b453b2b66f7bbd82e220000b1f3,0.0,BASELINE_EXPLOITATION
public_05,9,syn_4da096510159e7ed67bcea8df1fd9276,syn_a6346867188be48c086974c8aa3d5967,syn_4da096510159e7ed67bcea8df1fd9276||syn_a6346867188be48c086974c8aa3d5967,0.0,BASELINE_EXPLOITATION
public_05,10,syn_0e10d543d7c883b4d5fe21bb13c7d538,syn_5bebeccf17480908bbd31f4c4aac6692,syn_0e10d543d7c883b4d5fe21bb13c7d538||syn_5bebeccf17480908bbd31f4c4aac6692,0.0,BASELINE_EXPLOITATION
public_05,10,syn_061c22f2a1663ca7819876a7005398da,syn_919cfceaa6d9da68ff80e54bea0d3919,syn_061c22f2a1663ca7819876a7005398da||syn_919cfceaa6d9da68ff80e54bea0d3919,0.0,BASELINE_EXPLOITATION
public_05,10,syn_a624629294f6a7e9435457352ce33a91,syn_0c8744e4024204f6c04a07e714258d47,syn_0c8744e4024204f6c04a07e714258d47||syn_a624629294f6a7e9435457352ce33a91,0.0,BASELINE_EXPLOITATION
public_05,11,syn_6386031efeb54abdfa96637beb180642,syn_9fb3c613a617b17a29a795544a56781a,syn_6386031efeb54abdfa96637beb180642||syn_9fb3c613a617b17a29a795544a56781a,1.0,BASELINE_EXPLOITATION
public_05,11,syn_0cf9e38720b54f715da4f4930ee5b602,syn_d1ce45f75d93596c81ae980e72fec48f,syn_0cf9e38720b54f715da4f4930ee5b602||syn_d1ce45f75d93596c81ae980e72fec48f,0.24999999999999994,BASELINE_EXPLOITATION
public_05,11,syn_b6369e410635234f5beb89e67f56ad47,syn_3ff803cc4309f41eb7e9181d17112507,syn_3ff803cc4309f41eb7e9181d17112507||syn_b6369e410635234f5beb89e67f56ad47,0.0,BASELINE_EXPLOITATION
public_05,12,syn_157edf54df236ac31689f77dc50f5ff1,syn_8f15f01517ad9b1f664750c54ede74a8,syn_157edf54df236ac31689f77dc50f5ff1||syn_8f15f01517ad9b1f664750c54ede74a8,0.0,BASELINE_EXPLOITATION
public_05,13,syn_4d82c616c12ba2e70ddce92c2cb31a1d,syn_59ff3e1be8b80799f03c9a0adcc9a8f7,syn_4d82c616c12ba2e70ddce92c2cb31a1d||syn_59ff3e1be8b80799f03c9a0adcc9a8f7,1.0,BASELINE_EXPLOITATION
public_05,14,syn_2455179885e7a5cdd0d701736adad366,syn_d28061e75589e2ff0d7526ffe3542260,syn_2455179885e7a5cdd0d701736adad366||syn_d28061e75589e2ff0d7526ffe3542260,1.0,BASELINE_EXPLOITATION
public_05,15,syn_3629e30d62cfc4882e782ef72b076973,syn_d3e2d8f77d4d02c0acbb83cb17567a95,syn_3629e30d62cfc4882e782ef72b076973||syn_d3e2d8f77d4d02c0acbb83cb17567a95,0.0,BASELINE_EXPLOITATION
public_05,15,syn_d14e8e3bc349a408cacb453a7abffef8,syn_57075763fca69b7e34ab38ec4ef39c2c,syn_57075763fca69b7e34ab38ec4ef39c2c||syn_d14e8e3bc349a408cacb453a7abffef8,0.0,BASELINE_EXPLOITATION
public_05,17,syn_ed73a5ffcde32d3d29c33a9428f04344,syn_75273d30606bde7fe1c8835426415983,syn_75273d30606bde7fe1c8835426415983||syn_ed73a5ffcde32d3d29c33a9428f04344,0.6499999999999999,BASELINE_EXPLOITATION
public_05,17,syn_c6bb9b0b7fc676c3f6005dcf8489ce2f,syn_04e14bb2ba3ef2f338b787a065feb029,syn_04e14bb2ba3ef2f338b787a065feb029||syn_c6bb9b0b7fc676c3f6005dcf8489ce2f,0.0,BASELINE_EXPLOITATION
public_05,18,syn_eada6f0a34c5cf0b2f06296178a0c151,syn_f6dd627d1108f9a47392d79f0b9097f5,syn_eada6f0a34c5cf0b2f06296178a0c151||syn_f6dd627d1108f9a47392d79f0b9097f5,0.14999999999999997,BASELINE_EXPLOITATION
public_05,19,syn_1ab52096a2599eef55733d91101816d8,syn_21b698c1e3f90d1bd65d6ad2d9ef441f,syn_1ab52096a2599eef55733d91101816d8||syn_21b698c1e3f90d1bd65d6ad2d9ef441f,0.0,BASELINE_EXPLOITATION
public_05,20,syn_6b7eb0df5039395a52a881574eeade11,syn_9b1639c7077b8d46da5a9cfd4b905450,syn_6b7eb0df5039395a52a881574eeade11||syn_9b1639c7077b8d46da5a9cfd4b905450,0.7,BASELINE_EXPLOITATION
public_05,21,syn_a242f7d8327c808790c0d4811d284b0f,syn_e6b57e07ceafd25bccb206402eb52056,syn_a242f7d8327c808790c0d4811d284b0f||syn_e6b57e07ceafd25bccb206402eb52056,0.25,BASELINE_EXPLOITATION
public_05,26,syn_dc0858337c792155030cc8fbec54eec3,syn_590a56783612729510c25839298559af,syn_590a56783612729510c25839298559af||syn_dc0858337c792155030cc8fbec54eec3,1.0,BASELINE_EXPLOITATION
public_05,34,syn_ac039c8f01ab45ccabebd9c693b3f163,syn_63cfd88b7a8214239fa0cb2b84e40d46,syn_63cfd88b7a8214239fa0cb2b84e40d46||syn_ac039c8f01ab45ccabebd9c693b3f163,1.0,BASELINE_EXPLOITATION
public_05,35,syn_4a7b247271af5287477fd12588891a87,syn_ecf32b641332b65d333f47c3978a17c0,syn_4a7b247271af5287477fd12588891a87||syn_ecf32b641332b65d333f47c3978a17c0,0.0,BASELINE_EXPLOITATION
public_06,0,syn_f5f64a7cff02dde0d10de1e8e2b33e10,syn_bf01f7e7bb92779ea8360e92cc83031e,syn_bf01f7e7bb92779ea8360e92cc83031e||syn_f5f64a7cff02dde0d10de1e8e2b33e10,0.75,BASELINE_EXPLOITATION
public_06,0,syn_d4571dc0a23e2466dc16c47c35d3042d,syn_9d73fd68d0f77941e6ecc9252178ab33,syn_9d73fd68d0f77941e6ecc9252178ab33||syn_d4571dc0a23e2466dc16c47c35d3042d,0.7499999999999999,BASELINE_EXPLOITATION
public_06,0,syn_8260455eb59a52afc98cccf5d43808c8,syn_3f8425ccd19a1308cd50bfe6286cdf0f,syn_3f8425ccd19a1308cd50bfe6286cdf0f||syn_8260455eb59a52afc98cccf5d43808c8,0.7,BASELINE_EXPLOITATION
public_06,0,syn_a74e52fe4088d82013a36a493970cbeb,syn_0854d44af913f675049a173b3addf2a9,syn_0854d44af913f675049a173b3addf2a9||syn_a74e52fe4088d82013a36a493970cbeb,0.4999999999999999,BASELINE_EXPLOITATION
public_06,0,syn_a800c4360c4c83b1f3060ffd5dbcba75,syn_753f66768c1fc72197f73090e0d6fc62,syn_753f66768c1fc72197f73090e0d6fc62||syn_a800c4360c4c83b1f3060ffd5dbcba75,0.4999999999999999,BASELINE_EXPLOITATION
public_06,0,syn_ef3ec5a5d140ddb21b21b1ce436657ae,syn_b94fae7a1446ff7bb5cdefe8368f9f90,syn_b94fae7a1446ff7bb5cdefe8368f9f90||syn_ef3ec5a5d140ddb21b21b1ce436657ae,0.0,BASELINE_EXPLOITATION
public_06,3,syn_40066b9a8d3ae1b1b6d5f5fa7ad6601f,syn_3e8ac8e9fbb491d5513434fbd4fc7cd6,syn_3e8ac8e9fbb491d5513434fbd4fc7cd6||syn_40066b9a8d3ae1b1b6d5f5fa7ad6601f,0.0,BASELINE_EXPLOITATION
public_06,4,syn_fc49e2548689a82c39f848f66826b375,syn_e5f70d2eddbc8007889a8da96eff718a,syn_e5f70d2eddbc8007889a8da96eff718a||syn_fc49e2548689a82c39f848f66826b375,0.0,BASELINE_EXPLOITATION
public_06,5,syn_36edeb4cc50c76c4826bdf8313514294,syn_d7b08d99471b061ae64c605167f78437,syn_36edeb4cc50c76c4826bdf8313514294||syn_d7b08d99471b061ae64c605167f78437,0.0,BASELINE_EXPLOITATION
public_06,7,syn_cad1eac320b402c75232e3e1af60d034,syn_0c76ae3c872b370a16ecfc9e4dc86d93,syn_0c76ae3c872b370a16ecfc9e4dc86d93||syn_cad1eac320b402c75232e3e1af60d034,0.14999999999999997,BASELINE_EXPLOITATION
public_06,7,syn_80e68238319e11f1b8d38bc3e38deaec,syn_4f2dbfa74a0a3735df7052f344c53be6,syn_4f2dbfa74a0a3735df7052f344c53be6||syn_80e68238319e11f1b8d38bc3e38deaec,0.0,BASELINE_EXPLOITATION
public_06,8,syn_c6fb2e47f7f8c504e206e414bde32c98,syn_261c35150d12dad81532b5a40ac05ebe,syn_261c35150d12dad81532b5a40ac05ebe||syn_c6fb2e47f7f8c504e206e414bde32c98,0.0,BASELINE_EXPLOITATION
public_06,9,syn_ce6e46a4d61e6c4dec59accde0834b51,syn_91fee2996fe98a0b86f8b85b36a34e85,syn_91fee2996fe98a0b86f8b85b36a34e85||syn_ce6e46a4d61e6c4dec59accde0834b51,0.7,BASELINE_EXPLOITATION
public_06,9,syn_1e73fcfc7f743aaff3b445761ccc1d6f,syn_9efec4b09b700887e262cff89f455c02,syn_1e73fcfc7f743aaff3b445761ccc1d6f||syn_9efec4b09b700887e262cff89f455c02,0.12500000000000003,BASELINE_EXPLOITATION
public_06,9,syn_f4164bbe42312618163053fb76364146,syn_aa3d80edea1241f57f76f9cf8c7a6d7a,syn_aa3d80edea1241f57f76f9cf8c7a6d7a||syn_f4164bbe42312618163053fb76364146,0.04999999999999999,BASELINE_EXPLOITATION
public_06,9,syn_80d0286ab216c0b9b9144ecd996404f1,syn_4f9c2cd0705a5d3d6170c9bef6cf3e6b,syn_4f9c2cd0705a5d3d6170c9bef6cf3e6b||syn_80d0286ab216c0b9b9144ecd996404f1,0.0,BASELINE_EXPLOITATION
public_06,9,syn_24b1540ae74c6aa20d1b4a7cd8647bd3,syn_a5d2278639bc1c355462bcaf347c3ee2,syn_24b1540ae74c6aa20d1b4a7cd8647bd3||syn_a5d2278639bc1c355462bcaf347c3ee2,0.0,BASELINE_EXPLOITATION
public_06,10,syn_072b504b76074da4be0703379e2ad417,syn_46251d99bccb19676a533b9e0a93813b,syn_072b504b76074da4be0703379e2ad417||syn_46251d99bccb19676a533b9e0a93813b,0.7,BASELINE_EXPLOITATION
public_06,11,syn_d66b96f5bebe822535f9f0241e7c98de,syn_da27cb7eb32da3bbe0f1b2b21ba7e103,syn_d66b96f5bebe822535f9f0241e7c98de||syn_da27cb7eb32da3bbe0f1b2b21ba7e103,0.3499999999999999,BASELINE_EXPLOITATION
public_06,11,syn_0f2d06f448ad910379796f3c5f5c1ab1,syn_ded2ab7d044d20d0e958d52fc16172d9,syn_0f2d06f448ad910379796f3c5f5c1ab1||syn_ded2ab7d044d20d0e958d52fc16172d9,0.0,BASELINE_EXPLOITATION
public_06,13,syn_96cf8dc7a102efb3150a9e083bf747bd,syn_8270b671dbaed1029b33ebfe15aff488,syn_8270b671dbaed1029b33ebfe15aff488||syn_96cf8dc7a102efb3150a9e083bf747bd,0.0,BASELINE_EXPLOITATION
public_06,16,syn_acd396aca38889f3b27389b141192961,syn_1d5e1fe33d76777b3a045c00acccf060,syn_1d5e1fe33d76777b3a045c00acccf060||syn_acd396aca38889f3b27389b141192961,0.09999999999999998,BASELINE_EXPLOITATION
public_06,22,syn_874aa1f7444aedde4616b5afa4bdfe8e,syn_6f52253d44737bcfc91f98ad842e5eb7,syn_6f52253d44737bcfc91f98ad842e5eb7||syn_874aa1f7444aedde4616b5afa4bdfe8e,0.0,BASELINE_EXPLOITATION
public_06,23,syn_bb53360e8a92b39d81a2f640f469f37a,syn_87fac55a1a72663692d6c80082108bb8,syn_87fac55a1a72663692d6c80082108bb8||syn_bb53360e8a92b39d81a2f640f469f37a,0.0,BASELINE_EXPLOITATION
public_07,0,syn_46fdd2c8ce656d8ba2c9ab45c38b2c65,syn_b716fd2c679990739d1cb28901b60582,syn_46fdd2c8ce656d8ba2c9ab45c38b2c65||syn_b716fd2c679990739d1cb28901b60582,0.75,BASELINE_EXPLOITATION
public_07,0,syn_33d428aa932221ff0207b962000f6cf6,syn_fad3c39c0c2784209ab31e3130339a95,syn_33d428aa932221ff0207b962000f6cf6||syn_fad3c39c0c2784209ab31e3130339a95,0.5499999999999999,BASELINE_EXPLOITATION
public_07,0,syn_95b4390297b33290d26736f7e4eafb39,syn_f92952a8966a085892fde0dcea9f7050,syn_95b4390297b33290d26736f7e4eafb39||syn_f92952a8966a085892fde0dcea9f7050,0.5499999999999999,BASELINE_EXPLOITATION
public_07,0,syn_c6e4f83f2da6ac827863b999ed06de72,syn_3de295dd7f95a97ede178c9673e88811,syn_3de295dd7f95a97ede178c9673e88811||syn_c6e4f83f2da6ac827863b999ed06de72,0.4999999999999999,BASELINE_EXPLOITATION
public_07,0,syn_7c77dc3fed3c9092d49762509caa5fc6,syn_18d986aa37af2511c082299a5761d468,syn_18d986aa37af2511c082299a5761d468||syn_7c77dc3fed3c9092d49762509caa5fc6,0.0,BASELINE_EXPLOITATION
public_07,0,syn_a72c9a6d703188c5bf395cb08b22a890,syn_28d204dbbdf42cee5a3030880cdd1e0c,syn_28d204dbbdf42cee5a3030880cdd1e0c||syn_a72c9a6d703188c5bf395cb08b22a890,0.0,BASELINE_EXPLOITATION
public_07,1,syn_0ec7fffa4e94cb8226152f02b68c7802,syn_60ccee178fb47eb6a57dfa71f44fab46,syn_0ec7fffa4e94cb8226152f02b68c7802||syn_60ccee178fb47eb6a57dfa71f44fab46,0.5499999999999999,BASELINE_EXPLOITATION
public_07,1,syn_306fc796ca44265fedefc3320ee53b4b,syn_bd313c33a2dfe80569df7e081fa7e16c,syn_306fc796ca44265fedefc3320ee53b4b||syn_bd313c33a2dfe80569df7e081fa7e16c,0.0,BASELINE_EXPLOITATION
public_07,2,syn_8d1e58752ea52f6d144a33359b795309,syn_b87520850b5cdc86b34287cf94dc8e2b,syn_8d1e58752ea52f6d144a33359b795309||syn_b87520850b5cdc86b34287cf94dc8e2b,0.0,BASELINE_EXPLOITATION
public_07,4,syn_bfed6ae3b16fdb9ff14bcd55c92c3e23,syn_9b4bd1d628f180c12716bd357a84f23c,syn_9b4bd1d628f180c12716bd357a84f23c||syn_bfed6ae3b16fdb9ff14bcd55c92c3e23,0.0,BASELINE_EXPLOITATION
public_07,6,syn_442127e991a6761548f62bbb206a9fe4,syn_fd8122bc2d96f071c6a9fe865fc309e6,syn_442127e991a6761548f62bbb206a9fe4||syn_fd8122bc2d96f071c6a9fe865fc309e6,0.75,BASELINE_EXPLOITATION
public_07,6,syn_a2df2f4cb371057e5e2d438bc7abe1b6,syn_3d00cfdea3a9b27bb5b4946c3261a8c9,syn_3d00cfdea3a9b27bb5b4946c3261a8c9||syn_a2df2f4cb371057e5e2d438bc7abe1b6,0.0,BASELINE_EXPLOITATION
public_07,8,syn_d5ba8f6f67e0a59e3446787c14834d8f,syn_f4bb9a7cc9774c227eaef317d3e5b192,syn_d5ba8f6f67e0a59e3446787c14834d8f||syn_f4bb9a7cc9774c227eaef317d3e5b192,0.4,BASELINE_EXPLOITATION
public_07,8,syn_573a03b8dfad5abf64e89241a2254f1d,syn_c5c2bb619143326f31f63696f69ba473,syn_573a03b8dfad5abf64e89241a2254f1d||syn_c5c2bb619143326f31f63696f69ba473,0.39999999999999986,BASELINE_EXPLOITATION
public_07,8,syn_5eb3d5b40d32dfbc17c71dc343e9dac4,syn_aa8dfeae9952b8f07b31b3ada3f3a4a8,syn_5eb3d5b40d32dfbc17c71dc343e9dac4||syn_aa8dfeae9952b8f07b31b3ada3f3a4a8,0.0,BASELINE_EXPLOITATION
public_07,9,syn_b890454d3ef6bc5190b0e2321497e5da,syn_6ac02d8581ce3e2ae0e90c94845e8ef1,syn_6ac02d8581ce3e2ae0e90c94845e8ef1||syn_b890454d3ef6bc5190b0e2321497e5da,0.0,BASELINE_EXPLOITATION
public_07,10,syn_0a6f208259664965821fb5ca42976e06,syn_832e73f63b822a721404d55cb10ab446,syn_0a6f208259664965821fb5ca42976e06||syn_832e73f63b822a721404d55cb10ab446,0.0,BASELINE_EXPLOITATION
public_07,10,syn_a0ef1f914dfabc7cbdf8dcf46c0bcae6,syn_23e4326f5b03be11fbfa4487934676e2,syn_23e4326f5b03be11fbfa4487934676e2||syn_a0ef1f914dfabc7cbdf8dcf46c0bcae6,0.0,BASELINE_EXPLOITATION
public_07,11,syn_d1fa9c9c5f42899c78d34bd35e36c34c,syn_b8047d1ba862c0dde95804774a9f1228,syn_b8047d1ba862c0dde95804774a9f1228||syn_d1fa9c9c5f42899c78d34bd35e36c34c,0.0,BASELINE_EXPLOITATION
public_07,13,syn_2618c89f6953660c0f62e3bfefd0f580,syn_730e120c211bd2647b3d41ab05bacd66,syn_2618c89f6953660c0f62e3bfefd0f580||syn_730e120c211bd2647b3d41ab05bacd66,0.6,BASELINE_EXPLOITATION
public_07,15,syn_9583224e7d1037276bd9ea879ee314c3,syn_1551ea976e4527d2ba7e4c210cdf6658,syn_1551ea976e4527d2ba7e4c210cdf6658||syn_9583224e7d1037276bd9ea879ee314c3,0.5499999999999999,BASELINE_EXPLOITATION
public_07,15,syn_e4623c8b9109e401b9763929d850ad12,syn_42b386591be280dda52f19fa176c271e,syn_42b386591be280dda52f19fa176c271e||syn_e4623c8b9109e401b9763929d850ad12,0.0,BASELINE_EXPLOITATION
public_07,19,syn_07d00e0f0be2b15987bd4822db536e5b,syn_813e07996549616e235d37a1f6ed4cbd,syn_07d00e0f0be2b15987bd4822db536e5b||syn_813e07996549616e235d37a1f6ed4cbd,0.0,BASELINE_EXPLOITATION
public_07,20,syn_3023dea18dda9617724bc8b176cb966c,syn_cea12821b29a2cbe1e76db200617d67d,syn_3023dea18dda9617724bc8b176cb966c||syn_cea12821b29a2cbe1e76db200617d67d,0.0,BASELINE_EXPLOITATION
public_07,22,syn_332a5404f56c90fe84a769ae204a9303,syn_87fbfc22893c5609e9edb33f210b5274,syn_332a5404f56c90fe84a769ae204a9303||syn_87fbfc22893c5609e9edb33f210b5274,0.5999999999999999,BASELINE_EXPLOITATION
public_07,34,syn_4989018f8dbabff440ac3ca67e074a02,syn_c1124b9c00beb2a6a0b4a18bf0c9f540,syn_4989018f8dbabff440ac3ca67e074a02||syn_c1124b9c00beb2a6a0b4a18bf0c9f540,0.0,BASELINE_EXPLOITATION
public_08,0,syn_c2544d09bd92a01bc2e4c33b9a70d485,syn_9472d5e1967a21205590fcfcdde82aa3,syn_9472d5e1967a21205590fcfcdde82aa3||syn_c2544d09bd92a01bc2e4c33b9a70d485,0.5999999999999999,BASELINE_EXPLOITATION
public_08,0,syn_b0939bf25de9cb7f28a16f000d721d1c,syn_506f5686c1f2c5c96179dcea961ff5b7,syn_506f5686c1f2c5c96179dcea961ff5b7||syn_b0939bf25de9cb7f28a16f000d721d1c,0.5499999999999999,BASELINE_EXPLOITATION
public_08,0,syn_12c7cb677b331024461e39406742da8e,syn_e3ae94c9163f229b06afa29afb5f91e4,syn_12c7cb677b331024461e39406742da8e||syn_e3ae94c9163f229b06afa29afb5f91e4,0.4999999999999999,BASELINE_EXPLOITATION
public_08,0,syn_405778e77863457c897b01bb1fbb3ef8,syn_9d086f92bd9196465b05e7fa7b78cab4,syn_405778e77863457c897b01bb1fbb3ef8||syn_9d086f92bd9196465b05e7fa7b78cab4,0.0,BASELINE_EXPLOITATION
public_08,2,syn_3c07c75bfaca888c574a485e5ca7fce0,syn_3e7ffb5ba91f6e62e376c3ffa2b1a15b,syn_3c07c75bfaca888c574a485e5ca7fce0||syn_3e7ffb5ba91f6e62e376c3ffa2b1a15b,0.0,BASELINE_EXPLOITATION
public_08,4,syn_bc3e3dd9e610f359b070f731bb9c367a,syn_1d3083dd7b841a30ba21d61462275178,syn_1d3083dd7b841a30ba21d61462275178||syn_bc3e3dd9e610f359b070f731bb9c367a,0.0,BASELINE_EXPLOITATION
public_08,6,syn_23f23d1ae9a94c654773bd477be4937e,syn_c3543a6e4224572bef55ecf655033d60,syn_23f23d1ae9a94c654773bd477be4937e||syn_c3543a6e4224572bef55ecf655033d60,0.0,BASELINE_EXPLOITATION
public_08,8,syn_dd533ecc841591d3aeb6f406a7584c16,syn_c701df12da749db46be838bc30598d3c,syn_c701df12da749db46be838bc30598d3c||syn_dd533ecc841591d3aeb6f406a7584c16,0.19999999999999996,BASELINE_EXPLOITATION
public_08,8,syn_19b40b0a1d97aeea75e5e8d7a463751c,syn_2f8c459a5b01837c6646f0a205ecd462,syn_19b40b0a1d97aeea75e5e8d7a463751c||syn_2f8c459a5b01837c6646f0a205ecd462,0.04999999999999999,BASELINE_EXPLOITATION
public_08,8,syn_cad6e37bd1d9e0bc49cf018a5f0627bb,syn_7b9bf24e279dde6ac438d28af1182c64,syn_7b9bf24e279dde6ac438d28af1182c64||syn_cad6e37bd1d9e0bc49cf018a5f0627bb,0.0,BASELINE_EXPLOITATION
public_08,8,syn_3116acff46ddb88da5ab15d9b0689845,syn_d356f8360333d03ba81e16a8e22b7ca1,syn_3116acff46ddb88da5ab15d9b0689845||syn_d356f8360333d03ba81e16a8e22b7ca1,0.0,BASELINE_EXPLOITATION
public_08,8,syn_87db96a232ef49a4ec0f5dd92a3fb02b,syn_c37ed3cb30d8a92e348dc5b9d02cf437,syn_87db96a232ef49a4ec0f5dd92a3fb02b||syn_c37ed3cb30d8a92e348dc5b9d02cf437,0.0,BASELINE_EXPLOITATION
public_08,10,syn_cefbb639ff3d2c3772dd590d22f27f85,syn_d1d432a7706d2824dfbd6a790a201ae8,syn_cefbb639ff3d2c3772dd590d22f27f85||syn_d1d432a7706d2824dfbd6a790a201ae8,0.0,BASELINE_EXPLOITATION
public_08,10,syn_60baf3acdcffb71d555c54c207f24848,syn_da3823379e36eaf825533774f2a7ccf9,syn_60baf3acdcffb71d555c54c207f24848||syn_da3823379e36eaf825533774f2a7ccf9,0.0,BASELINE_EXPLOITATION
public_08,12,syn_91edf82d6d948fc6b9255a86bd065059,syn_7f25b8e1b3b12d00a48d2c9bf170c8c0,syn_7f25b8e1b3b12d00a48d2c9bf170c8c0||syn_91edf82d6d948fc6b9255a86bd065059,1.0,BASELINE_EXPLOITATION
public_08,12,syn_be2d49a854b1cb629fdaa43ac171504b,syn_9e2b83520a604298ac7ac3ca4ed3a65c,syn_9e2b83520a604298ac7ac3ca4ed3a65c||syn_be2d49a854b1cb629fdaa43ac171504b,0.0,BASELINE_EXPLOITATION
public_08,12,syn_9dc3a5eac3591712b30dae187c9241c9,syn_d6c107c4b905f822d30abe1ad4e37527,syn_9dc3a5eac3591712b30dae187c9241c9||syn_d6c107c4b905f822d30abe1ad4e37527,0.0,BASELINE_EXPLOITATION
public_08,13,syn_143c0778852901795c46c1f373c65c3c,syn_c4b5bdc0bc69886ead60e7acbe3682d2,syn_143c0778852901795c46c1f373c65c3c||syn_c4b5bdc0bc69886ead60e7acbe3682d2,0.0,BASELINE_EXPLOITATION
public_08,13,syn_b9f68294d202797558ba7ce459baff71,syn_907e211f9ac8b9aa952628781a837c78,syn_907e211f9ac8b9aa952628781a837c78||syn_b9f68294d202797558ba7ce459baff71,0.0,BASELINE_EXPLOITATION
public_08,14,syn_6b260c3f68402193a6138919aeb018d2,syn_1bf4f770353090b3038dbac5c3073f26,syn_1bf4f770353090b3038dbac5c3073f26||syn_6b260c3f68402193a6138919aeb018d2,0.0,BASELINE_EXPLOITATION
public_08,14,syn_68048de1eba321da254e2b084c370e73,syn_ac908e117263d182ba1667043439b10a,syn_68048de1eba321da254e2b084c370e73||syn_ac908e117263d182ba1667043439b10a,0.0,BASELINE_EXPLOITATION
public_08,14,syn_0c709f8b3259fe59be1b27351ac7d809,syn_ade85ea94873bbf3448c74a619d69d4f,syn_0c709f8b3259fe59be1b27351ac7d809||syn_ade85ea94873bbf3448c74a619d69d4f,0.0,BASELINE_EXPLOITATION
public_08,14,syn_ae94e39d79018cfbaead4178dfba523a,syn_cb02a4a051bb050189ec710cb46a2e8a,syn_ae94e39d79018cfbaead4178dfba523a||syn_cb02a4a051bb050189ec710cb46a2e8a,0.0,BASELINE_EXPLOITATION
public_08,15,syn_43d18aa30bcadd41bf9573fdb20f40b5,syn_8a66ed480ae629f3e5a474726b94ace7,syn_43d18aa30bcadd41bf9573fdb20f40b5||syn_8a66ed480ae629f3e5a474726b94ace7,0.0,BASELINE_EXPLOITATION
public_08,16,syn_72c5f776ad35fbed0106ae5b3e02565d,syn_fceb07e10e27737824dd733b01c50d8e,syn_72c5f776ad35fbed0106ae5b3e02565d||syn_fceb07e10e27737824dd733b01c50d8e,0.5499999999999999,BASELINE_EXPLOITATION
public_08,16,syn_845542023752fea3e0a95d952278eabf,syn_0c67573b1f57ba2825bf71fc8122d2c9,syn_0c67573b1f57ba2825bf71fc8122d2c9||syn_845542023752fea3e0a95d952278eabf,0.0,BASELINE_EXPLOITATION
public_08,16,syn_10f09201189b30c0799374b18e8a5e9a,syn_f2be4aea8706ad1475bf0a6418de1300,syn_10f09201189b30c0799374b18e8a5e9a||syn_f2be4aea8706ad1475bf0a6418de1300,0.0,BASELINE_EXPLOITATION
public_08,17,syn_b595de4e1e7ac367d2a85ae09da282a9,syn_792d57380c89bfae24709f7ed802d099,syn_792d57380c89bfae24709f7ed802d099||syn_b595de4e1e7ac367d2a85ae09da282a9,1.0,BASELINE_EXPLOITATION
public_09,0,syn_3d77683b704738740b9c6ab04accd89d,syn_7943db275fb55131bbdb6929da1bc57f,syn_3d77683b704738740b9c6ab04accd89d||syn_7943db275fb55131bbdb6929da1bc57f,0.6499999999999999,BASELINE_EXPLOITATION
public_09,0,syn_98e94a52f25112977ad37af1219acaa2,syn_3e31ee54b5c6410836bf96e80cdf4e36,syn_3e31ee54b5c6410836bf96e80cdf4e36||syn_98e94a52f25112977ad37af1219acaa2,0.6,BASELINE_EXPLOITATION
public_09,0,syn_0762071899f970108e97e5f879f23b60,syn_395b967214926c08e0140e09fe6780da,syn_0762071899f970108e97e5f879f23b60||syn_395b967214926c08e0140e09fe6780da,0.4999999999999999,BASELINE_EXPLOITATION
public_09,0,syn_954eea336cf58b771bb42ef5e50176fe,syn_a4de8bb0451caa4b23ce4900ae2ea2ae,syn_954eea336cf58b771bb42ef5e50176fe||syn_a4de8bb0451caa4b23ce4900ae2ea2ae,0.19999999999999996,BASELINE_EXPLOITATION
public_09,0,syn_49184f8377e25febace8f0eb14ebfb2c,syn_fd41191020e81449486bd66d57f5a965,syn_49184f8377e25febace8f0eb14ebfb2c||syn_fd41191020e81449486bd66d57f5a965,0.14999999999999997,BASELINE_EXPLOITATION
public_09,0,syn_01639d571d85dc2ea9a0bad313cbb6fa,syn_d6b73be38eda52db3025a5b96af5b58e,syn_01639d571d85dc2ea9a0bad313cbb6fa||syn_d6b73be38eda52db3025a5b96af5b58e,0.09999999999999998,BASELINE_EXPLOITATION
public_09,1,syn_e167d47f9a6da56a4d5759c2f482cf45,syn_6fe83c7ff5e97710dbc341718e46bcd6,syn_6fe83c7ff5e97710dbc341718e46bcd6||syn_e167d47f9a6da56a4d5759c2f482cf45,0.3499999999999999,BASELINE_EXPLOITATION
public_09,1,syn_9c7c9200bd69eb3de6297f81570e2093,syn_52bea84dd5f87d01e4cb9f99f1d15eeb,syn_52bea84dd5f87d01e4cb9f99f1d15eeb||syn_9c7c9200bd69eb3de6297f81570e2093,0.0,BASELINE_EXPLOITATION
public_09,4,syn_1060f8789d9efed5c96b62750c60a10c,syn_ee1b22e21a2ba67e42ee44263820977d,syn_1060f8789d9efed5c96b62750c60a10c||syn_ee1b22e21a2ba67e42ee44263820977d,0.0,BASELINE_EXPLOITATION
public_09,5,syn_443a630b3ca8086f7d67ec70eed08f1f,syn_a6ac730a7422dc42e543fc3d84f9da31,syn_443a630b3ca8086f7d67ec70eed08f1f||syn_a6ac730a7422dc42e543fc3d84f9da31,0.0,BASELINE_EXPLOITATION
public_09,5,syn_2498b1dc356de003c3825324d212befd,syn_664d91e54ac84101c9455adeb1f76e58,syn_2498b1dc356de003c3825324d212befd||syn_664d91e54ac84101c9455adeb1f76e58,0.0,BASELINE_EXPLOITATION
public_09,7,syn_e01ac751b18577fb87cd8bd30466431a,syn_8c39122a398b4fbbc69c4483b741a20a,syn_8c39122a398b4fbbc69c4483b741a20a||syn_e01ac751b18577fb87cd8bd30466431a,0.0,BASELINE_EXPLOITATION
public_09,8,syn_92bc461db5199d18402828ef1512b58c,syn_a005fdbc59c75076c16892b788a008e3,syn_92bc461db5199d18402828ef1512b58c||syn_a005fdbc59c75076c16892b788a008e3,0.6666666666666666,BASELINE_EXPLOITATION
public_09,8,syn_9b9eb23ba1764bf3ee3eb6b3427a9f87,syn_b923a686ac867c0fccf2c9cc2cbde8c7,syn_9b9eb23ba1764bf3ee3eb6b3427a9f87||syn_b923a686ac867c0fccf2c9cc2cbde8c7,0.5999999999999999,BASELINE_EXPLOITATION
public_09,9,syn_46153b3e21490c0dcdddff4ea33fa5d1,syn_e42956bd3ad3d0ab962031c145e0e8f5,syn_46153b3e21490c0dcdddff4ea33fa5d1||syn_e42956bd3ad3d0ab962031c145e0e8f5,0.0,BASELINE_EXPLOITATION
public_09,9,syn_7ea24ae1bc6dd1bf483a695694b4de60,syn_4fe3ee745aa0a0513d715c1f5e333848,syn_4fe3ee745aa0a0513d715c1f5e333848||syn_7ea24ae1bc6dd1bf483a695694b4de60,0.0,BASELINE_EXPLOITATION
public_09,10,syn_e02f6a883c0601314be61b0a920b7ac1,syn_d79f8912b62eda42f1d1fedb4a0692de,syn_d79f8912b62eda42f1d1fedb4a0692de||syn_e02f6a883c0601314be61b0a920b7ac1,0.0,BASELINE_EXPLOITATION
public_09,11,syn_df3b42bf60bed5a6adda3b4807a79fe3,syn_8dca0eb1396466d541b4cb63c7698d9e,syn_8dca0eb1396466d541b4cb63c7698d9e||syn_df3b42bf60bed5a6adda3b4807a79fe3,0.0,BASELINE_EXPLOITATION
public_09,11,syn_bc0a0129a81304a8b5e02870858a57ac,syn_b1d3de98197343cbb4b948b466737fc1,syn_b1d3de98197343cbb4b948b466737fc1||syn_bc0a0129a81304a8b5e02870858a57ac,0.0,BASELINE_EXPLOITATION
public_09,12,syn_a9c5ea5a5b35df82c6e4cc4a44fa35ca,syn_5101ee98621b0a0aa0efcc363c546da1,syn_5101ee98621b0a0aa0efcc363c546da1||syn_a9c5ea5a5b35df82c6e4cc4a44fa35ca,0.39999999999999986,BASELINE_EXPLOITATION
public_09,12,syn_b2abd96ee53a27f2c5e59d6561761225,syn_b64bd556cb5e8b8e907989f58a78859a,syn_b2abd96ee53a27f2c5e59d6561761225||syn_b64bd556cb5e8b8e907989f58a78859a,0.0,BASELINE_EXPLOITATION
public_09,12,syn_42eb68220981f755046bf98b450377e3,syn_5a23a537897a87e452157802beeeb09e,syn_42eb68220981f755046bf98b450377e3||syn_5a23a537897a87e452157802beeeb09e,0.0,BASELINE_EXPLOITATION
public_09,13,syn_3897f1b0cc5984c872766b78ee052e7e,syn_f37b7db2cd4e3caf99dcada45326ece7,syn_3897f1b0cc5984c872766b78ee052e7e||syn_f37b7db2cd4e3caf99dcada45326ece7,0.0,BASELINE_EXPLOITATION
public_09,13,syn_4fa874d7bbb15debb13c26bd8848dbd7,syn_6a6823ceee9dd6b79387201ffb471503,syn_4fa874d7bbb15debb13c26bd8848dbd7||syn_6a6823ceee9dd6b79387201ffb471503,0.0,BASELINE_EXPLOITATION
public_09,36,syn_786fd20a1d2dc32af6b455a58d594f6b,syn_611b4f999018ab87c5e4f02fdd3b8e35,syn_611b4f999018ab87c5e4f02fdd3b8e35||syn_786fd20a1d2dc32af6b455a58d594f6b,0.24999999999999994,BASELINE_EXPLOITATION
public_10,0,syn_aa7882c4e36f1db12d7e3e8adfcc350c,syn_a2eb656ba08d83bd383536f1df7c20dc,syn_a2eb656ba08d83bd383536f1df7c20dc||syn_aa7882c4e36f1db12d7e3e8adfcc350c,0.5499999999999999,BASELINE_EXPLOITATION
public_10,0,syn_6a8b7f19205f77e0079c06f343b179f9,syn_07a1ba169c947274fbda87ce93066956,syn_07a1ba169c947274fbda87ce93066956||syn_6a8b7f19205f77e0079c06f343b179f9,0.5499999999999999,BASELINE_EXPLOITATION
public_10,0,syn_9ab353464f583bd46641af0a05e39f27,syn_1fa0f9be55fad34f21fa1c78bcc75823,syn_1fa0f9be55fad34f21fa1c78bcc75823||syn_9ab353464f583bd46641af0a05e39f27,0.4999999999999999,BASELINE_EXPLOITATION
public_10,0,syn_9c04233684bb4911a9fe43de26c22baa,syn_55ea2f581d064b6526f3ee537e175442,syn_55ea2f581d064b6526f3ee537e175442||syn_9c04233684bb4911a9fe43de26c22baa,0.4999999999999999,BASELINE_EXPLOITATION
public_10,0,syn_3026c699639e3e6348676dcc6d650cc9,syn_d1e90f3232a58a7b77f078812324f7ab,syn_3026c699639e3e6348676dcc6d650cc9||syn_d1e90f3232a58a7b77f078812324f7ab,0.39999999999999986,BASELINE_EXPLOITATION
public_10,0,syn_e00eac39f3492d9a1bc3155713bf7da6,syn_6ccd6d178a306578b2d80336ed08202f,syn_6ccd6d178a306578b2d80336ed08202f||syn_e00eac39f3492d9a1bc3155713bf7da6,0.39999999999999986,BASELINE_EXPLOITATION
public_10,0,syn_0142765f71da4f470ea933199686004e,syn_2cf4a622e93de4862bf406fbe9968660,syn_0142765f71da4f470ea933199686004e||syn_2cf4a622e93de4862bf406fbe9968660,0.19999999999999996,BASELINE_EXPLOITATION
public_10,0,syn_4d4039deb870661a489ded51c2e01c2d,syn_11c7a35957579b543aebc553ec143dfb,syn_11c7a35957579b543aebc553ec143dfb||syn_4d4039deb870661a489ded51c2e01c2d,0.15,BASELINE_EXPLOITATION
public_10,0,syn_220e7b8f6140c1a235ca6dbb1802647f,syn_62667db0d73ae065db7f35384382566c,syn_220e7b8f6140c1a235ca6dbb1802647f||syn_62667db0d73ae065db7f35384382566c,0.0,BASELINE_EXPLOITATION
public_10,0,syn_a72369d69b77313b62eb9cf310987623,syn_4550325028612805cbf17f2710057234,syn_4550325028612805cbf17f2710057234||syn_a72369d69b77313b62eb9cf310987623,0.0,BASELINE_EXPLOITATION
public_10,0,syn_4118efebeb5bffb1d97c676086799fca,syn_a2636682040b5f9e5612d711743d5a8e,syn_4118efebeb5bffb1d97c676086799fca||syn_a2636682040b5f9e5612d711743d5a8e,0.0,BASELINE_EXPLOITATION
public_10,1,syn_82e48d89b5e9fb6839d31933fbfee9dc,syn_fe63aea00d57f05275dfa1b39efa721e,syn_82e48d89b5e9fb6839d31933fbfee9dc||syn_fe63aea00d57f05275dfa1b39efa721e,0.0,BASELINE_EXPLOITATION
public_10,2,syn_aafea598a05555fd8a0331cd77bf3d1b,syn_2ae6428fe8d0787376fe540dbd83a9e1,syn_2ae6428fe8d0787376fe540dbd83a9e1||syn_aafea598a05555fd8a0331cd77bf3d1b,0.0,BASELINE_EXPLOITATION
public_10,3,syn_766360acc07dd414610eb2668c8b96d8,syn_7a7e25f64855898d5edb6c68e6c8c787,syn_766360acc07dd414610eb2668c8b96d8||syn_7a7e25f64855898d5edb6c68e6c8c787,0.0,BASELINE_EXPLOITATION
public_10,4,syn_a327976b3056ca22ce449dbd70481d21,syn_08c8959211b0ecd44286ad82daec2c78,syn_08c8959211b0ecd44286ad82daec2c78||syn_a327976b3056ca22ce449dbd70481d21,0.44999999999999984,BASELINE_EXPLOITATION
public_10,4,syn_a17752a2f68f8ad7d1a4988b602f4345,syn_a10a0f33bed613eab3c39579cfb95fd7,syn_a10a0f33bed613eab3c39579cfb95fd7||syn_a17752a2f68f8ad7d1a4988b602f4345,0.29999999999999993,BASELINE_EXPLOITATION
public_10,5,syn_5e17c5d71314502e7e82be534f0b00ef,syn_f0f19dd9848ef26b610a53e071941f92,syn_5e17c5d71314502e7e82be534f0b00ef||syn_f0f19dd9848ef26b610a53e071941f92,0.0,BASELINE_EXPLOITATION
public_10,5,syn_a3ebe737714c0f078d738fd6426f1247,syn_e75c0907f7e92d36cef546a896000d88,syn_a3ebe737714c0f078d738fd6426f1247||syn_e75c0907f7e92d36cef546a896000d88,0.0,BASELINE_EXPLOITATION
public_10,8,syn_33218a5ec81d850bee668de6aac93a05,syn_5f14e9567ba0f208b00430bb476fc6fc,syn_33218a5ec81d850bee668de6aac93a05||syn_5f14e9567ba0f208b00430bb476fc6fc,0.4999999999999999,BASELINE_EXPLOITATION
public_10,8,syn_f53c9fb43874da5040cb430163ee338e,syn_8dd6339d4267512f971ae9c93ba79a33,syn_8dd6339d4267512f971ae9c93ba79a33||syn_f53c9fb43874da5040cb430163ee338e,0.4999999999999999,BASELINE_EXPLOITATION
public_10,8,syn_1ae90b5251f4cae9847d631ba7450603,syn_729222386a96d9cd060ccc35e82aac58,syn_1ae90b5251f4cae9847d631ba7450603||syn_729222386a96d9cd060ccc35e82aac58,0.0,BASELINE_EXPLOITATION
public_10,9,syn_00a292432ca19ea1d82f9d7dee556e20,syn_b875287926cc310b79c882e91dcb2892,syn_00a292432ca19ea1d82f9d7dee556e20||syn_b875287926cc310b79c882e91dcb2892,0.0,BASELINE_EXPLOITATION
public_10,11,syn_fb677458ed9ef553765b0355a8ca1d87,syn_89b307713d8898967b949ee364b9c9c2,syn_89b307713d8898967b949ee364b9c9c2||syn_fb677458ed9ef553765b0355a8ca1d87,0.0,BASELINE_EXPLOITATION
public_10,14,syn_26dd18a4132bd025090300e446cf7bda,syn_3d9aa8f2b2f0e82cb4712e749d6a1225,syn_26dd18a4132bd025090300e446cf7bda||syn_3d9aa8f2b2f0e82cb4712e749d6a1225,0.0,BASELINE_EXPLOITATION
public_10,15,syn_ecbf5233371e2318fb6924c4f6c75877,syn_022af7d17ed9947190143ccd3b849cd3,syn_022af7d17ed9947190143ccd3b849cd3||syn_ecbf5233371e2318fb6924c4f6c75877,0.0,BASELINE_EXPLOITATION
public_10,16,syn_714f9712b4b94edc26dfda9b98d3a5da,syn_76fd573a948b554f3ebee57b8874c057,syn_714f9712b4b94edc26dfda9b98d3a5da||syn_76fd573a948b554f3ebee57b8874c057,0.0,BASELINE_EXPLOITATION
public_10,17,syn_b92c1b66c29e9bbda64a8a27d704a49e,syn_71f3eb1ca39613e5c06707f0fe673d52,syn_71f3eb1ca39613e5c06707f0fe673d52||syn_b92c1b66c29e9bbda64a8a27d704a49e,1.0,BASELINE_EXPLOITATION
public_10,18,syn_42d6624b007f9dadc90a65025826c2af,syn_260c5622d51b36a6045a69b534807038,syn_260c5622d51b36a6045a69b534807038||syn_42d6624b007f9dadc90a65025826c2af,0.0,BASELINE_EXPLOITATION
public_10,19,syn_2c41f4560363cf4a91985306f3e708c5,syn_f9226f603076fe6965d21526c1b71669,syn_2c41f4560363cf4a91985306f3e708c5||syn_f9226f603076fe6965d21526c1b71669,0.8499999999999999,BASELINE_EXPLOITATION
public_10,24,syn_2bd0bc113015a61a34579ec7d3cfa18f,syn_29292426db6a2cb750008aeaa3393bb3,syn_29292426db6a2cb750008aeaa3393bb3||syn_2bd0bc113015a61a34579ec7d3cfa18f,0.5999999999999999,BASELINE_EXPLOITATION
public_10,25,syn_e47ce1bf335b859bc695eba30b036973,syn_7665278eebe7b6a88233a61f735661c4,syn_7665278eebe7b6a88233a61f735661c4||syn_e47ce1bf335b859bc695eba30b036973,0.0,BASELINE_EXPLOITATION
