dataset,day,arrived_members,available_members,N_feasible,N_uncertain,zero_candidate,N_percentage,uncertain_percentage,feasible_pair_evaluations,selected_matches
public_01,0,138,134,13,115,6,9.701492537313433,85.82089552238806,9,5
public_01,1,140,125,4,114,7,3.2,91.2,3,1
public_01,2,142,125,0,118,7,0.0,94.39999999999999,0,0
public_01,3,144,125,0,117,8,0.0,93.60000000000001,0,0
public_01,4,145,126,2,115,9,1.5873015873015872,91.26984126984127,1,1
public_01,5,147,122,0,111,11,0.0,90.98360655737704,0,0
public_01,6,150,123,0,111,12,0.0,90.2439024390244,0,0
public_01,7,152,123,4,107,12,3.2520325203252036,86.99186991869918,2,2
public_01,8,155,120,7,101,12,5.833333333333333,84.16666666666667,4,3
public_01,9,157,116,5,99,12,4.310344827586207,85.34482758620689,4,2
public_01,10,159,114,0,101,13,0.0,88.59649122807018,0,0
public_01,11,164,119,0,106,13,0.0,89.07563025210085,0,0
public_01,12,169,124,2,108,14,1.6129032258064515,87.09677419354838,1,1
public_01,13,172,127,7,106,14,5.511811023622047,83.46456692913385,4,3
public_01,14,180,131,4,114,13,3.0534351145038165,87.02290076335878,2,2
public_01,15,185,130,6,111,13,4.615384615384616,85.38461538461539,4,2
public_01,16,185,130,4,114,12,3.076923076923077,87.6923076923077,3,1
public_01,17,188,131,0,116,15,0.0,88.54961832061069,0,0
public_01,18,192,135,0,120,15,0.0,88.88888888888889,0,0
public_01,19,195,138,4,119,15,2.898550724637681,86.23188405797102,2,2
public_01,20,200,139,0,121,18,0.0,87.05035971223022,0,0
public_01,21,200,139,0,121,18,0.0,87.05035971223022,0,0
public_01,22,200,139,0,121,18,0.0,87.05035971223022,0,0
public_01,23,200,140,4,118,18,2.857142857142857,84.28571428571429,3,2
public_01,24,200,136,0,118,18,0.0,86.76470588235294,0,0
public_01,25,200,136,0,118,18,0.0,86.76470588235294,0,0
public_01,26,200,136,0,118,18,0.0,86.76470588235294,0,0
public_01,27,200,136,0,118,18,0.0,86.76470588235294,0,0
public_01,28,200,136,0,118,18,0.0,86.76470588235294,0,0
public_01,29,200,136,0,118,18,0.0,86.76470588235294,0,0
public_01,30,200,136,0,118,18,0.0,86.76470588235294,0,0
public_01,31,200,137,0,119,18,0.0,86.86131386861314,0,0
public_01,32,200,137,0,119,18,0.0,86.86131386861314,0,0
public_01,34,200,137,0,119,18,0.0,86.86131386861314,0,0
public_02,0,136,128,10,115,3,7.8125,89.84375,6,5
public_02,1,141,119,2,114,3,1.680672268907563,95.7983193277311,1,1
public_02,2,146,122,0,119,3,0.0,97.54098360655738,0,0
public_02,3,154,127,5,119,3,3.937007874015748,93.7007874015748,3,2
public_02,4,156,125,7,115,3,5.6000000000000005,92.0,7,3
public_02,5,160,123,4,116,3,3.2520325203252036,94.3089430894309,2,2
public_02,6,164,121,0,117,4,0.0,96.69421487603306,0,0
public_02,7,169,126,3,120,3,2.380952380952381,95.23809523809523,2,1
public_02,8,169,126,2,120,4,1.5873015873015872,95.23809523809523,1,1
public_02,9,175,134,6,124,4,4.477611940298507,92.53731343283582,3,3
public_02,10,177,130,2,124,4,1.5384615384615385,95.38461538461539,1,1
public_02,11,180,133,5,124,4,3.7593984962406015,93.23308270676691,5,2
public_02,12,181,129,2,122,5,1.550387596899225,94.57364341085271,1,1
public_02,13,182,128,2,120,6,1.5625,93.75,1,1
public_02,14,184,128,2,120,6,1.5625,93.75,1,1
public_02,15,186,126,3,117,6,2.380952380952381,92.85714285714286,2,1
public_02,16,188,126,0,120,6,0.0,95.23809523809523,0,0
public_02,17,190,127,0,121,6,0.0,95.2755905511811,0,0
public_02,18,193,129,0,123,6,0.0,95.34883720930233,0,0
public_02,19,198,134,0,130,4,0.0,97.01492537313433,0,0
public_02,20,200,136,2,130,4,1.4705882352941175,95.58823529411765,1,1
public_02,21,200,134,0,130,4,0.0,97.01492537313433,0,0
public_02,22,200,134,0,130,4,0.0,97.01492537313433,0,0
public_02,23,200,136,3,129,4,2.2058823529411766,94.85294117647058,2,1
public_02,24,200,134,0,130,4,0.0,97.01492537313433,0,0
public_02,25,200,134,0,130,4,0.0,97.01492537313433,0,0
public_02,26,200,134,0,130,4,0.0,97.01492537313433,0,0
public_02,27,200,134,0,130,4,0.0,97.01492537313433,0,0
public_02,28,200,133,0,129,4,0.0,96.99248120300751,0,0
public_02,29,200,133,0,129,4,0.0,96.99248120300751,0,0
public_02,30,200,133,0,129,4,0.0,96.99248120300751,0,0
public_02,33,200,133,0,129,4,0.0,96.99248120300751,0,0
public_02,34,200,133,0,129,4,0.0,96.99248120300751,0,0
public_02,35,200,133,0,129,4,0.0,96.99248120300751,0,0
public_02,36,200,135,0,131,4,0.0,97.03703703703704,0,0
public_03,0,147,131,12,116,3,9.16030534351145,88.54961832061069,7,5
public_03,1,149,123,3,115,5,2.4390243902439024,93.4959349593496,2,1
public_03,2,153,125,2,115,8,1.6,92.0,1,1
public_03,3,154,122,0,114,8,0.0,93.44262295081968,0,0
public_03,4,157,123,0,115,8,0.0,93.4959349593496,0,0
public_03,5,162,128,5,115,8,3.90625,89.84375,3,2
public_03,6,163,125,0,116,9,0.0,92.80000000000001,0,0
public_03,7,166,128,6,112,10,4.6875,87.5,3,3
public_03,8,172,133,16,107,10,12.030075187969924,80.45112781954887,13,7
public_03,9,173,120,0,109,11,0.0,90.83333333333333,0,0
public_03,10,175,122,0,110,12,0.0,90.1639344262295,0,0
public_03,11,177,126,2,110,14,1.5873015873015872,87.3015873015873,1,1
public_03,12,180,128,4,110,14,3.125,85.9375,2,2
public_03,13,182,126,0,112,14,0.0,88.88888888888889,0,0
public_03,14,186,130,0,115,15,0.0,88.46153846153845,0,0
public_03,15,188,132,0,117,15,0.0,88.63636363636364,0,0
public_03,16,192,134,0,119,15,0.0,88.80597014925374,0,0
public_03,17,194,136,0,121,15,0.0,88.97058823529412,0,0
public_03,18,196,138,2,121,15,1.4492753623188406,87.68115942028986,1,1
public_03,19,199,139,0,124,15,0.0,89.20863309352518,0,0
public_03,20,200,141,4,122,15,2.8368794326241136,86.52482269503547,3,1
public_03,21,200,137,0,122,15,0.0,89.05109489051095,0,0
public_03,22,200,137,0,122,15,0.0,89.05109489051095,0,0
public_03,23,200,137,0,122,15,0.0,89.05109489051095,0,0
public_03,24,200,136,0,121,15,0.0,88.97058823529412,0,0
public_03,25,200,136,0,121,15,0.0,88.97058823529412,0,0
public_03,26,200,136,0,121,15,0.0,88.97058823529412,0,0
public_03,27,200,136,0,121,15,0.0,88.97058823529412,0,0
public_03,28,200,136,0,121,15,0.0,88.97058823529412,0,0
public_03,29,200,136,0,121,15,0.0,88.97058823529412,0,0
public_03,30,200,136,0,121,15,0.0,88.97058823529412,0,0
public_03,31,200,136,0,121,15,0.0,88.97058823529412,0,0
public_03,33,200,137,0,122,15,0.0,89.05109489051095,0,0
public_03,35,200,137,0,122,15,0.0,89.05109489051095,0,0
public_03,36,200,137,0,122,15,0.0,89.05109489051095,0,0
public_04,0,144,140,15,122,3,10.714285714285714,87.14285714285714,9,6
public_04,1,146,128,3,121,4,2.34375,94.53125,2,1
public_04,2,148,128,0,123,5,0.0,96.09375,0,0
public_04,3,150,127,0,122,5,0.0,96.06299212598425,0,0
public_04,4,151,128,5,117,6,3.90625,91.40625,3,2
public_04,5,151,124,3,115,6,2.4193548387096775,92.74193548387096,2,1
public_04,6,152,123,0,117,6,0.0,95.1219512195122,0,0
public_04,7,153,124,4,114,6,3.225806451612903,91.93548387096774,2,2
public_04,8,155,125,4,115,6,3.2,92.0,2,2
public_04,9,160,126,0,118,8,0.0,93.65079365079364,0,0
public_04,10,163,129,0,121,8,0.0,93.7984496124031,0,0
public_04,11,165,130,4,115,11,3.076923076923077,88.46153846153845,3,1
public_04,12,168,131,4,115,12,3.0534351145038165,87.78625954198473,3,1
public_04,13,173,134,6,115,13,4.477611940298507,85.82089552238806,4,2
public_04,14,177,134,4,117,13,2.9850746268656714,87.31343283582089,2,2
public_04,15,179,130,4,112,14,3.076923076923077,86.15384615384616,2,2
public_04,16,181,128,2,112,14,1.5625,87.5,1,1
public_04,17,184,128,2,110,16,1.5625,85.9375,1,1
public_04,18,189,131,2,112,17,1.5267175572519083,85.49618320610686,1,1
public_04,19,197,139,4,117,18,2.877697841726619,84.17266187050359,2,2
public_04,20,200,138,3,117,18,2.1739130434782608,84.78260869565217,2,1
public_04,21,200,133,0,116,17,0.0,87.21804511278195,0,0
public_04,22,200,133,0,116,17,0.0,87.21804511278195,0,0
public_04,23,200,134,2,115,17,1.4925373134328357,85.82089552238806,1,1
public_04,24,200,132,0,115,17,0.0,87.12121212121212,0,0
public_04,25,200,132,0,115,17,0.0,87.12121212121212,0,0
public_04,26,200,132,0,115,17,0.0,87.12121212121212,0,0
public_04,27,200,132,0,115,17,0.0,87.12121212121212,0,0
public_04,28,200,131,0,114,17,0.0,87.02290076335878,0,0
public_04,29,200,133,0,115,18,0.0,86.46616541353383,0,0
public_04,30,200,133,0,115,18,0.0,86.46616541353383,0,0
public_04,34,200,133,0,115,18,0.0,86.46616541353383,0,0
public_04,35,200,133,0,115,18,0.0,86.46616541353383,0,0
public_04,36,200,134,0,116,18,0.0,86.56716417910447,0,0
public_05,0,146,136,20,114,2,14.705882352941178,83.82352941176471,14,7
public_05,1,149,125,3,120,2,2.4,96.0,2,1
public_05,2,152,126,2,122,2,1.5873015873015872,96.82539682539682,1,1
public_05,3,156,126,0,124,2,0.0,98.4126984126984,0,0
public_05,4,160,130,3,125,2,2.307692307692308,96.15384615384616,2,1
public_05,5,163,131,0,126,5,0.0,96.18320610687023,0,0
public_05,6,166,132,10,117,5,7.575757575757576,88.63636363636364,7,3
public_05,7,169,127,0,122,5,0.0,96.06299212598425,0,0
public_05,8,171,128,6,117,5,4.6875,91.40625,3,3
public_05,9,171,122,2,115,5,1.639344262295082,94.26229508196722,1,1
public_05,10,173,122,6,111,5,4.918032786885246,90.98360655737704,3,3
public_05,11,176,121,12,104,5,9.917355371900827,85.9504132231405,13,3
public_05,12,178,117,3,109,5,2.564102564102564,93.16239316239316,2,1
public_05,13,180,115,2,108,5,1.7391304347826086,93.91304347826087,1,1
public_05,14,186,117,2,110,5,1.7094017094017095,94.01709401709401,1,1
public_05,15,189,118,4,108,6,3.389830508474576,91.52542372881356,2,2
public_05,16,189,114,0,108,6,0.0,94.73684210526315,0,0
public_05,17,192,117,5,106,6,4.273504273504273,90.5982905982906,3,2
public_05,18,197,114,2,106,6,1.7543859649122806,92.98245614035088,1,1
public_05,19,199,113,2,105,6,1.7699115044247788,92.92035398230088,1,1
public_05,20,200,112,3,103,6,2.6785714285714284,91.96428571428571,2,1
public_05,21,200,112,2,104,6,1.7857142857142856,92.85714285714286,1,1
public_05,22,200,110,0,104,6,0.0,94.54545454545455,0,0
public_05,23,200,110,0,104,6,0.0,94.54545454545455,0,0
public_05,24,200,110,0,104,6,0.0,94.54545454545455,0,0
public_05,25,200,110,0,104,6,0.0,94.54545454545455,0,0
public_05,26,200,113,3,104,6,2.6548672566371683,92.03539823008849,2,1
public_05,27,200,110,0,104,6,0.0,94.54545454545455,0,0
public_05,28,200,109,0,103,6,0.0,94.4954128440367,0,0
public_05,29,200,109,0,103,6,0.0,94.4954128440367,0,0
public_05,30,200,110,0,104,6,0.0,94.54545454545455,0,0
public_05,31,200,110,0,104,6,0.0,94.54545454545455,0,0
public_05,32,200,111,0,105,6,0.0,94.5945945945946,0,0
public_05,33,200,111,0,105,6,0.0,94.5945945945946,0,0
public_05,34,200,112,3,103,6,2.6785714285714284,91.96428571428571,2,1
public_05,35,200,111,2,103,6,1.8018018018018018,92.7927927927928,1,1
public_06,0,138,134,17,114,3,12.686567164179104,85.07462686567165,18,6
public_06,1,141,123,0,119,4,0.0,96.7479674796748,0,0
public_06,2,142,122,0,118,4,0.0,96.72131147540983,0,0
public_06,3,143,123,3,114,6,2.4390243902439024,92.6829268292683,2,1
public_06,4,146,124,2,116,6,1.6129032258064515,93.54838709677419,1,1
public_06,5,152,124,3,115,6,2.4193548387096775,92.74193548387096,2,1
public_06,6,155,123,0,117,6,0.0,95.1219512195122,0,0
public_06,7,159,127,5,115,7,3.937007874015748,90.5511811023622,3,2
public_06,8,161,124,2,114,8,1.6129032258064515,91.93548387096774,1,1
public_06,9,166,129,15,103,11,11.627906976744185,79.84496124031007,10,5
public_06,10,168,123,3,109,11,2.4390243902439024,88.6178861788618,3,1
public_06,11,174,127,9,107,11,7.086614173228346,84.25196850393701,7,2
public_06,12,175,124,0,112,12,0.0,90.32258064516128,0,0
public_06,13,177,126,2,111,13,1.5873015873015872,88.09523809523809,1,1
public_06,14,179,126,0,114,12,0.0,90.47619047619048,0,0
public_06,15,183,126,0,114,12,0.0,90.47619047619048,0,0
public_06,16,184,127,3,112,12,2.3622047244094486,88.18897637795276,2,1
public_06,17,188,125,0,114,11,0.0,91.2,0,0
public_06,18,190,127,0,116,11,0.0,91.33858267716536,0,0
public_06,19,194,130,0,119,11,0.0,91.53846153846153,0,0
public_06,20,200,133,0,122,11,0.0,91.72932330827066,0,0
public_06,21,200,133,0,122,11,0.0,91.72932330827066,0,0
public_06,22,200,134,2,121,11,1.4925373134328357,90.29850746268657,1,1
public_06,23,200,135,2,122,11,1.4814814814814816,90.37037037037037,1,1
public_06,24,200,132,0,121,11,0.0,91.66666666666666,0,0
public_06,25,200,132,0,121,11,0.0,91.66666666666666,0,0
public_06,26,200,132,0,121,11,0.0,91.66666666666666,0,0
public_06,27,200,131,0,120,11,0.0,91.6030534351145,0,0
public_06,28,200,132,0,121,11,0.0,91.66666666666666,0,0
public_06,29,200,132,0,121,11,0.0,91.66666666666666,0,0
public_06,30,200,132,0,121,11,0.0,91.66666666666666,0,0
public_06,31,200,132,0,121,11,0.0,91.66666666666666,0,0
public_06,32,200,133,0,122,11,0.0,91.72932330827066,0,0
public_06,34,200,133,0,122,11,0.0,91.72932330827066,0,0
public_07,0,136,128,16,101,11,12.5,78.90625,18,6
public_07,1,140,120,4,105,11,3.3333333333333335,87.5,2,2
public_07,2,146,122,2,107,13,1.639344262295082,87.70491803278688,1,1
public_07,3,147,121,0,108,13,0.0,89.25619834710744,0,0
public_07,4,150,124,2,109,13,1.6129032258064515,87.90322580645162,1,1
public_07,5,153,125,0,108,17,0.0,86.4,0,0
public_07,6,161,131,5,107,19,3.816793893129771,81.67938931297711,6,2
public_07,7,163,129,0,104,25,0.0,80.62015503875969,0,0
public_07,8,165,131,8,97,26,6.106870229007633,74.04580152671755,5,3
public_07,9,167,127,2,97,28,1.574803149606299,76.37795275590551,1,1
public_07,10,168,126,4,93,29,3.1746031746031744,73.80952380952381,2,2
public_07,11,170,122,2,90,30,1.639344262295082,73.77049180327869,1,1
public_07,12,172,122,0,89,33,0.0,72.95081967213115,0,0
public_07,13,176,126,5,90,31,3.968253968253968,71.42857142857143,4,1
public_07,14,178,127,0,93,34,0.0,73.22834645669292,0,0
public_07,15,183,132,4,94,34,3.0303030303030303,71.21212121212122,2,2
public_07,16,190,134,0,98,36,0.0,73.13432835820896,0,0
public_07,17,193,133,0,97,36,0.0,72.93233082706767,0,0
public_07,18,194,134,0,97,37,0.0,72.38805970149254,0,0
public_07,19,197,139,2,107,30,1.4388489208633095,76.97841726618705,1,1
public_07,20,200,139,2,107,30,1.4388489208633095,76.97841726618705,1,1
public_07,21,200,137,0,107,30,0.0,78.1021897810219,0,0
public_07,22,200,138,2,106,30,1.4492753623188406,76.81159420289855,1,1
public_07,23,200,136,0,106,30,0.0,77.94117647058823,0,0
public_07,24,200,136,0,106,30,0.0,77.94117647058823,0,0
public_07,25,200,136,0,106,30,0.0,77.94117647058823,0,0
public_07,26,200,136,0,106,30,0.0,77.94117647058823,0,0
public_07,27,200,136,0,106,30,0.0,77.94117647058823,0,0
public_07,28,200,135,0,105,30,0.0,77.77777777777779,0,0
public_07,29,200,135,0,105,30,0.0,77.77777777777779,0,0
public_07,30,200,135,0,105,30,0.0,77.77777777777779,0,0
public_07,31,200,135,0,105,30,0.0,77.77777777777779,0,0
public_07,32,200,135,0,105,30,0.0,77.77777777777779,0,0
public_07,34,200,137,4,103,30,2.9197080291970803,75.18248175182481,3,1
public_07,35,200,135,0,105,30,0.0,77.77777777777779,0,0
public_08,0,139,131,8,119,4,6.106870229007633,90.83969465648855,4,4
public_08,1,144,128,0,124,4,0.0,96.875,0,0
public_08,2,147,131,2,123,6,1.5267175572519083,93.89312977099237,1,1
public_08,3,148,130,0,123,7,0.0,94.61538461538461,0,0
public_08,4,148,130,2,121,7,1.5384615384615385,93.07692307692308,1,1
public_08,5,151,127,0,119,8,0.0,93.7007874015748,0,0
public_08,6,154,130,2,119,9,1.5384615384615385,91.53846153846153,1,1
public_08,7,159,133,0,122,11,0.0,91.72932330827066,0,0
public_08,8,160,137,12,114,11,8.75912408759124,83.21167883211679,8,5
public_08,9,166,131,0,119,12,0.0,90.83969465648855,0,0
public_08,10,169,134,4,118,12,2.9850746268656714,88.05970149253731,2,2
public_08,11,173,134,0,122,12,0.0,91.04477611940298,0,0
public_08,12,179,140,6,122,12,4.285714285714286,87.14285714285714,3,3
public_08,13,181,139,6,120,13,4.316546762589928,86.33093525179856,4,2
public_08,14,184,137,8,116,13,5.839416058394161,84.67153284671532,4,4
public_08,15,186,131,2,116,13,1.5267175572519083,88.54961832061069,1,1
public_08,16,188,133,6,114,13,4.511278195488721,85.71428571428571,6,3
public_08,17,190,131,2,116,13,1.5267175572519083,88.54961832061069,1,1
public_08,18,195,133,0,120,13,0.0,90.22556390977444,0,0
public_08,19,197,134,0,121,13,0.0,90.29850746268657,0,0
public_08,20,200,135,0,123,12,0.0,91.11111111111111,0,0
public_08,21,200,135,0,123,12,0.0,91.11111111111111,0,0
public_08,22,200,136,0,124,12,0.0,91.17647058823529,0,0
public_08,23,200,136,0,124,12,0.0,91.17647058823529,0,0
public_08,24,200,137,0,125,12,0.0,91.24087591240875,0,0
public_08,25,200,137,0,125,12,0.0,91.24087591240875,0,0
public_08,26,200,138,0,126,12,0.0,91.30434782608695,0,0
public_08,27,200,138,0,126,12,0.0,91.30434782608695,0,0
public_08,28,200,139,0,127,12,0.0,91.36690647482014,0,0
public_08,29,200,139,0,127,12,0.0,91.36690647482014,0,0
public_08,30,200,139,0,127,12,0.0,91.36690647482014,0,0
public_08,31,200,139,0,127,12,0.0,91.36690647482014,0,0
public_08,33,200,139,0,127,12,0.0,91.36690647482014,0,0
public_08,35,200,139,0,127,12,0.0,91.36690647482014,0,0
public_09,0,145,141,17,118,6,12.056737588652481,83.68794326241135,12,6
public_09,1,147,131,4,121,6,3.0534351145038165,92.36641221374046,2,2
public_09,2,153,129,0,123,6,0.0,95.34883720930233,0,0
public_09,3,156,132,0,126,6,0.0,95.45454545454545,0,0
public_09,4,159,135,2,126,7,1.4814814814814816,93.33333333333333,1,1
public_09,5,162,136,4,122,10,2.941176470588235,89.70588235294117,2,2
public_09,6,166,136,0,127,9,0.0,93.38235294117648,0,0
public_09,7,170,140,2,128,10,1.4285714285714286,91.42857142857143,1,1
public_09,8,172,143,7,126,10,4.895104895104895,88.11188811188812,6,2
public_09,9,173,140,4,126,10,2.857142857142857,90.0,3,2
public_09,10,174,136,2,124,10,1.4705882352941175,91.17647058823529,1,1
public_09,11,175,135,6,118,11,4.444444444444445,87.4074074074074,4,2
public_09,12,178,134,8,114,12,5.970149253731343,85.07462686567165,5,3
public_09,13,183,133,5,116,12,3.7593984962406015,87.21804511278195,3,2
public_09,14,186,132,0,120,12,0.0,90.9090909090909,0,0
public_09,15,187,133,0,121,12,0.0,90.97744360902256,0,0
public_09,16,189,134,0,122,12,0.0,91.04477611940298,0,0
public_09,17,193,137,0,129,8,0.0,94.16058394160584,0,0
public_09,18,194,138,0,130,8,0.0,94.20289855072464,0,0
public_09,19,197,139,0,131,8,0.0,94.24460431654677,0,0
public_09,20,200,140,0,132,8,0.0,94.28571428571428,0,0
public_09,21,200,140,0,132,8,0.0,94.28571428571428,0,0
public_09,22,200,139,0,131,8,0.0,94.24460431654677,0,0
public_09,23,200,139,0,131,8,0.0,94.24460431654677,0,0
public_09,24,200,138,0,130,8,0.0,94.20289855072464,0,0
public_09,26,200,139,0,131,8,0.0,94.24460431654677,0,0
public_09,27,200,138,0,130,8,0.0,94.20289855072464,0,0
public_09,28,200,137,0,129,8,0.0,94.16058394160584,0,0
public_09,29,200,137,0,129,8,0.0,94.16058394160584,0,0
public_09,30,200,138,0,130,8,0.0,94.20289855072464,0,0
public_09,31,200,138,0,130,8,0.0,94.20289855072464,0,0
public_09,34,200,139,0,131,8,0.0,94.24460431654677,0,0
public_09,35,200,140,0,132,8,0.0,94.28571428571428,0,0
public_09,36,200,143,3,132,8,2.097902097902098,92.3076923076923,2,1
public_10,0,134,128,22,103,3,17.1875,80.46875,16,11
public_10,1,138,110,4,103,3,3.6363636363636362,93.63636363636364,3,1
public_10,2,142,110,2,105,3,1.8181818181818181,95.45454545454545,1,1
public_10,3,146,109,2,104,3,1.834862385321101,95.41284403669725,1,1
public_10,4,149,110,8,99,3,7.2727272727272725,90.0,6,2
public_10,5,154,111,4,104,3,3.6036036036036037,93.69369369369369,2,2
public_10,6,159,110,0,105,5,0.0,95.45454545454545,0,0
public_10,7,159,110,0,101,9,0.0,91.81818181818183,0,0
public_10,8,159,111,7,94,10,6.306306306306306,84.68468468468468,4,3
public_10,9,160,104,2,92,10,1.9230769230769231,88.46153846153845,1,1
public_10,10,165,106,0,90,16,0.0,84.90566037735849,0,0
public_10,11,170,112,2,94,16,1.7857142857142856,83.92857142857143,1,1
public_10,12,173,113,0,96,17,0.0,84.95575221238938,0,0
public_10,13,174,113,0,96,17,0.0,84.95575221238938,0,0
public_10,14,174,115,2,96,17,1.7391304347826086,83.47826086956522,1,1
public_10,15,178,117,2,98,17,1.7094017094017095,83.76068376068376,1,1
public_10,16,181,116,2,97,17,1.7241379310344827,83.62068965517241,1,1
public_10,17,186,119,3,99,17,2.5210084033613445,83.19327731092437,2,1
public_10,18,190,124,3,105,16,2.4193548387096775,84.67741935483872,3,1
public_10,19,195,127,3,107,17,2.3622047244094486,84.25196850393701,2,1
public_10,20,200,128,0,109,19,0.0,85.15625,0,0
public_10,21,200,129,0,110,19,0.0,85.27131782945736,0,0
public_10,22,200,129,0,110,19,0.0,85.27131782945736,0,0
public_10,23,200,129,0,110,19,0.0,85.27131782945736,0,0
public_10,24,200,132,4,109,19,3.0303030303030303,82.57575757575758,3,1
public_10,25,200,131,3,109,19,2.2900763358778624,83.20610687022901,2,1
public_10,26,200,129,0,110,19,0.0,85.27131782945736,0,0
public_10,27,200,127,0,108,19,0.0,85.03937007874016,0,0
public_10,28,200,126,0,107,19,0.0,84.92063492063492,0,0
public_10,29,200,126,0,107,19,0.0,84.92063492063492,0,0
public_10,30,200,126,0,107,19,0.0,84.92063492063492,0,0
public_10,31,200,126,0,107,19,0.0,84.92063492063492,0,0
public_10,32,200,126,0,107,19,0.0,84.92063492063492,0,0
public_10,33,200,127,0,108,19,0.0,85.03937007874016,0,0
public_10,34,200,127,0,108,19,0.0,85.03937007874016,0,0
public_10,35,200,129,0,110,19,0.0,85.27131782945736,0,0
public_10,36,200,130,0,111,19,0.0,85.38461538461539,0,0
