dataset,introduction_id,assigned_day,response_deadline_day,user_a,user_b,status,response_time_days
public_01,intro_083a830326a97fe359abb875,0,7,syn_0b5739186226003ae4ee382252b03e24,syn_c8173f9ff896f70b35273e7528e0a64f,EXPIRED,1.0
public_01,intro_8fb379eaea078145d1c70d2b,0,7,syn_1590c7c7e61f068af7c1b8fe352500bc,syn_ff08099ce3f31cccc83bab0bdfe3f334,EXPIRED,2.0
public_01,intro_6f758ec667d65a015402ba8c,0,7,syn_1e8bad18a1c14d863cef63a9970d8344,syn_6cfb88f980ceab7343e2bdd152490fdd,REJECTED,3.0
public_01,intro_23bbec89d79888f92770e909,0,7,syn_6214069ad878006480ec8a15e3ea4d73,syn_f147f878931a307b02955c4cc72badc4,REJECTED,6.0
public_01,intro_86436df12917012276d1140e,0,7,syn_c430220c3b380c7f5245206579ef8b20,syn_ee6abfe4319122c923a1a5aad57e66d6,REJECTED,4.0
public_01,intro_d8be8d9c4abaae3bcc02823f,1,8,syn_337d765b9764b8a2ee932deabdac71bc,syn_6f243cc46db344937a9a55d12b2ee6ba,REJECTED,2.0
public_01,intro_14b94556d457dec26b2ecb0f,1,8,syn_c6c9ae5038330a59cbdfa233e5fdeca4,syn_da0425280e817cf099af8abcdd9116bf,EXPIRED,6.0
public_01,intro_349164af8b02145ea04a3e1f,3,10,syn_6cc64e64e56700dd377616f3e4e856ed,syn_e3e31d95321cfce40ef6448a8dd3461e,MATCHED,1.0
public_01,intro_0a9e04a0b0ef4571bdae6ad9,5,12,syn_382d179a81216a999064306113e8d5ce,syn_ce55981e45ac6f27b30673e97f790453,EXPIRED,2.0
public_01,intro_fbfd25d3b47139420bab68d7,5,12,syn_4bae37c3b69c792c35e1731394f0f149,syn_cb5ccb4d0ef4b2baee21637f3c7c12bb,EXPIRED,7.0
public_01,intro_98500a5302be745e38d01451,6,13,syn_2c58ea5d2ea2e4555f06d987546aaf99,syn_6017efd3cd8e375efdd4db43ec2dc45b,EXPIRED,4.0
public_01,intro_ca97e3577b509076f3068a19,7,14,syn_15c58533d97d59cd8fa8f6889005853b,syn_2ace6829562f1903e1273758af37a3b0,EXPIRED,4.0
public_01,intro_c98f35c0bcc08ed4af558962,7,14,syn_3069ccc1a6f38d323719e2cbc6f59227,syn_4604a63804f7f7a1e9080fbb4433cece,REJECTED,4.0
public_01,intro_e1fceb7f149976ca1258eac7,8,15,syn_1590c7c7e61f068af7c1b8fe352500bc,syn_cfd27ca6495326d0508ba804ba64f5ca,REJECTED,4.0
public_01,intro_4ec8de7f0b6f0747b9e940e8,8,15,syn_1e8bad18a1c14d863cef63a9970d8344,syn_69f65ca7fbcaa6bd4af36a54d5392e15,REJECTED,5.0
public_01,intro_9825e2bda395203d9bca48fb,8,15,syn_325f28583186d8a6c4075a559cc6b7fb,syn_73bade12cb37db49977a98fa82bc3625,MATCHED,4.0
public_01,intro_c747b22222d480cb56cbdce2,8,15,syn_6214069ad878006480ec8a15e3ea4d73,syn_aad7734833bf13651bfa0ea1773077e3,EXPIRED,7.0
public_01,intro_2c06a5ed48b18b8b222f1b2e,8,15,syn_8ce7b7a126e840e21f92c19cbec28b18,syn_a9c181161ee8f96a7dda3ab35860d64a,REJECTED,3.0
public_01,intro_6c2efbc8d2f8be6fc7246179,8,15,syn_95978ca6beef92cdc4b127a48f00725c,syn_ff08099ce3f31cccc83bab0bdfe3f334,EXPIRED,2.0
public_01,intro_f0423bfce67ab25c561cab87,8,15,syn_b4622763ed1476794c24ad8f6e66b7a6,syn_c430220c3b380c7f5245206579ef8b20,EXPIRED,5.0
public_01,intro_dec5eac30fa4e6cf4e7cc0c6,9,16,syn_2cb5d144832cd66b91adb378e774cb37,syn_da0425280e817cf099af8abcdd9116bf,EXPIRED,1.0
public_01,intro_22cc856f5029e6b9cb0204a3,9,16,syn_337d765b9764b8a2ee932deabdac71bc,syn_ee6abfe4319122c923a1a5aad57e66d6,MATCHED,2.0
public_01,intro_a848825508c8fb77c1d5de7f,9,16,syn_3c8584c1f25243303edf1fcc0a7848b8,syn_6cfb88f980ceab7343e2bdd152490fdd,REJECTED,1.0
public_01,intro_3126716f216bbea8abd38a57,9,16,syn_3e94cf4755a04dc34451e7870d909bfb,syn_c6c9ae5038330a59cbdfa233e5fdeca4,REJECTED,2.0
public_01,intro_02332a65f4ed8ed1a3be9b94,9,16,syn_55f5be77b53c2ba09e4b6e525c1db2e4,syn_9932dfb7889c4acac1c6b78ec2b3fbe2,REJECTED,3.0
public_01,intro_1a11843d4ce0e52cd5afcf7c,9,16,syn_6f243cc46db344937a9a55d12b2ee6ba,syn_d3927dfb4ba1444e5c3b6e48d99aac7c,REJECTED,4.0
public_01,intro_79440187718f2df1fcb3672e,12,19,syn_6774330328f6d2ac379ccb6fa733c323,syn_97c9450dbb229dd5ed181a5065471e8c,REJECTED,5.0
public_01,intro_b705ca52e53937618bb781e6,13,20,syn_237461d129e6228988f17c3d6b7d82b5,syn_5a2a81135dd5330ac19618741db86306,MATCHED,1.0
public_01,intro_70af3bd4898f5765fcee46e4,13,20,syn_4bae37c3b69c792c35e1731394f0f149,syn_c8173f9ff896f70b35273e7528e0a64f,REJECTED,3.0
public_01,intro_68b0ffaab377e03a8dbf491b,15,22,syn_017980b80fe495ad006acf9b65a6fcc3,syn_41c413cc05ebffa5a48edf51e8b5f41c,EXPIRED,6.0
public_01,intro_27aaadf4d3fec0c66b09ca89,15,22,syn_15c58533d97d59cd8fa8f6889005853b,syn_382d179a81216a999064306113e8d5ce,REJECTED,2.0
public_01,intro_663ef686fdeadc583a3e669b,15,22,syn_3069ccc1a6f38d323719e2cbc6f59227,syn_6cc64e64e56700dd377616f3e4e856ed,REJECTED,3.0
public_01,intro_4a96d4b0fd2d17b2989c900f,15,22,syn_34c9159d0d07971f677bbb253b5bbcf0,syn_e79da0d36035d273f913520318d5706f,REJECTED,1.0
public_01,intro_5d612c3f8accd70b07f194d6,15,22,syn_4604a63804f7f7a1e9080fbb4433cece,syn_bd58a8686e319b00ca603fc2518d8660,EXPIRED,7.0
public_01,intro_4e9bd529a138fa63a26fadfd,15,22,syn_8844134060c74553e4679322c94b6946,syn_bdf9fe7bc35e403f389e503e92728035,MATCHED,2.0
public_01,intro_e4780dd4963d683f4975cd17,16,23,syn_1590c7c7e61f068af7c1b8fe352500bc,syn_fb32b8618bad355de272dc79ff6569b7,REJECTED,4.0
public_01,intro_5b6739d919a1569a9de914c3,16,23,syn_f10a21c702c75eb4b59db90ff12c282f,syn_ff08099ce3f31cccc83bab0bdfe3f334,REJECTED,5.0
public_01,intro_75c18e0f85f79ea93ed74a09,17,24,syn_2c58ea5d2ea2e4555f06d987546aaf99,syn_6f243cc46db344937a9a55d12b2ee6ba,REJECTED,6.0
public_01,intro_abe5123b09f88874f7f3f950,17,24,syn_3c8584c1f25243303edf1fcc0a7848b8,syn_ce55981e45ac6f27b30673e97f790453,REJECTED,5.0
public_01,intro_a9c1c8c9afe62bd3438044e6,17,24,syn_3e94cf4755a04dc34451e7870d909bfb,syn_51c3093687ec35fc141741284be4579c,REJECTED,3.0
public_01,intro_02f4d327cde36f37a9ede4bc,17,24,syn_55f5be77b53c2ba09e4b6e525c1db2e4,syn_6cfb88f980ceab7343e2bdd152490fdd,REJECTED,4.0
public_01,intro_11bd330819aeeabafa74ef8c,19,26,syn_c430220c3b380c7f5245206579ef8b20,syn_dac6ff4452913f2419cdedcc570879e7,REJECTED,2.0
public_01,intro_336978d3687e116b6f297370,21,28,syn_c8173f9ff896f70b35273e7528e0a64f,syn_cb5ccb4d0ef4b2baee21637f3c7c12bb,REJECTED,6.0
public_01,intro_0d48d69e04ff78ea5c1c135f,23,30,syn_017980b80fe495ad006acf9b65a6fcc3,syn_97c9450dbb229dd5ed181a5065471e8c,REJECTED,3.0
public_01,intro_25d210787ff5e097c8773ff2,23,30,syn_15c58533d97d59cd8fa8f6889005853b,syn_6214069ad878006480ec8a15e3ea4d73,REJECTED,5.0
public_01,intro_fa91a40c70ee87a0fee69b27,23,30,syn_3069ccc1a6f38d323719e2cbc6f59227,syn_bd58a8686e319b00ca603fc2518d8660,REJECTED,4.0
public_01,intro_82e72989316140a0dee42920,23,30,syn_382d179a81216a999064306113e8d5ce,syn_d3927dfb4ba1444e5c3b6e48d99aac7c,REJECTED,3.0
public_01,intro_339f3b01510a7f010dd18503,23,30,syn_3b757727e68e22909b699b106b31fe72,syn_e79da0d36035d273f913520318d5706f,EXPIRED,3.0
public_01,intro_27ae70e1ba74e10899f27791,23,30,syn_41c413cc05ebffa5a48edf51e8b5f41c,syn_49e3e49b02ef389261d13172be7c8611,REJECTED,4.0
public_01,intro_9c5f69f6db8a64513c36139d,23,30,syn_4604a63804f7f7a1e9080fbb4433cece,syn_9932dfb7889c4acac1c6b78ec2b3fbe2,MATCHED,5.0
public_01,intro_e827828cf4d4959866ea104f,23,30,syn_6cc64e64e56700dd377616f3e4e856ed,syn_8b5f2158d456b7290f94410e2e1ea019,REJECTED,1.0
public_01,intro_85fe3a8f4d679f8dc795b0df,24,31,syn_848942b9908ff818fa6fb497f438e33b,syn_ff08099ce3f31cccc83bab0bdfe3f334,EXPIRED,5.0
public_01,intro_08a940137b90924904d331fb,25,32,syn_325f28583186d8a6c4075a559cc6b7fb,syn_69f65ca7fbcaa6bd4af36a54d5392e15,REJECTED,2.0
public_01,intro_01c2859e3c1d5f3014910368,25,32,syn_3c8584c1f25243303edf1fcc0a7848b8,syn_73bade12cb37db49977a98fa82bc3625,MATCHED,3.0
public_01,intro_e7cde4157afda95861d2ce1f,25,32,syn_51c3093687ec35fc141741284be4579c,syn_da0425280e817cf099af8abcdd9116bf,REJECTED,2.0
public_01,intro_072a7d2a8b6f75ad138436be,25,32,syn_6cfb88f980ceab7343e2bdd152490fdd,syn_f2c9c85da65191c936890b9a52ca3841,MATCHED,2.0
public_01,intro_cc8dd674d72c8288d8682ece,27,34,syn_ce55981e45ac6f27b30673e97f790453,syn_dac6ff4452913f2419cdedcc570879e7,REJECTED,1.0
public_02,intro_d1a51aea6897806f0e0295a1,0,7,syn_2056609e060881f2404b3e6d30d72b1b,syn_c85c5f4b0c079ca8e30677ea1c7ee178,EXPIRED,7.0
public_02,intro_0ee320acbf01c3364d5b27db,0,7,syn_28ae0f5a99431e9f34ff74eff6472675,syn_4b57337d2f0c61d365d36a51553229ee,MATCHED,4.0
public_02,intro_4aa78b1027339c9c0206f986,0,7,syn_5901d252ec94242330ca03c8dfdc084c,syn_9a6819069e54f8e26098a5a7064afa51,REJECTED,3.0
public_02,intro_28a1101489fcd89e45d416ad,0,7,syn_88a2837332f6912a8c262589243c20e2,syn_912d6fbf5229053275eb8ba2e10fc211,MATCHED,1.0
public_02,intro_d4b93335a6a7deec9070ad60,0,7,syn_a2f02a2600f647a9e2042b830b841fad,syn_a739d0a9c49e0d3691316cb05117c32c,MATCHED,2.0
public_02,intro_ea3f89c66d646913b5d0b9ef,0,7,syn_a6e1e3157ea05a77655d69145cb9340c,syn_ad946c4e2d51c4381a00d6a3a07c8f5c,REJECTED,1.0
public_02,intro_41bf89eaea235b90c345f6b9,1,8,syn_514d26a6c970dbaed9dfb5971b92fd98,syn_6edbeb8274e40517866227d17ad53adf,REJECTED,3.0
public_02,intro_d6c60162981be25b1eca92b0,1,8,syn_964b47ce9e65d08b24ac9115da831a47,syn_ec903125e9aaa8d948d4e78ea201cb07,EXPIRED,1.0
public_02,intro_9a80bc7c943a2f955a6c1ae8,1,8,syn_9780271663b2599273144f180e877968,syn_df2351b216e9b989fdcdb980be123864,EXPIRED,7.0
public_02,intro_d605aa0d878961370cb0eefb,2,9,syn_d16420689fdde7c0d35d130797ca9e5f,syn_f08a7eab3954c329d97b8ca6d495c410,REJECTED,5.0
public_02,intro_f257508af42be75cb77aebb3,3,10,syn_13516bb80dd39f3ce4ef943eca9d421e,syn_9598431518aa2a2f2e66ed889c7368f4,MATCHED,5.0
public_02,intro_7b9f110b53a63d5834174fd4,3,10,syn_32297fb064c264489c9e4039876f24ba,syn_e77fb3ea136541875ef0d0ed5153426c,REJECTED,5.0
public_02,intro_1f941e7afd4db72b9040c5a1,3,10,syn_469fe83e4a99f3d77981a1c1f7ea5386,syn_fe315b98117e4d81e77e76cdab5582b5,REJECTED,1.0
public_02,intro_1c830d25261195944b143d4d,3,10,syn_9330dd62ae5cb5c88131d62847ed361f,syn_9e3068d8d35b9eefda160e3de29ef47f,EXPIRED,7.0
public_02,intro_c548991e971d3e5198729ba5,4,11,syn_3a86f4a1b6a07735508a880e428bee60,syn_576b0b21e0dbd7a6bfdf295c4ff7fad8,REJECTED,3.0
public_02,intro_f8f0e84f00fbb08cfe50c5ed,4,11,syn_7cc830bf46268a150ea841a6aeac8371,syn_df55510630c387a8332959160eec8e4b,REJECTED,4.0
public_02,intro_2c3637a8ca24ddee374ed3ae,4,11,syn_c58e8eb0c882695da0ed7627b3275fe8,syn_dd56e893d452e71919601782ed0489cc,REJECTED,5.0
public_02,intro_58561954665108fb7b706ab0,5,12,syn_85bf11e712d179c418ccdfa063ffd5d7,syn_86a700b706a3f9d202eeee624e20ac53,REJECTED,1.0
public_02,intro_b3bef2c66235b2eab475e322,6,13,syn_404a8f65134058ae9943744c7f54d33f,syn_b4409bb8867ef48b4cd95b298a3702ee,MATCHED,4.0
public_02,intro_e8930b1f739f43648f568121,8,15,syn_5901d252ec94242330ca03c8dfdc084c,syn_c317705f90a517571b63aec42fee59d2,REJECTED,4.0
public_02,intro_8a25f255febd679f768cccd0,10,17,syn_514d26a6c970dbaed9dfb5971b92fd98,syn_d16420689fdde7c0d35d130797ca9e5f,REJECTED,2.0
public_02,intro_c191bf01fbc34e9f0ec506b2,10,17,syn_6842f6631c6d8aa01c669d8772ab7814,syn_8a5ab5e24cf1da571d7fc224290b5d55,REJECTED,2.0
public_02,intro_0747247db346b87a09e002f0,11,18,syn_02599d522c48ce7f9d47ca93ce0e969b,syn_d1d40e5694a83bf50c52e9b5a1c72bcf,REJECTED,7.0
public_02,intro_5d82f25371600b312ecc006a,11,18,syn_469fe83e4a99f3d77981a1c1f7ea5386,syn_df1fff6e0e3735985e36ea3e3c6864fe,MATCHED,3.0
public_02,intro_7c936636a85ddaa483fa2cba,11,18,syn_4ab039bc016a7f9170528808204c430f,syn_9e3068d8d35b9eefda160e3de29ef47f,REJECTED,2.0
public_02,intro_c2d722ba55992db138a5fa38,11,18,syn_c47b1ab16d66c1d488e705e8255ebb01,syn_f57a076753e50d87788a9f182f1fb641,REJECTED,3.0
public_02,intro_07455b87b1711d5cb5b4b902,12,19,syn_32297fb064c264489c9e4039876f24ba,syn_df55510630c387a8332959160eec8e4b,REJECTED,2.0
public_02,intro_9a97c1a84712d93ce17217dd,12,19,syn_3a86f4a1b6a07735508a880e428bee60,syn_7cc830bf46268a150ea841a6aeac8371,EXPIRED,5.0
public_02,intro_4c538413d48a9e465585cfde,12,19,syn_3ebeda0df1a2553d085d9f96dac06445,syn_c58e8eb0c882695da0ed7627b3275fe8,EXPIRED,7.0
public_02,intro_20c195c95a7aea29de800f72,12,19,syn_576b0b21e0dbd7a6bfdf295c4ff7fad8,syn_e77fb3ea136541875ef0d0ed5153426c,REJECTED,5.0
public_02,intro_29264a7f3a156ec5044af455,12,19,syn_8efbdba2e69c3948ce821a428e72ec36,syn_e6cc7ae09a87200ef93018c566b517f2,REJECTED,4.0
public_02,intro_f65f9e33f924f9e5569f4af1,13,20,syn_ac51d3efb980280e5357ef62f0295996,syn_ad946c4e2d51c4381a00d6a3a07c8f5c,REJECTED,3.0
public_02,intro_bc76347d8f1fafa271b68582,14,21,syn_5fe81c19774479c8dabc6a4cfda80478,syn_b648b44d01cd5170c0828409a2384c3a,REJECTED,3.0
public_02,intro_eb9e221f1d2ddf0aef01b95d,15,22,syn_0645957284c487c64ad77f70f4198680,syn_6b287023da72ef6cb9c29b0f5643870d,EXPIRED,2.0
public_02,intro_0a43f3c70cf5ff6e5f1c638e,15,22,syn_9330dd62ae5cb5c88131d62847ed361f,syn_a2f02a2600f647a9e2042b830b841fad,REJECTED,1.0
public_02,intro_b0cee0912bcde3f709d044ee,15,22,syn_a68f501e9c1069329ec78eaead07c015,syn_f7b44afc75607f2f2733766a3e903373,REJECTED,2.0
public_02,intro_326e69430c1b135a472a1fb0,17,24,syn_7db0447bd7972126f3c340691a555852,syn_86a700b706a3f9d202eeee624e20ac53,MATCHED,2.0
public_02,intro_23541cc24a35ddb03a26ae5c,18,25,syn_4b57337d2f0c61d365d36a51553229ee,syn_85bf11e712d179c418ccdfa063ffd5d7,REJECTED,3.0
public_02,intro_b7aba680fb64212fb7f443c4,18,25,syn_6842f6631c6d8aa01c669d8772ab7814,syn_ec903125e9aaa8d948d4e78ea201cb07,MATCHED,6.0
public_02,intro_ee500e19660ba594ac4b3723,18,25,syn_74655d9a89e1bc132109f53eefcfff70,syn_8a5ab5e24cf1da571d7fc224290b5d55,MATCHED,2.0
public_02,intro_b746e8ab200a910317ff4dad,19,26,syn_02599d522c48ce7f9d47ca93ce0e969b,syn_4ab039bc016a7f9170528808204c430f,REJECTED,3.0
public_02,intro_7432d6fca09a05bb115231de,19,26,syn_9e3068d8d35b9eefda160e3de29ef47f,syn_a739d0a9c49e0d3691316cb05117c32c,REJECTED,7.0
public_02,intro_f48315e5099cd323b69ab06b,20,27,syn_123815248e2a76967ece217db6a1c911,syn_576b0b21e0dbd7a6bfdf295c4ff7fad8,EXPIRED,3.0
public_02,intro_8fc8a010bc0770aebaa56a60,20,27,syn_1653cc8b5bd51e5da9b32ad68410ff2a,syn_7cc830bf46268a150ea841a6aeac8371,REJECTED,5.0
public_02,intro_f684061fa415dba4b22b0f00,20,27,syn_404a8f65134058ae9943744c7f54d33f,syn_8efbdba2e69c3948ce821a428e72ec36,REJECTED,3.0
public_02,intro_878b302ed733fa3b8e841fc5,20,27,syn_c317705f90a517571b63aec42fee59d2,syn_df55510630c387a8332959160eec8e4b,REJECTED,6.0
public_02,intro_e542c30ce10acd7c636cf211,21,28,syn_28ae0f5a99431e9f34ff74eff6472675,syn_ad946c4e2d51c4381a00d6a3a07c8f5c,MATCHED,4.0
public_02,intro_c475e707009864b5aa8888a4,22,29,syn_912d6fbf5229053275eb8ba2e10fc211,syn_c85c5f4b0c079ca8e30677ea1c7ee178,REJECTED,4.0
public_02,intro_f6faff4a718ed48ce93f7cf9,23,30,syn_514d26a6c970dbaed9dfb5971b92fd98,syn_f7b44afc75607f2f2733766a3e903373,REJECTED,3.0
public_02,intro_4e2c497f3fe99a855a791a1a,23,30,syn_a2f02a2600f647a9e2042b830b841fad,syn_e77fb3ea136541875ef0d0ed5153426c,REJECTED,7.0
public_02,intro_0f4e145b9f9ead1192952bbe,26,33,syn_4b57337d2f0c61d365d36a51553229ee,syn_8b9b5342414de47f8d837246597bdc40,REJECTED,4.0
public_02,intro_8e824839e9b320f1b01db348,27,34,syn_4ab039bc016a7f9170528808204c430f,syn_9330dd62ae5cb5c88131d62847ed361f,REJECTED,3.0
public_02,intro_67bd946fca5b812069ddfd2c,28,35,syn_123815248e2a76967ece217db6a1c911,syn_df55510630c387a8332959160eec8e4b,REJECTED,2.0
public_02,intro_718dd53a9f3d9889b336ca22,28,35,syn_1653cc8b5bd51e5da9b32ad68410ff2a,syn_576b0b21e0dbd7a6bfdf295c4ff7fad8,EXPIRED,
public_02,intro_6eeac21debbe33d1af6f3027,28,35,syn_1ff70ea44da32881e17a2dfea1ff3ca3,syn_7cc830bf46268a150ea841a6aeac8371,EXPIRED,
public_02,intro_ee65681ad41797b1c63a2068,28,35,syn_4387e89fdb0f8be8ba5e37551b474d67,syn_c317705f90a517571b63aec42fee59d2,EXPIRED,1.0
public_02,intro_0fc589f5551b8e3177c75449,29,36,syn_3a86f4a1b6a07735508a880e428bee60,syn_df1fff6e0e3735985e36ea3e3c6864fe,WAITING,
public_03,intro_d133388593b62c90804bec30,0,7,syn_1386702035718f2adc1df53d409beb16,syn_a705c593e6e69e8c4a02d9d99ba7d9f7,REJECTED,1.0
public_03,intro_478d595839d641da56001573,0,7,syn_142667e30eb084da04350e5d347e3b28,syn_15094d95bee0f3794505e615ef38f757,EXPIRED,7.0
public_03,intro_d612dcc180adafb2a434514f,0,7,syn_185239edefd298df77c057d55930fe3f,syn_f0b3737a63de7597108e36583367bbb7,REJECTED,5.0
public_03,intro_a8d630388034767fc0f67c84,0,7,syn_28b646d4755faddc39a51bd9fdcb41b5,syn_7e8db0ab9c3b81d99491dd62617fabfd,MATCHED,1.0
public_03,intro_23b59a713db2602d75f7c839,0,7,syn_3d8576cd1d963097c3fe9bc506a7f764,syn_627291d2d2016660f5252586e2e4de14,EXPIRED,7.0
public_03,intro_234531587d04cb4af922d406,0,7,syn_407f3f4c2592820b9dae3d1a95298f39,syn_8f39a65287b445d3ccf69246a7619568,REJECTED,2.0
public_03,intro_501f3880d51349e472633090,0,7,syn_42b084e5fa9fc14679c0e6de303893f2,syn_ce508c8cf69e43f35685c787060b3f7e,MATCHED,2.0
public_03,intro_0cc0c1a718ff4cfbb29d2075,0,7,syn_5e808b316d8d05c1f7916cd1a27849ea,syn_b7f3ce4fbc9704d8bcfee59cfe0b92c8,EXPIRED,7.0
public_03,intro_aa25ef609f89bd0ec1d613ef,0,7,syn_741f26efda3029eb4635b6c48a55409b,syn_f5b6b86443fb5d40247f340e60afbac3,MATCHED,1.0
public_03,intro_702cccd59a08e24b47dabd77,0,7,syn_bdbe75f3389eeea2facac1daf3b8f54f,syn_e5d18942277d59e159571a60417084dd,EXPIRED,2.0
public_03,intro_8d7044a965b9d98d2cf5a0b3,0,7,syn_cb05894fe8461694a85bee0a8d796961,syn_e716080fca8c7e4108e2bfd2673c623f,MATCHED,2.0
public_03,intro_67a8b622a40a340813935957,2,9,syn_e6d67192c35395af70347c1dc1630fc7,syn_e76bd7cf5e613585e449a6c13e24eb84,REJECTED,7.0
public_03,intro_578582d7f0eb408df94fd78a,3,10,syn_31667db2fdb3a644ceaa3debec01d16a,syn_d1e9ca7f6e5beff1f3d5148215458a96,EXPIRED,7.0
public_03,intro_2de33673dc7afa3b097a2774,4,11,syn_86283b14f5fafd238ae7d3a164ccab16,syn_99e8989458acdcc36e405dc78a4f83d9,EXPIRED,5.0
public_03,intro_c471a7314344eab7c6edf728,5,12,syn_0dcddd397cc41379aed85d08113dccc2,syn_f8f2a559252b3698a0edb501cd7ae110,REJECTED,2.0
public_03,intro_ebe4f0d55a38758c7a41a3ee,5,12,syn_ab856031478d06b490854365aa25908b,syn_b6fbb8ff4cd880418e162d8d627e308b,REJECTED,2.0
public_03,intro_9d20f65d7ab6c968ecf10b02,7,14,syn_74c3cf4067a36e0751799c4d031b3b78,syn_eded8c2e3b856be5f61d4a96e97501e6,REJECTED,5.0
public_03,intro_6e93a96c0693c1123b21363f,8,15,syn_09aef24c177ecc157fc1d4e3d3740f55,syn_e9151c2187b3905df9c912f16d8c0624,MATCHED,4.0
public_03,intro_73861b70fe6079a47d637daf,8,15,syn_1386702035718f2adc1df53d409beb16,syn_fd6cf87ce4b851c5e41c04c149e54ed0,REJECTED,1.0
public_03,intro_44fcc2ad6bac31c0e7239ba8,8,15,syn_19ffe86a38a726abfc6bee1422d2f5d6,syn_7b785ad8eb8c6e85f30cfd47cd6adaf1,MATCHED,1.0
public_03,intro_9bfead8006fb84a50c9631df,8,15,syn_3d8576cd1d963097c3fe9bc506a7f764,syn_3fd966eba61dc3463d3f6fcab27f1842,REJECTED,5.0
public_03,intro_70e85d5eba101a8ea5ee7eca,8,15,syn_627291d2d2016660f5252586e2e4de14,syn_98c61d9099311b007ad24c187f3df689,REJECTED,7.0
public_03,intro_e957efc9fcc37c423e8837a4,8,15,syn_7152ee7f2ce7db4b951d0a90817d6087,syn_e88e595ca7d3d829c88b8dfd1f418740,REJECTED,5.0
public_03,intro_ccb5c2f5a8d63b11c9775047,8,15,syn_8f39a65287b445d3ccf69246a7619568,syn_e4817a691db5cd5fed599dbc64460e0f,REJECTED,5.0
public_03,intro_247e57560db5ddc1ac5b103d,8,15,syn_a95813bf865c1a3f3b025533d8954ddc,syn_b7f3ce4fbc9704d8bcfee59cfe0b92c8,REJECTED,1.0
public_03,intro_388a6d70f76f23ed8c2556a0,8,15,syn_d3fa2f57e04f74262945a45190d6209a,syn_f0b3737a63de7597108e36583367bbb7,REJECTED,3.0
public_03,intro_ee4a06e206e86f8d7d4034cd,10,17,syn_27acdff62392ec6c2f7235dc7280b1de,syn_ca8ec182051432927289a3155c8c0876,REJECTED,2.0
public_03,intro_693c5afd2e17c88ceb989394,10,17,syn_6c6dd8ba55bed36a3133c316f1955dea,syn_e76bd7cf5e613585e449a6c13e24eb84,REJECTED,1.0
public_03,intro_ef1194c68f6732ef4a217b33,11,18,syn_10f821e0220f9802ab3ba7d7eb630f61,syn_185239edefd298df77c057d55930fe3f,REJECTED,2.0
public_03,intro_3e336a70e4c5e3b2757fbc3a,12,19,syn_142667e30eb084da04350e5d347e3b28,syn_99e8989458acdcc36e405dc78a4f83d9,EXPIRED,1.0
public_03,intro_7c85b47183edbe5606e19c11,13,20,syn_15094d95bee0f3794505e615ef38f757,syn_f8f2a559252b3698a0edb501cd7ae110,EXPIRED,7.0
public_03,intro_9786b1ebfcd7626d24e4ceef,13,20,syn_407f3f4c2592820b9dae3d1a95298f39,syn_56c14f157d1f6d183dfe7a0ed5f62c18,REJECTED,2.0
public_03,intro_4e2d8b33d09d3705334fe30c,13,20,syn_ab856031478d06b490854365aa25908b,syn_daaf3d37d8981bbac7062269b5baad10,REJECTED,3.0
public_03,intro_017332e72390a7ceb8e7a7f5,15,22,syn_e6d67192c35395af70347c1dc1630fc7,syn_eded8c2e3b856be5f61d4a96e97501e6,REJECTED,2.0
public_03,intro_82c5fd3b368ef6e1a095d415,16,23,syn_3d8576cd1d963097c3fe9bc506a7f764,syn_50a5aff380654b298ad52aa8340b21ae,MATCHED,1.0
public_03,intro_5e69d00815234c9fea393ea4,16,23,syn_3fd966eba61dc3463d3f6fcab27f1842,syn_7890ec61d2453731c2bed8b2c3789683,REJECTED,2.0
public_03,intro_75b1c3ee534bff2890709228,16,23,syn_627291d2d2016660f5252586e2e4de14,syn_f0b3737a63de7597108e36583367bbb7,MATCHED,2.0
public_03,intro_e775375d776d6a880f217f98,16,23,syn_7152ee7f2ce7db4b951d0a90817d6087,syn_97301bd229d9800eb8563ec33bc292c0,REJECTED,2.0
public_03,intro_c0c0e3ad69a69219e99df609,16,23,syn_86283b14f5fafd238ae7d3a164ccab16,syn_b7f3ce4fbc9704d8bcfee59cfe0b92c8,REJECTED,3.0
public_03,intro_461347ccd4135b7f9999b37d,16,23,syn_8f39a65287b445d3ccf69246a7619568,syn_c660a0f85f5d3d333ed60c3392f7d636,REJECTED,4.0
public_03,intro_27c2115adce71d3fca58f1ee,16,23,syn_bb91bac36dd3672742736360616c151d,syn_e5d18942277d59e159571a60417084dd,MATCHED,6.0
public_03,intro_7e4c411908d01e894b67441c,18,25,syn_026ffe3c500b39c39ec7c2eed36e36e3,syn_7544cf0fc4755e291401840e2f8816a4,REJECTED,7.0
public_03,intro_a1abb314d3680f7bf82a56e0,18,25,syn_27acdff62392ec6c2f7235dc7280b1de,syn_f0ac5b307a3422f700d73938aa017c30,EXPIRED,3.0
public_03,intro_abd530d98b6604894d1e6864,20,27,syn_55412a44789880504f25ddaf9b09ae5d,syn_99e8989458acdcc36e405dc78a4f83d9,REJECTED,5.0
public_03,intro_9a9fd284188e45aeafd2da53,21,28,syn_09aef24c177ecc157fc1d4e3d3740f55,syn_185239edefd298df77c057d55930fe3f,REJECTED,4.0
public_03,intro_ad03d09d62e3899f6704decb,21,28,syn_142667e30eb084da04350e5d347e3b28,syn_f8f2a559252b3698a0edb501cd7ae110,REJECTED,3.0
public_03,intro_9b0d82a06299fc8250b9f6d8,21,28,syn_15094d95bee0f3794505e615ef38f757,syn_3f469b782bd7f0895490b4ef79828abd,EXPIRED,1.0
public_03,intro_0b0d682121140b46fa9386c0,21,28,syn_2794bcdcd701de82acd3e3ffcf71b3e8,syn_407f3f4c2592820b9dae3d1a95298f39,REJECTED,6.0
public_03,intro_a57355f62af4d35644c5ddd8,21,28,syn_56c14f157d1f6d183dfe7a0ed5f62c18,syn_e4817a691db5cd5fed599dbc64460e0f,MATCHED,2.0
public_03,intro_b509ed162f8aeffd4c03b873,21,28,syn_b6fbb8ff4cd880418e162d8d627e308b,syn_e9151c2187b3905df9c912f16d8c0624,REJECTED,3.0
public_03,intro_a1d5345979d8c3b5a4adfff7,24,31,syn_03991bbe99548e8a5bda3e8f8f067c7b,syn_8f39a65287b445d3ccf69246a7619568,EXPIRED,1.0
public_03,intro_6e5ee27329b17c9782eb327b,24,31,syn_97301bd229d9800eb8563ec33bc292c0,syn_e88e595ca7d3d829c88b8dfd1f418740,REJECTED,5.0
public_03,intro_e71160fb02e309b898640554,26,33,syn_ca8ec182051432927289a3155c8c0876,syn_f0ac5b307a3422f700d73938aa017c30,EXPIRED,2.0
public_03,intro_ce326b7a97bce5b819ed7723,28,35,syn_7152ee7f2ce7db4b951d0a90817d6087,syn_99e8989458acdcc36e405dc78a4f83d9,EXPIRED,
public_03,intro_c1f48770029658ecd4953db8,29,36,syn_daaf3d37d8981bbac7062269b5baad10,syn_e9151c2187b3905df9c912f16d8c0624,WAITING,1.0
public_03,intro_d21d0f57432338f8ada1cb39,29,36,syn_f5b6b86443fb5d40247f340e60afbac3,syn_f8f2a559252b3698a0edb501cd7ae110,WAITING,
public_04,intro_01e97d06ee5fb864a006cf23,0,7,syn_1890fa287cb47cb3c40bfc072dea2831,syn_e453a9753947b8de3c0e1a316bed97e0,REJECTED,3.0
public_04,intro_d73056f0148e777fb29288e0,0,7,syn_1f125e068adfe453e6d646b417a74160,syn_eb8696fb693b13718b8d552d3dee6513,EXPIRED,7.0
public_04,intro_c67794d69ee1cc752006e962,0,7,syn_26e7743051a10c35ca448232f7764c4a,syn_7d448552e3c6ed9ebe17c4fdc0aeb319,REJECTED,6.0
public_04,intro_76e0aebfc269443af4dd9d2a,0,7,syn_397e6f808de609ed6233f67bfbbf5073,syn_b49c4d80007ff81c1cbb9e2e1dc82bf9,EXPIRED,2.0
public_04,intro_aa751929491b22943fc5974f,0,7,syn_685afb58756b09bce56c0f7d31be8487,syn_849e022f628b4bab94ec91859a2eb260,REJECTED,1.0
public_04,intro_3d4b060cb8946966eec72fae,0,7,syn_74c35467d7d42e945b810aed798b15fd,syn_bd73b3c0ed911bba8f82e95365300148,REJECTED,4.0
public_04,intro_6f58881b98c975b1c5b088c4,1,8,syn_2ca17e374c5c610d6ebd340ad8aacd7f,syn_89ffea423f1a280a457958942f6b8ab8,REJECTED,1.0
public_04,intro_e30edf21c7bb391a816921af,1,8,syn_55077ea8f13df41e285207fc665ea6af,syn_7f89b5b821b4f241a9863e858b87982d,MATCHED,3.0
public_04,intro_7925bd34b01992b68e808dba,3,10,syn_6ece6990d6dc3284551a3c815b7b790c,syn_9fa059cb5e8a6e1ef14992cca7932e8d,MATCHED,1.0
public_04,intro_74b2880974ef9bad442a857a,3,10,syn_a4279277750c71af05633514f4cfd51b,syn_fc4aafa8e1d8f4e7236cd571da9c7b5d,EXPIRED,5.0
public_04,intro_49f4be1248658c4cc35daa24,4,11,syn_073555cc4699627ce699abc314b5b131,syn_18e71c29fea4faa2e9521f85243b9f95,REJECTED,2.0
public_04,intro_40f7120ced8501bb307cd34c,5,12,syn_215e3b0145dd93a06ffef8ea4c228704,syn_e7a68b664447aa1b9a47d321c285d374,REJECTED,1.0
public_04,intro_86b0b870f36be9e1cb3e0bd7,7,14,syn_3d9c8af991bc51ab54c7c0880f2bec7d,syn_d1b5f8ee73715bd439ffdd81ad2039c1,REJECTED,1.0
public_04,intro_1526bc3bb7542451f2a63c98,7,14,syn_d744f1c529f904c1246ab63e0e41b857,syn_fbe1b83833b2641f4b119c9986cd4b5b,REJECTED,2.0
public_04,intro_7baedd681b063c0c3c76f433,8,15,syn_26e7743051a10c35ca448232f7764c4a,syn_2cc1b7faf23b94d37ea32fc268130f4d,REJECTED,1.0
public_04,intro_87978a289f11c299fb1cf9fe,8,15,syn_397e6f808de609ed6233f67bfbbf5073,syn_83577c49b97c67fc62385886ccbc3d84,REJECTED,2.0
public_04,intro_54527a044007491c8a41f93b,8,15,syn_7d448552e3c6ed9ebe17c4fdc0aeb319,syn_b49c4d80007ff81c1cbb9e2e1dc82bf9,MATCHED,2.0
public_04,intro_71392f86e2a127e556c51ecd,8,15,syn_849e022f628b4bab94ec91859a2eb260,syn_c5eaf70283619d3e612460ed0559915a,REJECTED,2.0
public_04,intro_542855532ee8b94e47d241ab,9,16,syn_2ca17e374c5c610d6ebd340ad8aacd7f,syn_97451abfdecc902a5de05bc02876603f,REJECTED,7.0
public_04,intro_fc90029d6bf22d96e9e5f3ce,11,18,syn_0de2036f2832ef6e77c6772ec1537bb9,syn_a4279277750c71af05633514f4cfd51b,REJECTED,7.0
public_04,intro_b1f1a15212dc79f7afdc4140,11,18,syn_24e084798f238a279f16794b68afbddf,syn_731849480b4c01c377ca6e6902519aba,EXPIRED,7.0
public_04,intro_a3a6c5f13f2537594367ece2,12,19,syn_1890fa287cb47cb3c40bfc072dea2831,syn_b7e8304a5ec73d58a2bceee63ad36fa9,REJECTED,4.0
public_04,intro_23f0a9744127be4becad463d,12,19,syn_18e71c29fea4faa2e9521f85243b9f95,syn_507d19d91c5d6c09cdd0d1fef4b95f62,REJECTED,3.0
public_04,intro_aba67610fcd941718a38f477,13,20,syn_114cfdbc3bf09d6b2f5a94c7afec0e45,syn_a7fc11fd0ef3e4f98b7abe8f05ba6707,REJECTED,5.0
public_04,intro_59e2e763f4be329195775c97,13,20,syn_38dbdc9717d6e36a819261a8eae3e39a,syn_e7a68b664447aa1b9a47d321c285d374,REJECTED,4.0
public_04,intro_d7d19c91d165d421f313fef3,13,20,syn_4f14c897aa979fb06e0af2950b90a9ac,syn_8934e986f20fa72046c53b387930debc,REJECTED,3.0
public_04,intro_e79e7d78e9cb3ad325150b0b,13,20,syn_6ece6990d6dc3284551a3c815b7b790c,syn_fc5ac0142c9d3d0ee6ec9e0c8dcfa904,REJECTED,1.0
public_04,intro_7dbe9fdbe403edafa4a16f6d,14,21,syn_1f125e068adfe453e6d646b417a74160,syn_6c213fc24a6197f288499b5245666c3a,REJECTED,1.0
public_04,intro_79d682eb238c48a7dbd8d851,14,21,syn_36db1f5d2e83246f218ddc986f80693c,syn_c83ea6d69287771a7423f5440eb8cb8c,REJECTED,1.0
public_04,intro_a6d5fcb19cef8ce927f8d14c,15,22,syn_1b6880c76aa4fac265ac5fd1a789e195,syn_ec05382d80bba6e4273caefd8c1c6f6d,REJECTED,5.0
public_04,intro_6c4667383f4ae1afbfff01cc,15,22,syn_5fde49d24837cd3528d28b491b0dfee0,syn_bd73b3c0ed911bba8f82e95365300148,REJECTED,6.0
public_04,intro_1238329060d4d85cc06b992f,15,22,syn_938b2288b51fb2c969f0471cd76902b4,syn_d55e7be8bc8def7a7ba01987a41edd23,EXPIRED,5.0
public_04,intro_8f7eff392447b9a29ec6052d,15,22,syn_d1b5f8ee73715bd439ffdd81ad2039c1,syn_eb8696fb693b13718b8d552d3dee6513,REJECTED,2.0
public_04,intro_b0e9a55e0d754fb4ecfdfb4e,16,23,syn_1adcbb975557fc57fffb9471a6ee47b1,syn_74c35467d7d42e945b810aed798b15fd,REJECTED,4.0
public_04,intro_c37dd79cbb5476fc4b9d97f5,16,23,syn_2c9bc92b3661a67a689cdd9292b72dd8,syn_638e3707b3fd032bbac98862c7b487d7,REJECTED,7.0
public_04,intro_5ce29962582eeb30addd11d4,17,24,syn_2ca17e374c5c610d6ebd340ad8aacd7f,syn_bb1b8ff042e188373e72d8ebe921af5c,MATCHED,2.0
public_04,intro_c9b5f18bf190c3c3466a6427,18,25,syn_321a39fae8f0dba4e3edbab774b58d93,syn_7ba96d0f0cba9592b4b83299379b202c,REJECTED,4.0
public_04,intro_c9d172c1a763a5eee047b8d0,19,26,syn_03eaad8b6bf2574c57e40c280d593f64,syn_0d4aeb780385fa80ff0427c0fdd07221,REJECTED,2.0
public_04,intro_7614d1c709db58dfea306ba5,19,26,syn_24e084798f238a279f16794b68afbddf,syn_397e6f808de609ed6233f67bfbbf5073,REJECTED,3.0
public_04,intro_dd49606066b65410a208e79e,19,26,syn_26e7743051a10c35ca448232f7764c4a,syn_a4279277750c71af05633514f4cfd51b,REJECTED,7.0
public_04,intro_e9ed0db9f68feadd145c73cf,20,27,syn_0d7df4f4bfbfc139b102f0fa6c28d929,syn_1890fa287cb47cb3c40bfc072dea2831,REJECTED,1.0
public_04,intro_3248238f2d94005de7035b85,20,27,syn_18e71c29fea4faa2e9521f85243b9f95,syn_524308ae64342137a0712e7da1ca7533,REJECTED,5.0
public_04,intro_e70cbcf4bc3954f12444d227,20,27,syn_730febe55e4f2d8c3c2e7d2eb7f1c334,syn_b7e8304a5ec73d58a2bceee63ad36fa9,REJECTED,2.0
public_04,intro_d4c1fe2ffb4bf6d97393a5ba,21,28,syn_10d7008e077ff1a1dcb0109f8e94820d,syn_e7a68b664447aa1b9a47d321c285d374,REJECTED,5.0
public_04,intro_4bd0d2c1329880a4bedb9b87,21,28,syn_1bcfca3217b37178274c5f4eb4a84d0c,syn_7f89b5b821b4f241a9863e858b87982d,REJECTED,4.0
public_04,intro_77e220e3a4992bc2768d86a6,21,28,syn_38dbdc9717d6e36a819261a8eae3e39a,syn_bff6e65ce330f895a52d97b4e1ce0127,EXPIRED,4.0
public_04,intro_42b5c7574bb6dd27410a4f30,21,28,syn_4f14c897aa979fb06e0af2950b90a9ac,syn_7d1a0a5b692c6e203d9d44d074ee1415,EXPIRED,5.0
public_04,intro_e139f61b8290c0830837d1f0,21,28,syn_8934e986f20fa72046c53b387930debc,syn_fbe1b83833b2641f4b119c9986cd4b5b,EXPIRED,6.0
public_04,intro_33e3fd97ca7a80eda31973e9,21,28,syn_8e775b78f392e0dd2b977c464d293069,syn_a7fc11fd0ef3e4f98b7abe8f05ba6707,MATCHED,1.0
public_04,intro_47eb0acfde4baaf9c832b219,22,29,syn_1f125e068adfe453e6d646b417a74160,syn_55077ea8f13df41e285207fc665ea6af,REJECTED,1.0
public_04,intro_a09d56b3504798d87d40f0f1,22,29,syn_7d448552e3c6ed9ebe17c4fdc0aeb319,syn_93ef35bd033e0f6f8d9a1712f26b9d09,EXPIRED,7.0
public_04,intro_4555b8fc549e4447e421678b,23,30,syn_3d9c8af991bc51ab54c7c0880f2bec7d,syn_ec05382d80bba6e4273caefd8c1c6f6d,REJECTED,3.0
public_04,intro_31c128b3d9f23e08a72b585b,23,30,syn_5fde49d24837cd3528d28b491b0dfee0,syn_c03868d63853ea1bff35bc0992f6de98,REJECTED,1.0
public_04,intro_3a5a3bae3db6fb09957a94f1,23,30,syn_6c213fc24a6197f288499b5245666c3a,syn_d1b5f8ee73715bd439ffdd81ad2039c1,MATCHED,6.0
public_04,intro_fe767d850b698fbd476e6518,27,34,syn_0d4aeb780385fa80ff0427c0fdd07221,syn_e453a9753947b8de3c0e1a316bed97e0,EXPIRED,
public_04,intro_cdd645f714f3e914fbd8fc6e,27,34,syn_24e084798f238a279f16794b68afbddf,syn_b49c4d80007ff81c1cbb9e2e1dc82bf9,REJECTED,2.0
public_04,intro_80278e0ca8df963245c83105,27,34,syn_731849480b4c01c377ca6e6902519aba,syn_a4279277750c71af05633514f4cfd51b,EXPIRED,
public_04,intro_83ccc6ba0501b66ff5b1d710,28,35,syn_18e71c29fea4faa2e9521f85243b9f95,syn_74c35467d7d42e945b810aed798b15fd,REJECTED,2.0
public_04,intro_9926ed6f1fa2e9d8dd822057,28,35,syn_524308ae64342137a0712e7da1ca7533,syn_6ece6990d6dc3284551a3c815b7b790c,EXPIRED,
public_04,intro_195f4710803cd520969d0c37,28,35,syn_a3c439ac1b7fa162936aba04989c8567,syn_b7e8304a5ec73d58a2bceee63ad36fa9,REJECTED,1.0
public_04,intro_d66eba1d582ae1208d7ae5ef,29,36,syn_1b6880c76aa4fac265ac5fd1a789e195,syn_4f14c897aa979fb06e0af2950b90a9ac,WAITING,
public_04,intro_bc6090a675ca6535f7e6f3bf,29,36,syn_7ba96d0f0cba9592b4b83299379b202c,syn_fbe1b83833b2641f4b119c9986cd4b5b,WAITING,
public_05,intro_0d6e64c574ddb6db18205fd8,0,7,syn_0cc07e96f676a5d559cbc5e653e33702,syn_b30ea3f02d38b8923b5460bfef0e7833,REJECTED,6.0
public_05,intro_a1caedb789ff728e0363f4fe,0,7,syn_12cb9eb179cd7526b1a1c5665fbc3d49,syn_5c803391b28b1117467777a0829a576d,MATCHED,3.0
public_05,intro_44f854b751d2ed51751e84a6,0,7,syn_18f7e35ae85cc3edebfa8a1d77eaddab,syn_1c596186018460f2fdedf8f2afc0f2d6,MATCHED,2.0
public_05,intro_4d8304d88e9871e9ffca9cd1,0,7,syn_221878d393f071a58d95cb551a7526b0,syn_e4fef32cad521b8353e4ea2998891934,REJECTED,7.0
public_05,intro_509187d8782cdc252dd7077e,0,7,syn_23170a23564440a1d4402bade96fbeaa,syn_7e4f49ce22a2dc79ca61ba0bc89f0f82,REJECTED,1.0
public_05,intro_d99807372e5a0dfc19af83a1,0,7,syn_3dffb55ed3520520027fdc4a915ed11f,syn_6efe7a1f547d3314395b95ea2c5640e8,MATCHED,4.0
public_05,intro_58c9cd9d7006d483f3a23363,0,7,syn_4687a28a79af9d8525305f458b2ec26d,syn_9783d190677a0c555c717c760d1c92c7,MATCHED,2.0
public_05,intro_1673c6f3b05a6db6aa31d1fe,0,7,syn_491d2caa03074de80577fcadbbb7619c,syn_d972a517765f7d71a85724b9e4c75331,REJECTED,1.0
public_05,intro_e673d3eb51b3c092c4b27801,0,7,syn_7744f96c17d970a135531692e7b1a8ce,syn_9b67b3d6b3dda13686dfab9594a9106a,REJECTED,6.0
public_05,intro_b00554616c8c588e27e09daa,0,7,syn_d737c28d6653eeba0c3592b0f7d771b6,syn_e7313d20148b0ae24b283f75f679a9eb,MATCHED,7.0
public_05,intro_a1a7fd02c538fed9dfad32c7,0,7,syn_daae70040111edbb049035d2a01a3d36,syn_e00e10705d734ac68710874d558dc113,REJECTED,2.0
public_05,intro_589d69af7223288424bf36c2,0,7,syn_f52d998f7b3adeed3355e5e1ddd5221d,syn_f8eb160de9f82987145dcf9bd6c14111,REJECTED,3.0
public_05,intro_96f05968697c96727d23fa39,2,9,syn_32431bcfe5fcb7cce07e8b444d497c9c,syn_3788539c7c8062cd932e2b427024d8ea,REJECTED,4.0
public_05,intro_07aa9c01e67a54d60b200864,3,10,syn_59ff3e1be8b80799f03c9a0adcc9a8f7,syn_6386031efeb54abdfa96637beb180642,EXPIRED,6.0
public_05,intro_be86f9eb83db69dcf010a874,4,11,syn_7eee6a7a0275f890ef8c6385bb0ca86e,syn_955a8bdca2d80121eeda9df1c5b47f0d,REJECTED,2.0
public_05,intro_a8a90d3a49faecbe4fbfe8fa,6,13,syn_2455179885e7a5cdd0d701736adad366,syn_d28061e75589e2ff0d7526ffe3542260,EXPIRED,7.0
public_05,intro_16c7fe8123ee9313f7bccc81,6,13,syn_2f057a3c05913d701d608a8b13727219,syn_d14e8e3bc349a408cacb453a7abffef8,REJECTED,4.0
public_05,intro_9fe190090464d3b75706c780,6,13,syn_36b3b69ccaea82d40d69f92264d42798,syn_bb7b6073c8216ea13025eadbfeb27f2c,REJECTED,4.0
public_05,intro_e4d22adcc6e01bba490ddf19,6,13,syn_67b0f6eb14762eb08d8efed7fa00de7a,syn_6dfa6319d5843197875fd20f90b4f507,REJECTED,1.0
public_05,intro_480e9e5b1ec6785277377a72,7,14,syn_157edf54df236ac31689f77dc50f5ff1,syn_ccf2ffc5c3c46880ac055917f6db70d1,REJECTED,2.0
public_05,intro_2d23d4d4c09fd3e248e43c83,7,14,syn_332eee9515e9c92bd04cc01bbf6c5aaf,syn_43670244b5bb911d05e910c4e030edcf,MATCHED,1.0
public_05,intro_9fa890a70ea6e06ceb73c495,8,15,syn_0766aba8ddd61a47df3dbb63375de874,syn_ae494b453b2b66f7bbd82e220000b1f3,REJECTED,1.0
public_05,intro_e536afb99ae1edea6018c0d8,8,15,syn_20015b9f913e9730ed42ef967dc1d64e,syn_ddffc7d6a417e25916ed2eab0982b3c8,REJECTED,2.0
public_05,intro_b7fae998ef18fe35cbc80aae,8,15,syn_3ff803cc4309f41eb7e9181d17112507,syn_9b67b3d6b3dda13686dfab9594a9106a,REJECTED,1.0
public_05,intro_27a1ed581954224f1a43685b,8,15,syn_4a30986e184de09da4d488e6dc42ec50,syn_f52d998f7b3adeed3355e5e1ddd5221d,EXPIRED,4.0
public_05,intro_93237c92a000fd50d60e0510,8,15,syn_4e4f8a89ffdf53a7a00e056676176947,syn_4f070b9e8e1937e0c4f475679f709212,REJECTED,3.0
public_05,intro_29a63bc3a7ed2cf12f0f4d62,8,15,syn_578b39a83f01b0166432cb202fd75c89,syn_d972a517765f7d71a85724b9e4c75331,REJECTED,5.0
public_05,intro_bb2e30c35d93d00033ab3037,9,16,syn_4da096510159e7ed67bcea8df1fd9276,syn_a6346867188be48c086974c8aa3d5967,REJECTED,3.0
public_05,intro_b9b70cf099938962580b1f92,10,17,syn_0c8744e4024204f6c04a07e714258d47,syn_a624629294f6a7e9435457352ce33a91,REJECTED,5.0
public_05,intro_4af37562e65ac74b4eab1846,10,17,syn_0e10d543d7c883b4d5fe21bb13c7d538,syn_5bebeccf17480908bbd31f4c4aac6692,REJECTED,3.0
public_05,intro_46a802767ca76481d8fddf32,11,18,syn_0cf9e38720b54f715da4f4930ee5b602,syn_d1ce45f75d93596c81ae980e72fec48f,REJECTED,3.0
public_05,intro_0586b3345b93ece06e674237,11,18,syn_6386031efeb54abdfa96637beb180642,syn_9fb3c613a617b17a29a795544a56781a,REJECTED,4.0
public_05,intro_7074f8b8b28e12b354c19693,11,18,syn_6c730c5a5781af7f9e2b80ea146f1771,syn_b6369e410635234f5beb89e67f56ad47,REJECTED,1.0
public_05,intro_a2e159bffd4380a1d50fd5a9,12,19,syn_7eee6a7a0275f890ef8c6385bb0ca86e,syn_daae70040111edbb049035d2a01a3d36,REJECTED,5.0
public_05,intro_c4ece555f61b3159f570c200,12,19,syn_955a8bdca2d80121eeda9df1c5b47f0d,syn_bcb4cd3462c6c653b18dbb6457218610,REJECTED,5.0
public_05,intro_8f9af5ed130e22153f76e9b4,13,20,syn_a242f7d8327c808790c0d4811d284b0f,syn_e6b57e07ceafd25bccb206402eb52056,EXPIRED,7.0
public_05,intro_a91c4aac479a93e6528f0874,14,21,syn_2f057a3c05913d701d608a8b13727219,syn_8f15f01517ad9b1f664750c54ede74a8,REJECTED,6.0
public_05,intro_85a276f7c42608961a7285bf,14,21,syn_4a7b247271af5287477fd12588891a87,syn_ecf32b641332b65d333f47c3978a17c0,EXPIRED,6.0
public_05,intro_6118e83be5cceee5dd73df4f,14,21,syn_5a74933cfb6de83899d29a50df196891,syn_5e078aca27ddafc9705fd96e65a05670,MATCHED,4.0
public_05,intro_dd563a1a68ff28548de830a6,14,21,syn_67b0f6eb14762eb08d8efed7fa00de7a,syn_d01ad0eb624507f7e0acfcf4b966fd87,REJECTED,1.0
public_05,intro_bfa4e675cbcac6e174e66ec8,14,21,syn_6dfa6319d5843197875fd20f90b4f507,syn_787ad7acef13f3b493a020f929c70389,REJECTED,3.0
public_05,intro_6dd534037a2b3519e345c044,14,21,syn_bb7b6073c8216ea13025eadbfeb27f2c,syn_ea8329bfa41c9122f997b0665abb1eef,REJECTED,6.0
public_05,intro_5ff4142056b9865101280a56,15,22,syn_157edf54df236ac31689f77dc50f5ff1,syn_5c803391b28b1117467777a0829a576d,REJECTED,3.0
public_05,intro_0ac0350d82d5d45c9f7f91a5,15,22,syn_3629e30d62cfc4882e782ef72b076973,syn_d3e2d8f77d4d02c0acbb83cb17567a95,REJECTED,5.0
public_05,intro_99f0794772eae3796a858cfe,15,22,syn_57075763fca69b7e34ab38ec4ef39c2c,syn_d14e8e3bc349a408cacb453a7abffef8,REJECTED,1.0
public_05,intro_87e8a69896e56739a82f4c39,16,23,syn_4e4f8a89ffdf53a7a00e056676176947,syn_8764c010aa61f8a9ccfb46ff1fa0b580,REJECTED,1.0
public_05,intro_7125b7aa0936ea1b4b731fd2,16,23,syn_5863c08fc3f248b07a841a4d6511e6fc,syn_d972a517765f7d71a85724b9e4c75331,EXPIRED,7.0
public_05,intro_8d1cedc7bf686f672ceccfb2,16,23,syn_ae494b453b2b66f7bbd82e220000b1f3,syn_ed73a5ffcde32d3d29c33a9428f04344,REJECTED,3.0
public_05,intro_af1f0815b21cde4c799cf3c4,16,23,syn_e00e10705d734ac68710874d558dc113,syn_f52d998f7b3adeed3355e5e1ddd5221d,REJECTED,1.0
public_05,intro_dad37d7d0d9e0c00012dec70,17,24,syn_04e14bb2ba3ef2f338b787a065feb029,syn_3dffb55ed3520520027fdc4a915ed11f,REJECTED,3.0
public_05,intro_456f5b4277a008b2816fd473,17,24,syn_18f7e35ae85cc3edebfa8a1d77eaddab,syn_6efe7a1f547d3314395b95ea2c5640e8,MATCHED,3.0
public_05,intro_79abaf279e221b4e1f9cf672,17,24,syn_1c596186018460f2fdedf8f2afc0f2d6,syn_3874834f8c41d2239a31fdac33f50e4a,REJECTED,3.0
public_05,intro_ab5766a822c19028da40a9b9,18,25,syn_0e10d543d7c883b4d5fe21bb13c7d538,syn_18f948424eec53d257c5c8d8112eb9d1,REJECTED,2.0
public_05,intro_b5d86d77c3c8c53fac456a6a,18,25,syn_590a56783612729510c25839298559af,syn_dc0858337c792155030cc8fbec54eec3,EXPIRED,7.0
public_05,intro_437b86364658159a59aa1bee,18,25,syn_a799c85755c403dbcb0fff1d232470ba,syn_ac039c8f01ab45ccabebd9c693b3f163,EXPIRED,7.0
public_05,intro_d956e259ca6d940a06defeef,18,25,syn_eada6f0a34c5cf0b2f06296178a0c151,syn_f6dd627d1108f9a47392d79f0b9097f5,REJECTED,2.0
public_05,intro_cef20e35b9b14162168595fe,19,26,syn_1ab52096a2599eef55733d91101816d8,syn_21b698c1e3f90d1bd65d6ad2d9ef441f,REJECTED,3.0
public_05,intro_79c2bea87ab0215f44a220e8,19,26,syn_6386031efeb54abdfa96637beb180642,syn_d1ce45f75d93596c81ae980e72fec48f,REJECTED,6.0
public_05,intro_5583c788dd135b99a0cd1789,19,26,syn_b6369e410635234f5beb89e67f56ad47,syn_db312ab6c0a68a9e3f8205fb47155607,REJECTED,2.0
public_05,intro_ff9ef1820e2312a73fd97039,19,26,syn_d737c28d6653eeba0c3592b0f7d771b6,syn_da2080dae924856e3489933dbd919f65,MATCHED,3.0
public_05,intro_d572e1ad2e3b25c01c11a23b,20,27,syn_3ff803cc4309f41eb7e9181d17112507,syn_955a8bdca2d80121eeda9df1c5b47f0d,REJECTED,1.0
public_05,intro_bd85b9672f1e4f5c3cd57061,20,27,syn_6b7eb0df5039395a52a881574eeade11,syn_b30ea3f02d38b8923b5460bfef0e7833,REJECTED,4.0
public_05,intro_8b0fd64f1ae0be05dcaa43d4,20,27,syn_7eee6a7a0275f890ef8c6385bb0ca86e,syn_9b67b3d6b3dda13686dfab9594a9106a,MATCHED,1.0
public_05,intro_e3ddf377d238b03a6c4fc5f3,22,29,syn_4687a28a79af9d8525305f458b2ec26d,syn_5d3f0c4b3e05fa6c29ebd7bf84f2c597,REJECTED,4.0
public_05,intro_1327b27c5033f5c820adbd0f,22,29,syn_4da096510159e7ed67bcea8df1fd9276,syn_6dfa6319d5843197875fd20f90b4f507,REJECTED,4.0
public_05,intro_68b4fb7a1eb221cbfe831b08,22,29,syn_67b0f6eb14762eb08d8efed7fa00de7a,syn_9b1639c7077b8d46da5a9cfd4b905450,REJECTED,5.0
public_05,intro_24aaa7fef470ea8792b7064b,22,29,syn_787ad7acef13f3b493a020f929c70389,syn_9783d190677a0c555c717c760d1c92c7,MATCHED,1.0
public_05,intro_d9318ae6bbc792a609434006,22,29,syn_9fb3c613a617b17a29a795544a56781a,syn_ecf32b641332b65d333f47c3978a17c0,EXPIRED,6.0
public_05,intro_451df2f1a81204f5dbfce528,22,29,syn_d01ad0eb624507f7e0acfcf4b966fd87,syn_e7313d20148b0ae24b283f75f679a9eb,REJECTED,3.0
public_05,intro_6bf44e27dab09c34c9fdb804,23,30,syn_12cb9eb179cd7526b1a1c5665fbc3d49,syn_157edf54df236ac31689f77dc50f5ff1,REJECTED,7.0
public_05,intro_e62ae4a559bd0535c203455f,23,30,syn_43670244b5bb911d05e910c4e030edcf,syn_ddb510ae9fbcb6b7cc548470aa17e546,REJECTED,1.0
public_05,intro_a4b34447c28e1f0a0ca5ae3e,23,30,syn_5c803391b28b1117467777a0829a576d,syn_ccf2ffc5c3c46880ac055917f6db70d1,REJECTED,5.0
public_05,intro_95242e29cf9741166619ea9b,23,30,syn_d14e8e3bc349a408cacb453a7abffef8,syn_daae70040111edbb049035d2a01a3d36,REJECTED,2.0
public_05,intro_88bb04d44948f9f2470eb9a3,24,31,syn_3629e30d62cfc4882e782ef72b076973,syn_f52d998f7b3adeed3355e5e1ddd5221d,REJECTED,2.0
public_05,intro_5ee1cb35f963ddee81930fdd,24,31,syn_4f070b9e8e1937e0c4f475679f709212,syn_8764c010aa61f8a9ccfb46ff1fa0b580,EXPIRED,1.0
public_05,intro_48fa6fe5eb98a18446866192,24,31,syn_57075763fca69b7e34ab38ec4ef39c2c,syn_e00e10705d734ac68710874d558dc113,EXPIRED,1.0
public_05,intro_3a7225f70d961a82581acbf0,24,31,syn_75273d30606bde7fe1c8835426415983,syn_ed73a5ffcde32d3d29c33a9428f04344,REJECTED,6.0
public_05,intro_6b0bfd600d181d68b10a0e39,25,32,syn_04e14bb2ba3ef2f338b787a065feb029,syn_0c8744e4024204f6c04a07e714258d47,EXPIRED,5.0
public_05,intro_c82a86566ab309904af12acc,25,32,syn_0cf9e38720b54f715da4f4930ee5b602,syn_3dffb55ed3520520027fdc4a915ed11f,REJECTED,5.0
public_05,intro_599f796889803731c6f003a5,25,32,syn_1c596186018460f2fdedf8f2afc0f2d6,syn_a6346867188be48c086974c8aa3d5967,EXPIRED,5.0
public_05,intro_532ccfadc6edb9e3f5b0d8a8,26,33,syn_2455179885e7a5cdd0d701736adad366,syn_ac039c8f01ab45ccabebd9c693b3f163,EXPIRED,1.0
public_05,intro_2331733573ab417c9bfc2209,26,33,syn_590a56783612729510c25839298559af,syn_afdaa75baf08ca510d1c9d73a1ee0983,REJECTED,2.0
public_05,intro_f8f8d10179df16693b084900,27,34,syn_4a7b247271af5287477fd12588891a87,syn_6386031efeb54abdfa96637beb180642,EXPIRED,
public_05,intro_77f61db780061c0d1409aae3,27,34,syn_59ff3e1be8b80799f03c9a0adcc9a8f7,syn_d1ce45f75d93596c81ae980e72fec48f,EXPIRED,
public_05,intro_1573b286ca02a7e950f6b1b7,28,35,syn_6b7eb0df5039395a52a881574eeade11,syn_c5c234be2d2b17c85df8a1f1080fca59,WAITING,
public_06,intro_e695e97f4bf91da2692e321d,0,7,syn_1d5e1fe33d76777b3a045c00acccf060,syn_acd396aca38889f3b27389b141192961,EXPIRED,5.0
public_06,intro_fc1c73db97e39759ef08539c,0,7,syn_3e8ac8e9fbb491d5513434fbd4fc7cd6,syn_d4571dc0a23e2466dc16c47c35d3042d,REJECTED,6.0
public_06,intro_7a01645842d9c4feb183b4cf,0,7,syn_3f8425ccd19a1308cd50bfe6286cdf0f,syn_8260455eb59a52afc98cccf5d43808c8,REJECTED,5.0
public_06,intro_cfd67211c164386026584426,0,7,syn_407d202743fec69da269d196495be4bb,syn_d85b1cfe689749e68d827dabe1af349e,MATCHED,5.0
public_06,intro_3dfe3afc2cec60e3a6ded355,0,7,syn_753f66768c1fc72197f73090e0d6fc62,syn_a800c4360c4c83b1f3060ffd5dbcba75,REJECTED,6.0
public_06,intro_1c8258f021966b7822ac417f,0,7,syn_b94fae7a1446ff7bb5cdefe8368f9f90,syn_ef3ec5a5d140ddb21b21b1ce436657ae,REJECTED,3.0
public_06,intro_f78bcf76eea4bcdf611dc330,0,7,syn_bf01f7e7bb92779ea8360e92cc83031e,syn_f5f64a7cff02dde0d10de1e8e2b33e10,REJECTED,2.0
public_06,intro_9776572d3378899d0c9083a7,1,8,syn_91fee2996fe98a0b86f8b85b36a34e85,syn_da27cb7eb32da3bbe0f1b2b21ba7e103,EXPIRED,7.0
public_06,intro_952ecac96d0ed061afb0194e,2,9,syn_072b504b76074da4be0703379e2ad417,syn_c257f1135cd572b8727fa62f2bb54218,EXPIRED,7.0
public_06,intro_863c737e3d9cfae91fe6cc5c,5,12,syn_46251d99bccb19676a533b9e0a93813b,syn_e5f70d2eddbc8007889a8da96eff718a,REJECTED,7.0
public_06,intro_44072f05a56b62942bb0961a,5,12,syn_8270b671dbaed1029b33ebfe15aff488,syn_96cf8dc7a102efb3150a9e083bf747bd,EXPIRED,2.0
public_06,intro_54ea7d4deb6a1fee8d5b4946,5,12,syn_92862bd13ae097513d6f460cc7171e15,syn_d5e28aca96013fe40140a728f333a66e,MATCHED,2.0
public_06,intro_0ec957ac51e2e6c4ba134f13,6,13,syn_36edeb4cc50c76c4826bdf8313514294,syn_bdd8278c4e59668858d88e52cad54fd7,EXPIRED,7.0
public_06,intro_1a7b3f9db3f68bd4d3df03ff,6,13,syn_9d73fd68d0f77941e6ecc9252178ab33,syn_9ffbcbd4f54cb0bd93aca0eaa039820f,MATCHED,6.0
public_06,intro_01aeb84ccc01cd2f08a29c5e,7,14,syn_0c76ae3c872b370a16ecfc9e4dc86d93,syn_c6fb2e47f7f8c504e206e414bde32c98,REJECTED,1.0
public_06,intro_49087528dfca61713a928ed9,7,14,syn_4f2dbfa74a0a3735df7052f344c53be6,syn_80e68238319e11f1b8d38bc3e38deaec,REJECTED,3.0
public_06,intro_297afb955ff6d0789cda5019,8,15,syn_1d5e1fe33d76777b3a045c00acccf060,syn_c7215520abaedceb3535dfdaf5327bc7,EXPIRED,4.0
public_06,intro_e874c165a891852bb222aace,8,15,syn_3e8ac8e9fbb491d5513434fbd4fc7cd6,syn_3f8425ccd19a1308cd50bfe6286cdf0f,REJECTED,4.0
public_06,intro_b72b3b70f8c502c08128f2b2,8,15,syn_753f66768c1fc72197f73090e0d6fc62,syn_fbbb86a63551cd904716048e53130b3f,MATCHED,5.0
public_06,intro_e1ff2d165e7cfdd168c9610f,8,15,syn_81c315c2b616bfcb16f0f431fefa8647,syn_a800c4360c4c83b1f3060ffd5dbcba75,REJECTED,4.0
public_06,intro_769681d1ae272c77bc011d1d,8,15,syn_8260455eb59a52afc98cccf5d43808c8,syn_b94fae7a1446ff7bb5cdefe8368f9f90,EXPIRED,7.0
public_06,intro_d4350ae474232d0143a661ca,8,15,syn_908173542838b9c862e7f864030c7d1a,syn_ef3ec5a5d140ddb21b21b1ce436657ae,REJECTED,6.0
public_06,intro_75ce8ecfce8f4b2c34167e53,8,15,syn_d4571dc0a23e2466dc16c47c35d3042d,syn_f5f64a7cff02dde0d10de1e8e2b33e10,EXPIRED,1.0
public_06,intro_8d1134e0565aa031dd8a4c31,9,16,syn_24b1540ae74c6aa20d1b4a7cd8647bd3,syn_a5d2278639bc1c355462bcaf347c3ee2,REJECTED,2.0
public_06,intro_90ed429b3c012509b0875fc0,9,16,syn_4f9c2cd0705a5d3d6170c9bef6cf3e6b,syn_80d0286ab216c0b9b9144ecd996404f1,REJECTED,2.0
public_06,intro_0b61c7cfcb59b4016963d39f,9,16,syn_aa3d80edea1241f57f76f9cf8c7a6d7a,syn_acd396aca38889f3b27389b141192961,REJECTED,3.0
public_06,intro_31606c18b6f797027a1e360f,11,18,syn_0f2d06f448ad910379796f3c5f5c1ab1,syn_ded2ab7d044d20d0e958d52fc16172d9,REJECTED,2.0
public_06,intro_558be251aec53d756a03249e,11,18,syn_91fee2996fe98a0b86f8b85b36a34e85,syn_d66b96f5bebe822535f9f0241e7c98de,REJECTED,5.0
public_06,intro_9689b68c4d523187b75c0190,13,20,syn_845034097d8c47f2757680dbc7cac1f6,syn_d2a87064e91ea586f74beb6eceef6a8d,MATCHED,6.0
public_06,intro_8f40e82110f355278b4a8f96,14,21,syn_36edeb4cc50c76c4826bdf8313514294,syn_6f52253d44737bcfc91f98ad842e5eb7,EXPIRED,4.0
public_06,intro_f24c78eb2e6db6460b25a548,15,22,syn_261c35150d12dad81532b5a40ac05ebe,syn_c6fb2e47f7f8c504e206e414bde32c98,REJECTED,3.0
public_06,intro_9d1ddf7350b68cad3afbf240,15,22,syn_4f2dbfa74a0a3735df7052f344c53be6,syn_f20e223709cb90042dab9f18fbeaba8c,MATCHED,1.0
public_06,intro_514576852d6b098fa3ab26a2,15,22,syn_80e68238319e11f1b8d38bc3e38deaec,syn_97adb9e517d4c8a9a951072cfae1b9a0,EXPIRED,3.0
public_06,intro_fb122a7c266ed82865043529,15,22,syn_87fac55a1a72663692d6c80082108bb8,syn_bb53360e8a92b39d81a2f640f469f37a,EXPIRED,5.0
public_06,intro_8330a732ca35fa644da9d033,16,23,syn_21088a5c922eaed02358c86ef07c7e65,syn_b94fae7a1446ff7bb5cdefe8368f9f90,REJECTED,3.0
public_06,intro_7684225292521c781d89de20,16,23,syn_3775a78ebae5a31c01d0f6585035f7f1,syn_407d202743fec69da269d196495be4bb,MATCHED,3.0
public_06,intro_2b1b3872102da717312050f0,16,23,syn_3e8ac8e9fbb491d5513434fbd4fc7cd6,syn_bf01f7e7bb92779ea8360e92cc83031e,REJECTED,1.0
public_06,intro_e1be71a37a826464a0c02eb3,16,23,syn_3f8425ccd19a1308cd50bfe6286cdf0f,syn_fc49e2548689a82c39f848f66826b375,EXPIRED,7.0
public_06,intro_671c9eeaee2ac3f30725ba7c,16,23,syn_8260455eb59a52afc98cccf5d43808c8,syn_e37c95550d0dcf21333ba8e02e25ed61,MATCHED,7.0
public_06,intro_033c1a0c5c4a806c13e2f265,17,24,syn_1d5e1fe33d76777b3a045c00acccf060,syn_aa3d80edea1241f57f76f9cf8c7a6d7a,MATCHED,3.0
public_06,intro_8869ad76edcfca35db832a28,17,24,syn_26fa2403826fd6788c85423050b4fe04,syn_87ccec576e24982e7388c6468f3708aa,MATCHED,4.0
public_06,intro_2c53843a962344a6f6788bf7,17,24,syn_4f9c2cd0705a5d3d6170c9bef6cf3e6b,syn_63d2418ae761e5cb5bef73b6ec7e4100,REJECTED,3.0
public_06,intro_44a505573b40a5f1db24b618,17,24,syn_908173542838b9c862e7f864030c7d1a,syn_ba48ab41f9485f0d9c61254e8c08b8c9,MATCHED,1.0
public_06,intro_aa9ffee271d58e2cb8a47977,19,26,syn_0c76ae3c872b370a16ecfc9e4dc86d93,syn_a03c8db70e7876682961e3c05b37b080,EXPIRED,4.0
public_06,intro_ca2caeca98bff5eb6af71510,19,26,syn_14dda87faea12a0a26065bc6b514a40f,syn_ded2ab7d044d20d0e958d52fc16172d9,REJECTED,2.0
public_06,intro_edaba166754238e7d11415a8,19,26,syn_874aa1f7444aedde4616b5afa4bdfe8e,syn_a5d2278639bc1c355462bcaf347c3ee2,REJECTED,1.0
public_06,intro_58ef13f9ed7cd861515381a5,19,26,syn_d66b96f5bebe822535f9f0241e7c98de,syn_da27cb7eb32da3bbe0f1b2b21ba7e103,REJECTED,2.0
public_06,intro_00d428486d57891a0d63c26e,20,27,syn_5db70f155651b80b8ba559a2a81faf78,syn_8aeead5be2a94306196aa340241d0ff2,MATCHED,1.0
public_06,intro_4cef8c3ad7e50b37df9e49f1,20,27,syn_9b4009eb457c80ee7f7241680f4a806e,syn_f5f64a7cff02dde0d10de1e8e2b33e10,EXPIRED,4.0
public_06,intro_a83fc3beb214bd5abc78683b,23,30,syn_072b504b76074da4be0703379e2ad417,syn_9ffbcbd4f54cb0bd93aca0eaa039820f,EXPIRED,6.0
public_06,intro_7762dcc08957900b9ae5c244,23,30,syn_9d73fd68d0f77941e6ecc9252178ab33,syn_d4571dc0a23e2466dc16c47c35d3042d,MATCHED,2.0
public_06,intro_a73c4f89d75e0b8e2589f9d2,24,31,syn_3e8ac8e9fbb491d5513434fbd4fc7cd6,syn_d85b1cfe689749e68d827dabe1af349e,REJECTED,5.0
public_06,intro_af3b7bc3eac53d743c8967f3,24,31,syn_3f8425ccd19a1308cd50bfe6286cdf0f,syn_b7564d8895a2382fab350d729b182468,EXPIRED,1.0
public_06,intro_a93a154dd1d5eac71ebb3e61,24,31,syn_b94fae7a1446ff7bb5cdefe8368f9f90,syn_e99c783de4288ff04b9bd687eebdf8af,REJECTED,2.0
public_06,intro_bcfca978bc92663b3165cacc,25,32,syn_1adde579a5eeb204b7478755fdb6e1c0,syn_4f9c2cd0705a5d3d6170c9bef6cf3e6b,REJECTED,3.0
public_06,intro_d30eb7bd0b3c24bd4a281759,27,34,syn_21088a5c922eaed02358c86ef07c7e65,syn_a03c8db70e7876682961e3c05b37b080,WAITING,
public_06,intro_9ccab8291caaba1a4647f7d0,27,34,syn_6f52253d44737bcfc91f98ad842e5eb7,syn_874aa1f7444aedde4616b5afa4bdfe8e,WAITING,2.0
public_06,intro_1983ff45daef8af3a02a34ac,27,34,syn_95cb54e6c1f276ab1e52205978064790,syn_d66b96f5bebe822535f9f0241e7c98de,REJECTED,2.0
public_06,intro_3ad43e00cb2086571bf0104e,27,34,syn_ded2ab7d044d20d0e958d52fc16172d9,syn_fc49e2548689a82c39f848f66826b375,WAITING,3.0
public_07,intro_8bd21e4ffc86aaea39a2d2a6,0,7,syn_18d986aa37af2511c082299a5761d468,syn_7c77dc3fed3c9092d49762509caa5fc6,REJECTED,6.0
public_07,intro_1d1dad28a2d2a325ca5c5047,0,7,syn_28d204dbbdf42cee5a3030880cdd1e0c,syn_a72c9a6d703188c5bf395cb08b22a890,REJECTED,3.0
public_07,intro_2d85312f675b436299a3538a,0,7,syn_33d428aa932221ff0207b962000f6cf6,syn_fad3c39c0c2784209ab31e3130339a95,REJECTED,5.0
public_07,intro_eefc08e3f96f21ffbedc88ec,0,7,syn_3de295dd7f95a97ede178c9673e88811,syn_c6e4f83f2da6ac827863b999ed06de72,REJECTED,5.0
public_07,intro_b6d6ebda3b62f6a0c3dd5013,0,7,syn_46fdd2c8ce656d8ba2c9ab45c38b2c65,syn_e712d22fcebac37a97c72a6a2bb621ae,REJECTED,3.0
public_07,intro_848e3bb1d483abc4b9a2abda,0,7,syn_573a03b8dfad5abf64e89241a2254f1d,syn_c5c2bb619143326f31f63696f69ba473,EXPIRED,7.0
public_07,intro_21cfea93d91273a58788e305,0,7,syn_69f9950eab46dd7b3436e3a03aa0301b,syn_adceff5fd708b28f5d24b039075b98ec,MATCHED,1.0
public_07,intro_a3be5d9d8705e264fb16b987,0,7,syn_95b4390297b33290d26736f7e4eafb39,syn_f92952a8966a085892fde0dcea9f7050,REJECTED,1.0
public_07,intro_adab16a26d4ab97834e9e0e5,0,7,syn_9ee09e49e4f8aded8b0d14e1e58a6462,syn_b76db7568e88b218da71968ae37776ca,MATCHED,1.0
public_07,intro_45db78f8db81bc25fe17794b,0,7,syn_cb5a779ce64228622150a5537eb8e76d,syn_d5ba8f6f67e0a59e3446787c14834d8f,EXPIRED,1.0
public_07,intro_a3f99aa9bf08d9b0b018f591,1,8,syn_0ec7fffa4e94cb8226152f02b68c7802,syn_60ccee178fb47eb6a57dfa71f44fab46,REJECTED,4.0
public_07,intro_219072989f0a67234adcbd27,1,8,syn_306fc796ca44265fedefc3320ee53b4b,syn_bd313c33a2dfe80569df7e081fa7e16c,REJECTED,1.0
public_07,intro_0bc822c8934e42eb17295957,2,9,syn_8d1e58752ea52f6d144a33359b795309,syn_b87520850b5cdc86b34287cf94dc8e2b,REJECTED,3.0
public_07,intro_a4f6b85904532540454df239,4,11,syn_9b4bd1d628f180c12716bd357a84f23c,syn_bfed6ae3b16fdb9ff14bcd55c92c3e23,REJECTED,3.0
public_07,intro_fd1e35eb4ec2dfa70aa19262,6,13,syn_332a5404f56c90fe84a769ae204a9303,syn_87fbfc22893c5609e9edb33f210b5274,EXPIRED,3.0
public_07,intro_3d21a385a7cc8841d03e6480,6,13,syn_372f1c7073e08c15f2d50a0e6d680800,syn_3d00cfdea3a9b27bb5b4946c3261a8c9,REJECTED,2.0
public_07,intro_c94a17cade78b1043577e98e,8,15,syn_1551ea976e4527d2ba7e4c210cdf6658,syn_fad3c39c0c2784209ab31e3130339a95,REJECTED,2.0
public_07,intro_966add52fd36cb500cfec0fe,8,15,syn_18d986aa37af2511c082299a5761d468,syn_a72c9a6d703188c5bf395cb08b22a890,MATCHED,3.0
public_07,intro_7ad3276a69f21be4a0c4d261,8,15,syn_28d204dbbdf42cee5a3030880cdd1e0c,syn_573a03b8dfad5abf64e89241a2254f1d,REJECTED,6.0
public_07,intro_2826d7cdfb7bfb824f5719c9,8,15,syn_3de295dd7f95a97ede178c9673e88811,syn_b8047d1ba862c0dde95804774a9f1228,REJECTED,2.0
public_07,intro_d3137805721eae9f1855fb5c,8,15,syn_46fdd2c8ce656d8ba2c9ab45c38b2c65,syn_95b4390297b33290d26736f7e4eafb39,EXPIRED,7.0
public_07,intro_cbf9c85b9cbf4bb9210f62b4,8,15,syn_5b8d7027d0fe03fd6637867233485951,syn_686e87f9f58ad0ac7d06497cc3cc299f,MATCHED,3.0
public_07,intro_d490026b5a673e2c76dbffe3,8,15,syn_c5c2bb619143326f31f63696f69ba473,syn_fd8122bc2d96f071c6a9fe865fc309e6,REJECTED,4.0
public_07,intro_ae1cf899d12b41527934cb85,8,15,syn_c6e4f83f2da6ac827863b999ed06de72,syn_dd947b8ca242c44863cf601fe65d57ed,EXPIRED,7.0
public_07,intro_08844a7c8edf490230591f6c,8,15,syn_cb5a779ce64228622150a5537eb8e76d,syn_f92952a8966a085892fde0dcea9f7050,MATCHED,1.0
public_07,intro_b103f40f371440d6be764766,8,15,syn_d5ba8f6f67e0a59e3446787c14834d8f,syn_f4bb9a7cc9774c227eaef317d3e5b192,REJECTED,4.0
public_07,intro_8df65c423a5f1b79d2a59faa,9,16,syn_306fc796ca44265fedefc3320ee53b4b,syn_a2df2f4cb371057e5e2d438bc7abe1b6,REJECTED,3.0
public_07,intro_39ccc738ab31fe7277475d6d,9,16,syn_6ac02d8581ce3e2ae0e90c94845e8ef1,syn_b890454d3ef6bc5190b0e2321497e5da,REJECTED,1.0
public_07,intro_fe8a6e221550e28bf8c863b6,10,17,syn_0a6f208259664965821fb5ca42976e06,syn_832e73f63b822a721404d55cb10ab446,REJECTED,5.0
public_07,intro_684bf9a865fb655f2d745033,10,17,syn_23e4326f5b03be11fbfa4487934676e2,syn_a0ef1f914dfabc7cbdf8dcf46c0bcae6,REJECTED,4.0
public_07,intro_bb6c700133cb6412c3a8640f,11,18,syn_07d00e0f0be2b15987bd4822db536e5b,syn_813e07996549616e235d37a1f6ed4cbd,EXPIRED,5.0
public_07,intro_bc1ffa09fb0304148de58212,12,19,syn_0d8307b30c70467d91e58f68688dc85f,syn_7c77dc3fed3c9092d49762509caa5fc6,REJECTED,1.0
public_07,intro_abbd1de3fb4d1bae42d9b5ff,13,20,syn_730e120c211bd2647b3d41ab05bacd66,syn_e252c24579bd0e85706f1ef6dd1a2e88,REJECTED,5.0
public_07,intro_bcf91bc071cb35f4266d4e6a,14,21,syn_332a5404f56c90fe84a769ae204a9303,syn_d1fa9c9c5f42899c78d34bd35e36c34c,REJECTED,4.0
public_07,intro_c3e659dcfaed5d6840acc268,14,21,syn_3d00cfdea3a9b27bb5b4946c3261a8c9,syn_bd313c33a2dfe80569df7e081fa7e16c,EXPIRED,6.0
public_07,intro_48b976cd4e8bbf62d98e4816,14,21,syn_87fbfc22893c5609e9edb33f210b5274,syn_b87520850b5cdc86b34287cf94dc8e2b,EXPIRED,7.0
public_07,intro_e2437951a643d1b0d3516747,15,22,syn_42b386591be280dda52f19fa176c271e,syn_e4623c8b9109e401b9763929d850ad12,REJECTED,3.0
public_07,intro_e4b80fbf66fb792743cf56c2,16,23,syn_0ec7fffa4e94cb8226152f02b68c7802,syn_95b4390297b33290d26736f7e4eafb39,REJECTED,4.0
public_07,intro_deec59654bead722974a2c5c,16,23,syn_1551ea976e4527d2ba7e4c210cdf6658,syn_9583224e7d1037276bd9ea879ee314c3,REJECTED,6.0
public_07,intro_eaa1c4a2adc94c3ef4b2350c,16,23,syn_28d204dbbdf42cee5a3030880cdd1e0c,syn_f4bb9a7cc9774c227eaef317d3e5b192,REJECTED,5.0
public_07,intro_84376714b6926e7ae3f3cd74,16,23,syn_2c21d1d4aa3246ecf554167d645764b1,syn_6d8cc1742272b49c3bf6574d4dea47bb,MATCHED,3.0
public_07,intro_5efc86f24ca369fe8e60c54f,16,23,syn_372f1c7073e08c15f2d50a0e6d680800,syn_c5c2bb619143326f31f63696f69ba473,REJECTED,3.0
public_07,intro_ef35ad1a2209b748ad653caa,16,23,syn_46fdd2c8ce656d8ba2c9ab45c38b2c65,syn_60ccee178fb47eb6a57dfa71f44fab46,REJECTED,2.0
public_07,intro_28ac941bc8484cbf672746cb,16,23,syn_c6e4f83f2da6ac827863b999ed06de72,syn_e712d22fcebac37a97c72a6a2bb621ae,REJECTED,4.0
public_07,intro_cb131dec3d1109a62635630f,16,23,syn_d5ba8f6f67e0a59e3446787c14834d8f,syn_dd947b8ca242c44863cf601fe65d57ed,REJECTED,4.0
public_07,intro_2706c0715f4f29df17a1d00b,17,24,syn_111602846da317f9e7c801b1b732a120,syn_adceff5fd708b28f5d24b039075b98ec,MATCHED,3.0
public_07,intro_5b402115aaa87a6bdcf9b887,17,24,syn_1792125e150b6c1fa7a7ca3516285ba4,syn_6ac02d8581ce3e2ae0e90c94845e8ef1,REJECTED,1.0
public_07,intro_722db76dfcaa24b5a8b77a1f,17,24,syn_69f9950eab46dd7b3436e3a03aa0301b,syn_6fb76039ce14ae7e7b091cfd4aa2fab9,MATCHED,3.0
public_07,intro_9dc9a77978a6b0b7d1a22c47,17,24,syn_c1124b9c00beb2a6a0b4a18bf0c9f540,syn_d6d626f91a4f9109158f32e8bf250592,EXPIRED,3.0
public_07,intro_8dfff57ce8099a6e8e04bce3,18,25,syn_a0ef1f914dfabc7cbdf8dcf46c0bcae6,syn_b76db7568e88b218da71968ae37776ca,REJECTED,2.0
public_07,intro_442bf0818ce06e8cacb93afa,19,26,syn_07d00e0f0be2b15987bd4822db536e5b,syn_fad3c39c0c2784209ab31e3130339a95,REJECTED,3.0
public_07,intro_847f66b16b597d7377626187,20,27,syn_3023dea18dda9617724bc8b176cb966c,syn_306fc796ca44265fedefc3320ee53b4b,REJECTED,2.0
public_07,intro_7dd9af3aa86ca262dad5273a,20,27,syn_7c77dc3fed3c9092d49762509caa5fc6,syn_e1981e34c7a6948162ff995047ee6476,MATCHED,3.0
public_07,intro_ade358f01a6170c46c2e7882,21,28,syn_2618c89f6953660c0f62e3bfefd0f580,syn_730e120c211bd2647b3d41ab05bacd66,MATCHED,1.0
public_07,intro_67e955133655dd1837572065,22,29,syn_3d00cfdea3a9b27bb5b4946c3261a8c9,syn_a2df2f4cb371057e5e2d438bc7abe1b6,REJECTED,1.0
public_07,intro_6075b6ac2e655ad46e3ec0b2,22,29,syn_87fbfc22893c5609e9edb33f210b5274,syn_d1fa9c9c5f42899c78d34bd35e36c34c,REJECTED,2.0
public_07,intro_a49f616d8ca9ad9cec498828,24,31,syn_0ec7fffa4e94cb8226152f02b68c7802,syn_dd947b8ca242c44863cf601fe65d57ed,REJECTED,1.0
public_07,intro_c89bc67feb1d1c1b36512a7a,24,31,syn_46fdd2c8ce656d8ba2c9ab45c38b2c65,syn_f4bb9a7cc9774c227eaef317d3e5b192,REJECTED,2.0
public_07,intro_d8292771b39652c911bc4a37,24,31,syn_60ccee178fb47eb6a57dfa71f44fab46,syn_c6e4f83f2da6ac827863b999ed06de72,REJECTED,3.0
public_07,intro_9ab88e5bc235dc399763257f,24,31,syn_b890454d3ef6bc5190b0e2321497e5da,syn_d5ba8f6f67e0a59e3446787c14834d8f,REJECTED,1.0
public_07,intro_e79f14d267ac2198ea33d782,25,32,syn_4989018f8dbabff440ac3ca67e074a02,syn_c1124b9c00beb2a6a0b4a18bf0c9f540,EXPIRED,5.0
public_07,intro_30a9d55e1d510ad394059326,27,34,syn_813e07996549616e235d37a1f6ed4cbd,syn_fad3c39c0c2784209ab31e3130339a95,REJECTED,3.0
public_07,intro_96b66403266a4eee35a2de08,28,35,syn_1792125e150b6c1fa7a7ca3516285ba4,syn_f92952a8966a085892fde0dcea9f7050,WAITING,1.0
public_07,intro_3fdc0204b533e4b6629d1d77,28,35,syn_28d204dbbdf42cee5a3030880cdd1e0c,syn_cb5a779ce64228622150a5537eb8e76d,WAITING,
public_08,intro_05799b030dfc9fbc484369f1,0,7,syn_10f09201189b30c0799374b18e8a5e9a,syn_c701df12da749db46be838bc30598d3c,EXPIRED,4.0
public_08,intro_0f0e63d9c5eb09341ab77ce8,0,7,syn_12c7cb677b331024461e39406742da8e,syn_e3ae94c9163f229b06afa29afb5f91e4,REJECTED,1.0
public_08,intro_bb0a8c7af57a117657d153ac,0,7,syn_19b40b0a1d97aeea75e5e8d7a463751c,syn_845542023752fea3e0a95d952278eabf,EXPIRED,7.0
public_08,intro_76cbad08119e1bc333bc1337,0,7,syn_405778e77863457c897b01bb1fbb3ef8,syn_9d086f92bd9196465b05e7fa7b78cab4,REJECTED,5.0
public_08,intro_779f94aea4506feca6ec1440,0,7,syn_60baf3acdcffb71d555c54c207f24848,syn_7b9bf24e279dde6ac438d28af1182c64,EXPIRED,2.0
public_08,intro_f8d5bcb44153dfa57c2c6171,0,7,syn_c194fd7da94bd493ca0fbb7af9292f87,syn_f3c121acdc4afa0b749b279fce60ae7b,MATCHED,4.0
public_08,intro_f1221415f20013eb69976958,5,12,syn_12972c7fbbeec3d81a4c4510a6e2aef1,syn_c4b5bdc0bc69886ead60e7acbe3682d2,EXPIRED,7.0
public_08,intro_61115efe9322607889c708fc,5,12,syn_9c526f3d5f791d337ca8e6ac45bb1f25,syn_cc026958ed7c938cd4ae1d8da903d341,EXPIRED,7.0
public_08,intro_a84274da3217c5254949fa1b,6,13,syn_23f23d1ae9a94c654773bd477be4937e,syn_c3543a6e4224572bef55ecf655033d60,REJECTED,1.0
public_08,intro_130224656e5afb2c3cc9c1ce,6,13,syn_9472d5e1967a21205590fcfcdde82aa3,syn_aeddb91a9f349c1352ed37589cb6b5f3,REJECTED,1.0
public_08,intro_bfae9424853ce6a4dbf72700,8,15,syn_10f09201189b30c0799374b18e8a5e9a,syn_fceb07e10e27737824dd733b01c50d8e,EXPIRED,1.0
public_08,intro_55bebce8a716220255773566,8,15,syn_19b40b0a1d97aeea75e5e8d7a463751c,syn_9d086f92bd9196465b05e7fa7b78cab4,REJECTED,2.0
public_08,intro_a317911fbbee4db52d42662f,8,15,syn_2f8c459a5b01837c6646f0a205ecd462,syn_405778e77863457c897b01bb1fbb3ef8,REJECTED,6.0
public_08,intro_b25fc09c2b6b9c2daad5d94f,8,15,syn_3116acff46ddb88da5ab15d9b0689845,syn_d356f8360333d03ba81e16a8e22b7ca1,REJECTED,1.0
public_08,intro_338e2a1c1f5fb5e0a989b840,8,15,syn_60baf3acdcffb71d555c54c207f24848,syn_cad6e37bd1d9e0bc49cf018a5f0627bb,REJECTED,2.0
public_08,intro_5fcbc7cf9fba96e5ea25a2f9,8,15,syn_845542023752fea3e0a95d952278eabf,syn_bc3e3dd9e610f359b070f731bb9c367a,EXPIRED,1.0
public_08,intro_298f15185c8512ef613a0404,8,15,syn_c701df12da749db46be838bc30598d3c,syn_dd533ecc841591d3aeb6f406a7584c16,REJECTED,5.0
public_08,intro_0907cc49691a6692dbacdab5,9,16,syn_792d57380c89bfae24709f7ed802d099,syn_b595de4e1e7ac367d2a85ae09da282a9,EXPIRED,2.0
public_08,intro_f0adfaff48990b74472984c9,10,17,syn_cefbb639ff3d2c3772dd590d22f27f85,syn_d1d432a7706d2824dfbd6a790a201ae8,REJECTED,5.0
public_08,intro_ebb8d424f11cf8d8d68a61ea,12,19,syn_9dc3a5eac3591712b30dae187c9241c9,syn_d6c107c4b905f822d30abe1ad4e37527,REJECTED,1.0
public_08,intro_041ed50161aa6a0f2d77724d,13,20,syn_143c0778852901795c46c1f373c65c3c,syn_c4b5bdc0bc69886ead60e7acbe3682d2,REJECTED,6.0
public_08,intro_acf75a6a64049e8a5eb08126,13,20,syn_907e211f9ac8b9aa952628781a837c78,syn_b9f68294d202797558ba7ce459baff71,REJECTED,4.0
public_08,intro_d3eb35509a6011c95773c777,13,20,syn_9e2b83520a604298ac7ac3ca4ed3a65c,syn_cc026958ed7c938cd4ae1d8da903d341,MATCHED,1.0
public_08,intro_3f7aea5855b3aaf004ba9683,14,21,syn_0c709f8b3259fe59be1b27351ac7d809,syn_ade85ea94873bbf3448c74a619d69d4f,REJECTED,6.0
public_08,intro_e2f85457abe128d4fd670223,14,21,syn_1bf4f770353090b3038dbac5c3073f26,syn_6b260c3f68402193a6138919aeb018d2,REJECTED,5.0
public_08,intro_6961795b14755f83dbade383,14,21,syn_23f23d1ae9a94c654773bd477be4937e,syn_91edf82d6d948fc6b9255a86bd065059,REJECTED,2.0
public_08,intro_1796164044715f5d60e84b96,14,21,syn_68048de1eba321da254e2b084c370e73,syn_ac908e117263d182ba1667043439b10a,REJECTED,7.0
public_08,intro_c94a77c4b0f6f0c2f04455fd,14,21,syn_908fd7f2b642f6ecd61bdb92419c4dd1,syn_9472d5e1967a21205590fcfcdde82aa3,EXPIRED,4.0
public_08,intro_26ee120091d651b9be1ce751,14,21,syn_ae94e39d79018cfbaead4178dfba523a,syn_cb02a4a051bb050189ec710cb46a2e8a,REJECTED,1.0
public_08,intro_a3f6590664e1d0f4c506e036,14,21,syn_c3543a6e4224572bef55ecf655033d60,syn_c37ed3cb30d8a92e348dc5b9d02cf437,REJECTED,2.0
public_08,intro_6c8e2ee5442bdfdaa2c55e11,15,22,syn_43d18aa30bcadd41bf9573fdb20f40b5,syn_8a66ed480ae629f3e5a474726b94ace7,REJECTED,3.0
public_08,intro_c526cc7c24d9a5a1ef6e9c8b,16,23,syn_0c67573b1f57ba2825bf71fc8122d2c9,syn_2f8c459a5b01837c6646f0a205ecd462,REJECTED,7.0
public_08,intro_f9941c75f3e065741c24847f,16,23,syn_10f09201189b30c0799374b18e8a5e9a,syn_19b40b0a1d97aeea75e5e8d7a463751c,REJECTED,2.0
public_08,intro_197257f22c77eed7514e6028,16,23,syn_3c07c75bfaca888c574a485e5ca7fce0,syn_845542023752fea3e0a95d952278eabf,REJECTED,7.0
public_08,intro_b117c045432a5a2169f23384,16,23,syn_60baf3acdcffb71d555c54c207f24848,syn_da3823379e36eaf825533774f2a7ccf9,EXPIRED,1.0
public_08,intro_0ca5253cd26ae13b937d2d03,16,23,syn_72c5f776ad35fbed0106ae5b3e02565d,syn_fceb07e10e27737824dd733b01c50d8e,REJECTED,2.0
public_08,intro_7d0b230c98d3ec4657e95694,16,23,syn_7b9bf24e279dde6ac438d28af1182c64,syn_cad6e37bd1d9e0bc49cf018a5f0627bb,REJECTED,5.0
public_08,intro_c603b04fd7fb1a2507b60671,16,23,syn_9d086f92bd9196465b05e7fa7b78cab4,syn_c701df12da749db46be838bc30598d3c,REJECTED,5.0
public_08,intro_2899bdf1390f2f3a37c63d4c,16,23,syn_b7189cec127fd9b575ec557d09c17ff0,syn_d356f8360333d03ba81e16a8e22b7ca1,EXPIRED,5.0
public_08,intro_8269fcc46fc36ace72f5aecf,18,25,syn_12c7cb677b331024461e39406742da8e,syn_e3c0da5b3c5546e3da1f4ab3ef45696b,EXPIRED,7.0
public_08,intro_05e9f8ba8caa6c566a3a0153,18,25,syn_d1d432a7706d2824dfbd6a790a201ae8,syn_fd09deb8f5da5d48b9d195107582fa8d,REJECTED,5.0
public_08,intro_186fa89538f6616d5c2af832,19,26,syn_3116acff46ddb88da5ab15d9b0689845,syn_d1466cfc82f39251348c76bf51d2d3fa,MATCHED,3.0
public_08,intro_4f8acf63a5d23dba793b3760,20,27,syn_af0dc6779fdaf3311a049163f1bbf8b3,syn_e873c9ddc3b41ec81c488e1c46adf54a,EXPIRED,6.0
public_08,intro_668eec8b637c6db3adbf7bf3,21,28,syn_9dc3a5eac3591712b30dae187c9241c9,syn_c4b5bdc0bc69886ead60e7acbe3682d2,MATCHED,6.0
public_08,intro_c68c3fdee3d2b02b6379c0d3,22,29,syn_ac908e117263d182ba1667043439b10a,syn_c3543a6e4224572bef55ecf655033d60,MATCHED,4.0
public_08,intro_bc16bab58a6dba1707eed925,23,30,syn_8a66ed480ae629f3e5a474726b94ace7,syn_d6c107c4b905f822d30abe1ad4e37527,EXPIRED,2.0
public_08,intro_2de2e10252109da41636f09a,24,31,syn_0c67573b1f57ba2825bf71fc8122d2c9,syn_845542023752fea3e0a95d952278eabf,EXPIRED,
public_08,intro_6b39707e57dc635047ba8269,24,31,syn_10f09201189b30c0799374b18e8a5e9a,syn_72c5f776ad35fbed0106ae5b3e02565d,EXPIRED,6.0
public_08,intro_95386b234fac2a40d1d07991,24,31,syn_19b40b0a1d97aeea75e5e8d7a463751c,syn_2f8c459a5b01837c6646f0a205ecd462,EXPIRED,
public_08,intro_ceabb235483ca1d13eeb2ab7,24,31,syn_6b260c3f68402193a6138919aeb018d2,syn_c701df12da749db46be838bc30598d3c,REJECTED,4.0
public_08,intro_849fcf6002e5d8e7444acddc,24,31,syn_9d086f92bd9196465b05e7fa7b78cab4,syn_fceb07e10e27737824dd733b01c50d8e,REJECTED,3.0
public_08,intro_e30f5ac5f5a281fa252545d8,26,33,syn_43d18aa30bcadd41bf9573fdb20f40b5,syn_e3c0da5b3c5546e3da1f4ab3ef45696b,REJECTED,3.0
public_08,intro_c35e38cd574ab23c38f15503,28,35,syn_3c07c75bfaca888c574a485e5ca7fce0,syn_af0dc6779fdaf3311a049163f1bbf8b3,WAITING,2.0
public_09,intro_2eb57bc09267ac10db803401,0,7,syn_01639d571d85dc2ea9a0bad313cbb6fa,syn_664d91e54ac84101c9455adeb1f76e58,REJECTED,5.0
public_09,intro_8907ea3554ede0bf4efd22cb,0,7,syn_0762071899f970108e97e5f879f23b60,syn_395b967214926c08e0140e09fe6780da,REJECTED,6.0
public_09,intro_90ac4b352dcef56d0b2830ff,0,7,syn_3d77683b704738740b9c6ab04accd89d,syn_7943db275fb55131bbdb6929da1bc57f,REJECTED,4.0
public_09,intro_d10ce29b921afb777780a4f3,0,7,syn_3e31ee54b5c6410836bf96e80cdf4e36,syn_98e94a52f25112977ad37af1219acaa2,REJECTED,4.0
public_09,intro_6f1278ce1e586286076d9b5c,0,7,syn_49184f8377e25febace8f0eb14ebfb2c,syn_fd41191020e81449486bd66d57f5a965,REJECTED,1.0
public_09,intro_73c3daee90dd30e3a05571ea,0,7,syn_92bc461db5199d18402828ef1512b58c,syn_ca4ebbf1f6b1a6530862a9b58dd79c12,EXPIRED,7.0
public_09,intro_98d41ae175844d0a8e2ecfeb,0,7,syn_954eea336cf58b771bb42ef5e50176fe,syn_a4de8bb0451caa4b23ce4900ae2ea2ae,REJECTED,6.0
public_09,intro_b1f8a127acf9933ea73ae8e3,0,7,syn_9b9eb23ba1764bf3ee3eb6b3427a9f87,syn_b923a686ac867c0fccf2c9cc2cbde8c7,EXPIRED,5.0
public_09,intro_5bcc788c35f0c17ce6c2f980,1,8,syn_52bea84dd5f87d01e4cb9f99f1d15eeb,syn_9c7c9200bd69eb3de6297f81570e2093,REJECTED,4.0
public_09,intro_b23da824cd2d784e6f69294d,2,9,syn_31b5b656f14d66c10a517e4530f34094,syn_c40cfb64ca29a0af4f43672ee4c6138d,MATCHED,2.0
public_09,intro_015f602c67c4368c950d828a,2,9,syn_d79f8912b62eda42f1d1fedb4a0692de,syn_e02f6a883c0601314be61b0a920b7ac1,EXPIRED,7.0
public_09,intro_e4a19bfd49ef157b7e66a155,4,11,syn_1060f8789d9efed5c96b62750c60a10c,syn_ee1b22e21a2ba67e42ee44263820977d,REJECTED,2.0
public_09,intro_a113714860634b7be34b92f0,5,12,syn_443a630b3ca8086f7d67ec70eed08f1f,syn_a6ac730a7422dc42e543fc3d84f9da31,REJECTED,3.0
public_09,intro_9776093e4d3d0d291355c8a8,7,14,syn_0e1fe175a9527ff92f59598e685cc7ee,syn_d6b73be38eda52db3025a5b96af5b58e,REJECTED,1.0
public_09,intro_d0098ffa82a9b65cf959dcd8,7,14,syn_8c39122a398b4fbbc69c4483b741a20a,syn_e01ac751b18577fb87cd8bd30466431a,REJECTED,1.0
public_09,intro_2f33113b70840751c3b73830,8,15,syn_0762071899f970108e97e5f879f23b60,syn_92bc461db5199d18402828ef1512b58c,REJECTED,3.0
public_09,intro_d0c64799f6f9ec3260b4a8a7,8,15,syn_23fefada2c5b19650602df9e452b270c,syn_7943db275fb55131bbdb6929da1bc57f,REJECTED,2.0
public_09,intro_0a0b19eb2c7aaab27a1104d4,8,15,syn_2498b1dc356de003c3825324d212befd,syn_664d91e54ac84101c9455adeb1f76e58,EXPIRED,5.0
public_09,intro_2c898008682f72634c7f6272,8,15,syn_399815501e1007dfb1a713ea80f0e372,syn_3d77683b704738740b9c6ab04accd89d,REJECTED,5.0
public_09,intro_00579fd2633774b063cd17c7,8,15,syn_3e31ee54b5c6410836bf96e80cdf4e36,syn_d575caff2f7b071eadd02469edffbfbc,MATCHED,5.0
public_09,intro_a89a14ef5d1efbd062526078,8,15,syn_49184f8377e25febace8f0eb14ebfb2c,syn_72fa7f3a49551b8406189406fe067a80,REJECTED,2.0
public_09,intro_0f1a99ef94981c858db5c059,8,15,syn_954eea336cf58b771bb42ef5e50176fe,syn_df3b42bf60bed5a6adda3b4807a79fe3,REJECTED,5.0
public_09,intro_02206bb59218c1893004efc0,8,15,syn_a005fdbc59c75076c16892b788a008e3,syn_ca4ebbf1f6b1a6530862a9b58dd79c12,REJECTED,2.0
public_09,intro_dfe505e64045e9eb2aaa1535,9,16,syn_46153b3e21490c0dcdddff4ea33fa5d1,syn_e42956bd3ad3d0ab962031c145e0e8f5,REJECTED,7.0
public_09,intro_fd87135ea35e0c7941161690,9,16,syn_4fe3ee745aa0a0513d715c1f5e333848,syn_7ea24ae1bc6dd1bf483a695694b4de60,REJECTED,1.0
public_09,intro_ddffae69ba10fd9fe28061de,9,16,syn_938533b6ed1b3352a3eeee11e0e010f7,syn_9c7c9200bd69eb3de6297f81570e2093,REJECTED,2.0
public_09,intro_13375bf879bfb83c5b29a1ea,10,17,syn_06c6a93d496d809575d704f32cbdca19,syn_ea1944eabf76fcfc92500830c916cccc,MATCHED,3.0
public_09,intro_46f857563f4d0a794cfb605c,10,17,syn_98e94a52f25112977ad37af1219acaa2,syn_fa7c24955e283049d85df1fbb450d74b,MATCHED,4.0
public_09,intro_0dcbd98935a4c1e0421ab037,12,19,syn_395b967214926c08e0140e09fe6780da,syn_b2abd96ee53a27f2c5e59d6561761225,REJECTED,2.0
public_09,intro_03ee7e7c9b7316e21f7e930b,12,19,syn_5101ee98621b0a0aa0efcc363c546da1,syn_a9c5ea5a5b35df82c6e4cc4a44fa35ca,REJECTED,2.0
public_09,intro_c1e25aba0f014b286fb25024,13,20,syn_3897f1b0cc5984c872766b78ee052e7e,syn_f37b7db2cd4e3caf99dcada45326ece7,REJECTED,6.0
public_09,intro_412c79398f75b1309d87810b,13,20,syn_9b9eb23ba1764bf3ee3eb6b3427a9f87,syn_b4e4ce7c2881670a12de4cc507059e9e,REJECTED,1.0
public_09,intro_518db7305128f56cbe9ac1e4,15,22,syn_2cbc418ebac399b8bd636a099732065d,syn_8c39122a398b4fbbc69c4483b741a20a,REJECTED,2.0
public_09,intro_63959e8333d40a940409af57,16,23,syn_0762071899f970108e97e5f879f23b60,syn_6a0a70e102a42456541ad3688e00967c,REJECTED,2.0
public_09,intro_99e963c34ace727461eebf8a,16,23,syn_2498b1dc356de003c3825324d212befd,syn_78f72d93ac182e959338610c9ef20c33,MATCHED,7.0
public_09,intro_7e8fddc0ac11e0af037e0450,16,23,syn_399815501e1007dfb1a713ea80f0e372,syn_7943db275fb55131bbdb6929da1bc57f,REJECTED,2.0
public_09,intro_27ce5f7d350099a35551eed4,16,23,syn_3d77683b704738740b9c6ab04accd89d,syn_72fa7f3a49551b8406189406fe067a80,REJECTED,5.0
public_09,intro_514c71587455fc8c8014219e,16,23,syn_4fa874d7bbb15debb13c26bd8848dbd7,syn_664d91e54ac84101c9455adeb1f76e58,EXPIRED,3.0
public_09,intro_c6a74535839f82af8abc1423,16,23,syn_92bc461db5199d18402828ef1512b58c,syn_a005fdbc59c75076c16892b788a008e3,EXPIRED,3.0
public_09,intro_f4b3d1ba5646a3d56fc6d3c7,17,24,syn_144a731e5f6fbba895bb43400c8e21ac,syn_49184f8377e25febace8f0eb14ebfb2c,EXPIRED,4.0
public_09,intro_1cecd128f0e54ecf58e3bd01,17,24,syn_7ea24ae1bc6dd1bf483a695694b4de60,syn_e42956bd3ad3d0ab962031c145e0e8f5,EXPIRED,7.0
public_09,intro_047f85ebc167281e02f7b7b2,19,26,syn_2640db16caaaa59c746ccdd73e414769,syn_fe848a0f29f2f6689a79b64a9bd16b2a,MATCHED,2.0
public_09,intro_2bb874551e992497d55a33a4,20,27,syn_395b967214926c08e0140e09fe6780da,syn_84678ce338afaea457e03995df9782ec,EXPIRED,6.0
public_09,intro_2d3c16b3eb9023a4d4fe7a58,20,27,syn_4fe3ee745aa0a0513d715c1f5e333848,syn_b2abd96ee53a27f2c5e59d6561761225,REJECTED,6.0
public_09,intro_150697d40fe8b808af9fa6e3,20,27,syn_611b4f999018ab87c5e4f02fdd3b8e35,syn_b923a686ac867c0fccf2c9cc2cbde8c7,EXPIRED,1.0
public_09,intro_5dc43feedf9f775095947b03,21,28,syn_938533b6ed1b3352a3eeee11e0e010f7,syn_f37b7db2cd4e3caf99dcada45326ece7,REJECTED,3.0
public_09,intro_a85ac28cf4ee549e5edf1293,22,29,syn_ca4ebbf1f6b1a6530862a9b58dd79c12,syn_d575caff2f7b071eadd02469edffbfbc,EXPIRED,7.0
public_09,intro_e2338b11e2e74df2222ab387,24,31,syn_0762071899f970108e97e5f879f23b60,syn_875b1c6c5a3cd40c806ef3512722833e,EXPIRED,3.0
public_09,intro_86da2e066a56b024c29186a7,24,31,syn_3e31ee54b5c6410836bf96e80cdf4e36,syn_92bc461db5199d18402828ef1512b58c,REJECTED,5.0
public_09,intro_59443ef92717397f891159c6,24,31,syn_5a23a537897a87e452157802beeeb09e,syn_664d91e54ac84101c9455adeb1f76e58,REJECTED,6.0
public_09,intro_e4dc70217615e1040624412c,27,34,syn_06c6a93d496d809575d704f32cbdca19,syn_72fa7f3a49551b8406189406fe067a80,EXPIRED,
public_09,intro_cb1eb09f39c608003af1e5a9,27,34,syn_3d77683b704738740b9c6ab04accd89d,syn_ea1944eabf76fcfc92500830c916cccc,EXPIRED,
public_09,intro_61bcd1883b2b9b47ef1bb9c9,28,35,syn_572733bbeb649bcd629f40c406bb38a5,syn_b2abd96ee53a27f2c5e59d6561761225,EXPIRED,2.0
public_09,intro_742899f21fdee5bb6c7c7272,28,35,syn_611b4f999018ab87c5e4f02fdd3b8e35,syn_aed3ea7e30e283ce82b4f69158763acd,EXPIRED,
public_09,intro_4b9057094d3347fdb4b3cd22,29,36,syn_9c7c9200bd69eb3de6297f81570e2093,syn_f37b7db2cd4e3caf99dcada45326ece7,WAITING,1.0
public_10,intro_f32a36b1070ed64765de8aa3,0,7,syn_0142765f71da4f470ea933199686004e,syn_2cf4a622e93de4862bf406fbe9968660,REJECTED,1.0
public_10,intro_b29fbff94551a8851d7e0e43,0,7,syn_07a1ba169c947274fbda87ce93066956,syn_6a8b7f19205f77e0079c06f343b179f9,REJECTED,2.0
public_10,intro_86028fc6214563b05e89625c,0,7,syn_11c7a35957579b543aebc553ec143dfb,syn_4d4039deb870661a489ded51c2e01c2d,REJECTED,5.0
public_10,intro_8f535491775f4df076aae27e,0,7,syn_1fa0f9be55fad34f21fa1c78bcc75823,syn_9ab353464f583bd46641af0a05e39f27,REJECTED,2.0
public_10,intro_c33f5e87e86a00e020e81dd0,0,7,syn_3026c699639e3e6348676dcc6d650cc9,syn_4118efebeb5bffb1d97c676086799fca,REJECTED,3.0
public_10,intro_3403abf851d1ab4894350e2a,0,7,syn_33218a5ec81d850bee668de6aac93a05,syn_5f14e9567ba0f208b00430bb476fc6fc,EXPIRED,7.0
public_10,intro_ae3c8bcf4c6c2d88ae65a905,0,7,syn_4550325028612805cbf17f2710057234,syn_a72369d69b77313b62eb9cf310987623,REJECTED,4.0
public_10,intro_a5e856c02cb9dd50eee04cd3,0,7,syn_8dd6339d4267512f971ae9c93ba79a33,syn_f53c9fb43874da5040cb430163ee338e,EXPIRED,7.0
public_10,intro_a453c9857a00cff7534c8e15,0,7,syn_a83803235dd25c672bd97b546bbd67fd,syn_ebba1ff86420419865f1aabda4832735,MATCHED,5.0
public_10,intro_6ce5cd08dce543d3e5c0c0c9,2,9,syn_2ae6428fe8d0787376fe540dbd83a9e1,syn_aafea598a05555fd8a0331cd77bf3d1b,REJECTED,3.0
public_10,intro_68c53ac58c8872aa158655c5,2,9,syn_42d6624b007f9dadc90a65025826c2af,syn_71ab4eb8e49081b34c2d7519496eb3aa,EXPIRED,5.0
public_10,intro_5c55d74fa2b78be65cfc01fd,3,10,syn_26a54382c3b5c6a9a6a5b67ca4f6994d,syn_bc4afbb6a6767d12f8abbddbeafe6fdd,MATCHED,2.0
public_10,intro_c0a12a04ae752da43b9d8cf1,3,10,syn_82e48d89b5e9fb6839d31933fbfee9dc,syn_eb8368f49afc9d7d00ecc48c4d3de4ce,EXPIRED,6.0
public_10,intro_f98bfe0e7994240aec4ace69,4,11,syn_08c8959211b0ecd44286ad82daec2c78,syn_b50b420bc580e1d9e03e64fd62d0a6f1,REJECTED,5.0
public_10,intro_2bc71949d19d48791f7dab0b,4,11,syn_a10a0f33bed613eab3c39579cfb95fd7,syn_a17752a2f68f8ad7d1a4988b602f4345,REJECTED,2.0
public_10,intro_b284b4611ea7a0876cc18908,5,12,syn_6ccd6d178a306578b2d80336ed08202f,syn_e75c0907f7e92d36cef546a896000d88,REJECTED,1.0
public_10,intro_5ce5ed4f21617cacc9c3ec7f,6,13,syn_26dd18a4132bd025090300e446cf7bda,syn_3d9aa8f2b2f0e82cb4712e749d6a1225,EXPIRED,6.0
public_10,intro_b0400999024ef8bc7374849d,7,14,syn_39f48c4c50343606770faa51e54c63fa,syn_a2eb656ba08d83bd383536f1df7c20dc,REJECTED,3.0
public_10,intro_097c5f5f2d04a5e831a9dd25,8,15,syn_07a1ba169c947274fbda87ce93066956,syn_676957ba298a618f64668d76d471200a,MATCHED,1.0
public_10,intro_defc3fe37a1ac202c7c3497e,8,15,syn_11c7a35957579b543aebc553ec143dfb,syn_76fd573a948b554f3ebee57b8874c057,EXPIRED,7.0
public_10,intro_f06ce49d51aebc8c956ee256,8,15,syn_36a6a073237ca17cc85d34b97234c35c,syn_6a8b7f19205f77e0079c06f343b179f9,EXPIRED,7.0
public_10,intro_960f9fd2516a449286637243,8,15,syn_4118efebeb5bffb1d97c676086799fca,syn_a2636682040b5f9e5612d711743d5a8e,REJECTED,4.0
public_10,intro_61a2e75a7f663aba84dd1ca7,9,16,syn_00a292432ca19ea1d82f9d7dee556e20,syn_b875287926cc310b79c882e91dcb2892,REJECTED,5.0
public_10,intro_9fca1820e22944136ac89732,9,16,syn_6fae297670a62d433323bf1c97f56f9b,syn_e47ce1bf335b859bc695eba30b036973,EXPIRED,7.0
public_10,intro_bf3195f1cf198269f5bb5c3d,10,17,syn_04f963f5220053f9161754484ba31633,syn_aafea598a05555fd8a0331cd77bf3d1b,EXPIRED,7.0
public_10,intro_96f6e9c3cce69624f3a800a3,10,17,syn_260c5622d51b36a6045a69b534807038,syn_42d6624b007f9dadc90a65025826c2af,EXPIRED,5.0
public_10,intro_3405f88f0a8498ba4d75eef3,11,18,syn_5f14e9567ba0f208b00430bb476fc6fc,syn_f74fd02a69d26a14e5a77cb07ec0630f,REJECTED,3.0
public_10,intro_712231c74a68dcce4c3f9a40,11,18,syn_89b307713d8898967b949ee364b9c9c2,syn_fb677458ed9ef553765b0355a8ca1d87,REJECTED,5.0
public_10,intro_87622ed11430a6d33a06c6bb,12,19,syn_08c8959211b0ecd44286ad82daec2c78,syn_3026c699639e3e6348676dcc6d650cc9,REJECTED,2.0
public_10,intro_5bb6c4a25ce4c5f246fc5a16,12,19,syn_280ed2ee4e8e69969aba90ad77844c04,syn_a17752a2f68f8ad7d1a4988b602f4345,REJECTED,1.0
public_10,intro_b3dcf98cbfd6a3cb0f98f08c,13,20,syn_65f5d040e59eb3dfdff023cd290ef343,syn_e75c0907f7e92d36cef546a896000d88,EXPIRED,7.0
public_10,intro_91599634b0b47ee52b115798,15,22,syn_022af7d17ed9947190143ccd3b849cd3,syn_a72369d69b77313b62eb9cf310987623,REJECTED,1.0
public_10,intro_517d29ce601e4cbe70910a0c,16,23,syn_11c7a35957579b543aebc553ec143dfb,syn_12df47841c9a6503a3ac59119e457aef,MATCHED,2.0
public_10,intro_a13802a338a33b1b5f73a9c2,16,23,syn_2bd0bc113015a61a34579ec7d3cfa18f,syn_b50b420bc580e1d9e03e64fd62d0a6f1,EXPIRED,7.0
public_10,intro_f993fcff77d346ff4c2689ac,16,23,syn_2cf4a622e93de4862bf406fbe9968660,syn_6a8b7f19205f77e0079c06f343b179f9,REJECTED,1.0
public_10,intro_67fb883de6b7d6bcf7d43d64,16,23,syn_4d4039deb870661a489ded51c2e01c2d,syn_76fd573a948b554f3ebee57b8874c057,REJECTED,1.0
public_10,intro_ea7301632466ebb7cd5ea869,16,23,syn_8004e1549c802a6b7a454f9afffc1479,syn_a2636682040b5f9e5612d711743d5a8e,EXPIRED,7.0
public_10,intro_4adc1b719f55d0b6ac28c99d,17,24,syn_00a292432ca19ea1d82f9d7dee556e20,syn_2ae6428fe8d0787376fe540dbd83a9e1,REJECTED,2.0
public_10,intro_d80231810d9c82d8ae1a7c64,17,24,syn_60757875c23e938767f7c422caa6e51f,syn_71f3eb1ca39613e5c06707f0fe673d52,REJECTED,1.0
public_10,intro_84ecbc9fa3df1aeea4076370,17,24,syn_7665278eebe7b6a88233a61f735661c4,syn_e47ce1bf335b859bc695eba30b036973,EXPIRED,5.0
public_10,intro_2bdbb2be9cb7c4e704f2c879,18,25,syn_1fa0f9be55fad34f21fa1c78bcc75823,syn_aafea598a05555fd8a0331cd77bf3d1b,REJECTED,3.0
public_10,intro_f5fdbb9d2000e96affbff425,18,25,syn_260c5622d51b36a6045a69b534807038,syn_71ab4eb8e49081b34c2d7519496eb3aa,REJECTED,2.0
public_10,intro_49417ca724be577e90b30c65,19,26,syn_2c41f4560363cf4a91985306f3e708c5,syn_f9226f603076fe6965d21526c1b71669,REJECTED,2.0
public_10,intro_6110ce48b007a15bebe2dada,19,26,syn_3c198d961c739a549da7c314447558ec,syn_4118efebeb5bffb1d97c676086799fca,REJECTED,4.0
public_10,intro_e9d188e703365247e5a10349,19,26,syn_9ab353464f583bd46641af0a05e39f27,syn_bc4afbb6a6767d12f8abbddbeafe6fdd,REJECTED,1.0
public_10,intro_838de58504ccd51ba57391dd,20,27,syn_08c8959211b0ecd44286ad82daec2c78,syn_4550325028612805cbf17f2710057234,REJECTED,4.0
public_10,intro_7b1b242c53f317eb6e863e43,20,27,syn_1d9fcedbba8fbe744c915639c8c02ff7,syn_67a91d5639d408ed487ea1f496cac894,MATCHED,2.0
public_10,intro_3ed3e4e29f662503bbcdc744,20,27,syn_26dd18a4132bd025090300e446cf7bda,syn_a17752a2f68f8ad7d1a4988b602f4345,EXPIRED,7.0
public_10,intro_810762389a3135e14974227a,21,28,syn_3026c699639e3e6348676dcc6d650cc9,syn_e75c0907f7e92d36cef546a896000d88,REJECTED,3.0
public_10,intro_c0d00ece481a71f69ee89e52,23,30,syn_022af7d17ed9947190143ccd3b849cd3,syn_ecbf5233371e2318fb6924c4f6c75877,EXPIRED,2.0
public_10,intro_1c8b284f170aebba17d8bd70,24,31,syn_2cf4a622e93de4862bf406fbe9968660,syn_f74fd02a69d26a14e5a77cb07ec0630f,REJECTED,2.0
public_10,intro_a363b8039de09bc313d9eabb,24,31,syn_714f9712b4b94edc26dfda9b98d3a5da,syn_76fd573a948b554f3ebee57b8874c057,REJECTED,2.0
public_10,intro_f1bb81cc5e80d7ab8c5febff,24,31,syn_8004e1549c802a6b7a454f9afffc1479,syn_89b307713d8898967b949ee364b9c9c2,REJECTED,1.0
public_10,intro_0efcc00c4081033864fbc77e,24,31,syn_a2636682040b5f9e5612d711743d5a8e,syn_fb677458ed9ef553765b0355a8ca1d87,EXPIRED,6.0
public_10,intro_b2abdf47df41345dace11aae,25,32,syn_2ae6428fe8d0787376fe540dbd83a9e1,syn_b875287926cc310b79c882e91dcb2892,EXPIRED,
public_10,intro_11590e84e6fa27793dba8995,25,32,syn_60757875c23e938767f7c422caa6e51f,syn_ebba1ff86420419865f1aabda4832735,EXPIRED,4.0
public_10,intro_d58c6b2e36d6964bf35e4d1d,25,32,syn_71f3eb1ca39613e5c06707f0fe673d52,syn_a83803235dd25c672bd97b546bbd67fd,EXPIRED,2.0
public_10,intro_c8f8465b0bf980d5c117797e,26,33,syn_00a292432ca19ea1d82f9d7dee556e20,syn_aafea598a05555fd8a0331cd77bf3d1b,REJECTED,1.0
public_10,intro_2d73085d729a70d769d29742,27,34,syn_0f4034ae56ee969b3bce8239dea9bf28,syn_2c41f4560363cf4a91985306f3e708c5,EXPIRED,
public_10,intro_f4559ad553a45a0dde2e4edb,27,34,syn_3c198d961c739a549da7c314447558ec,syn_fe63aea00d57f05275dfa1b39efa721e,REJECTED,1.0
public_10,intro_e853d285570e6f1124a4f63b,27,34,syn_4118efebeb5bffb1d97c676086799fca,syn_8e1ee09df978c54386bee0deebbbb0db,EXPIRED,
public_10,intro_9676fb52b80e680d66adbc99,28,35,syn_08c8959211b0ecd44286ad82daec2c78,syn_ac7adb59d76e0765d34bb88a00ac664b,EXPIRED,2.0
public_10,intro_7c4e7c7c880ad79c7cbc0081,28,35,syn_2bd0bc113015a61a34579ec7d3cfa18f,syn_4550325028612805cbf17f2710057234,REJECTED,1.0
public_10,intro_d4d6ea3b924c5259c8e9f8ce,28,35,syn_a17752a2f68f8ad7d1a4988b602f4345,syn_f9226f603076fe6965d21526c1b71669,EXPIRED,2.0
public_10,intro_9733fb98bc9a38c79a0d7474,29,36,syn_a3ebe737714c0f078d738fd6426f1247,syn_e75c0907f7e92d36cef546a896000d88,WAITING,
