field_name,field_type,total_records,missing_count,missing_percentage,observed_count,not_asked_count,declined_count,matching_impact
schedule,HARD CONSTRAINT,2000,644,32.2,1356,559,85,BLOCKS FEASIBILITY (Pair marked NEEDS_CLARIFICATION)
age_min,HARD CONSTRAINT,2000,638,31.9,1362,563,75,BLOCKS FEASIBILITY (Pair marked NEEDS_CLARIFICATION)
partner_smoking,HARD CONSTRAINT,2000,638,31.9,1362,549,89,BLOCKS FEASIBILITY (Pair marked NEEDS_CLARIFICATION)
acceptable_zones,HARD CONSTRAINT,2000,638,31.9,1362,558,80,BLOCKS FEASIBILITY (Pair marked NEEDS_CLARIFICATION)
who_to_meet,HARD CONSTRAINT,2000,637,31.85,1363,537,100,BLOCKS FEASIBILITY (Pair marked NEEDS_CLARIFICATION)
relationship_structure,HARD CONSTRAINT,2000,636,31.8,1364,553,83,BLOCKS FEASIBILITY (Pair marked NEEDS_CLARIFICATION)
age_max,HARD CONSTRAINT,2000,632,31.6,1368,536,96,BLOCKS FEASIBILITY (Pair marked NEEDS_CLARIFICATION)
has_children,HARD CONSTRAINT,2000,632,31.6,1368,532,100,BLOCKS FEASIBILITY (Pair marked NEEDS_CLARIFICATION)
partner_children,HARD CONSTRAINT,2000,631,31.55,1369,540,91,BLOCKS FEASIBILITY (Pair marked NEEDS_CLARIFICATION)
wants_children,HARD CONSTRAINT,2000,631,31.55,1369,552,79,BLOCKS FEASIBILITY (Pair marked NEEDS_CLARIFICATION)
smoking,HARD CONSTRAINT,2000,630,31.5,1370,553,77,BLOCKS FEASIBILITY (Pair marked NEEDS_CLARIFICATION)
relationship_goal,SOFT PREFERENCE,2000,1207,60.35,793,1131,76,REDUCES RANKING CONFIDENCE (Does not block pair)
emotional_availability,SOFT PREFERENCE,2000,1203,60.15,797,1125,78,REDUCES RANKING CONFIDENCE (Does not block pair)
lifestyle,SOFT PREFERENCE,2000,1202,60.1,798,1128,74,REDUCES RANKING CONFIDENCE (Does not block pair)
relocate,SOFT PREFERENCE,2000,1201,60.05,799,1118,83,REDUCES RANKING CONFIDENCE (Does not block pair)
space_for_relationship,SOFT PREFERENCE,2000,1200,60.0,800,1129,71,REDUCES RANKING CONFIDENCE (Does not block pair)
relationship_pace,SOFT PREFERENCE,2000,1199,59.95,801,1133,66,REDUCES RANKING CONFIDENCE (Does not block pair)
conversations,SOFT PREFERENCE,2000,1178,58.9,822,1091,87,REDUCES RANKING CONFIDENCE (Does not block pair)
