episode_id,source_dataset,day,eligible_users,N_users_with_candidate,users_without_candidate,candidate_pairs
public_01_day_0,public_01,0,200,120,80,1808
public_01_day_1,public_01,1,90,0,90,0
public_01_day_3,public_01,3,90,0,90,0
public_01_day_5,public_01,5,90,0,90,0
public_01_day_6,public_01,6,90,0,90,0
public_01_day_7,public_01,7,90,0,90,0
public_01_day_8,public_01,8,90,0,90,0
public_01_day_9,public_01,9,90,0,90,0
public_01_day_12,public_01,12,90,0,90,0
public_01_day_13,public_01,13,90,0,90,0
public_01_day_15,public_01,15,90,0,90,0
public_01_day_16,public_01,16,90,0,90,0
public_01_day_17,public_01,17,90,0,90,0
public_01_day_19,public_01,19,90,0,90,0
public_01_day_21,public_01,21,90,0,90,0
public_01_day_23,public_01,23,90,0,90,0
public_01_day_24,public_01,24,90,0,90,0
public_01_day_25,public_01,25,90,0,90,0
public_01_day_27,public_01,27,90,0,90,0
public_02_day_0,public_02,0,200,136,64,2132
public_02_day_1,public_02,1,82,0,82,0
public_02_day_2,public_02,2,82,0,82,0
public_02_day_3,public_02,3,82,0,82,0
public_02_day_4,public_02,4,82,0,82,0
public_02_day_5,public_02,5,82,0,82,0
public_02_day_6,public_02,6,82,0,82,0
public_02_day_8,public_02,8,82,0,82,0
public_02_day_10,public_02,10,82,0,82,0
public_02_day_11,public_02,11,82,0,82,0
public_02_day_12,public_02,12,82,0,82,0
public_02_day_13,public_02,13,82,0,82,0
public_02_day_14,public_02,14,82,0,82,0
public_02_day_15,public_02,15,82,0,82,0
public_02_day_17,public_02,17,82,0,82,0
public_02_day_18,public_02,18,82,0,82,0
public_02_day_19,public_02,19,82,0,82,0
public_02_day_20,public_02,20,82,0,82,0
public_02_day_21,public_02,21,82,0,82,0
public_02_day_22,public_02,22,82,0,82,0
public_02_day_23,public_02,23,82,0,82,0
public_02_day_26,public_02,26,82,0,82,0
public_02_day_27,public_02,27,82,0,82,0
public_02_day_28,public_02,28,82,0,82,0
public_02_day_29,public_02,29,82,0,82,0
public_03_day_0,public_03,0,200,136,64,1738
public_03_day_2,public_03,2,82,0,82,0
public_03_day_3,public_03,3,82,0,82,0
public_03_day_4,public_03,4,82,0,82,0
public_03_day_5,public_03,5,82,0,82,0
public_03_day_7,public_03,7,82,0,82,0
public_03_day_8,public_03,8,82,0,82,0
public_03_day_10,public_03,10,82,0,82,0
public_03_day_11,public_03,11,82,0,82,0
public_03_day_12,public_03,12,82,0,82,0
public_03_day_13,public_03,13,82,0,82,0
public_03_day_15,public_03,15,82,0,82,0
public_03_day_16,public_03,16,82,0,82,0
public_03_day_18,public_03,18,82,0,82,0
public_03_day_20,public_03,20,82,0,82,0
public_03_day_21,public_03,21,82,0,82,0
public_03_day_24,public_03,24,82,0,82,0
public_03_day_26,public_03,26,82,0,82,0
public_03_day_28,public_03,28,82,0,82,0
public_03_day_29,public_03,29,82,0,82,0
public_04_day_0,public_04,0,200,139,61,2443
public_04_day_1,public_04,1,78,0,78,0
public_04_day_3,public_04,3,78,0,78,0
public_04_day_4,public_04,4,78,0,78,0
public_04_day_5,public_04,5,78,0,78,0
public_04_day_7,public_04,7,78,0,78,0
public_04_day_8,public_04,8,78,0,78,0
public_04_day_9,public_04,9,78,0,78,0
public_04_day_11,public_04,11,78,0,78,0
public_04_day_12,public_04,12,78,0,78,0
public_04_day_13,public_04,13,78,0,78,0
public_04_day_14,public_04,14,78,0,78,0
public_04_day_15,public_04,15,78,0,78,0
public_04_day_16,public_04,16,78,0,78,0
public_04_day_17,public_04,17,78,0,78,0
public_04_day_18,public_04,18,78,0,78,0
public_04_day_19,public_04,19,78,0,78,0
public_04_day_20,public_04,20,78,0,78,0
public_04_day_21,public_04,21,78,0,78,0
public_04_day_22,public_04,22,78,0,78,0
public_04_day_23,public_04,23,78,0,78,0
public_04_day_27,public_04,27,78,0,78,0
public_04_day_28,public_04,28,78,0,78,0
public_04_day_29,public_04,29,78,0,78,0
public_05_day_0,public_05,0,200,133,67,2576
public_05_day_2,public_05,2,82,0,82,0
public_05_day_3,public_05,3,82,0,82,0
public_05_day_4,public_05,4,82,0,82,0
public_05_day_6,public_05,6,82,0,82,0
public_05_day_7,public_05,7,82,0,82,0
public_05_day_8,public_05,8,82,0,82,0
public_05_day_9,public_05,9,82,0,82,0
public_05_day_10,public_05,10,82,0,82,0
public_05_day_11,public_05,11,82,0,82,0
public_05_day_12,public_05,12,82,0,82,0
public_05_day_13,public_05,13,82,0,82,0
public_05_day_14,public_05,14,82,0,82,0
public_05_day_15,public_05,15,82,0,82,0
public_05_day_16,public_05,16,82,0,82,0
public_05_day_17,public_05,17,82,0,82,0
public_05_day_18,public_05,18,82,0,82,0
public_05_day_19,public_05,19,82,0,82,0
public_05_day_20,public_05,20,82,0,82,0
public_05_day_22,public_05,22,82,0,82,0
public_05_day_23,public_05,23,82,0,82,0
public_05_day_24,public_05,24,82,0,82,0
public_05_day_25,public_05,25,82,0,82,0
public_05_day_26,public_05,26,82,0,82,0
public_05_day_27,public_05,27,82,0,82,0
public_05_day_28,public_05,28,82,0,82,0
public_06_day_0,public_06,0,200,122,78,1878
public_06_day_1,public_06,1,90,0,90,0
public_06_day_2,public_06,2,90,0,90,0
public_06_day_5,public_06,5,90,0,90,0
public_06_day_6,public_06,6,90,0,90,0
public_06_day_7,public_06,7,90,0,90,0
public_06_day_8,public_06,8,90,0,90,0
public_06_day_9,public_06,9,90,0,90,0
public_06_day_11,public_06,11,90,0,90,0
public_06_day_13,public_06,13,90,0,90,0
public_06_day_14,public_06,14,90,0,90,0
public_06_day_15,public_06,15,90,0,90,0
public_06_day_16,public_06,16,90,0,90,0
public_06_day_17,public_06,17,90,0,90,0
public_06_day_19,public_06,19,90,0,90,0
public_06_day_20,public_06,20,90,0,90,0
public_06_day_23,public_06,23,90,0,90,0
public_06_day_24,public_06,24,90,0,90,0
public_06_day_25,public_06,25,90,0,90,0
public_06_day_27,public_06,27,90,0,90,0
public_07_day_0,public_07,0,200,135,65,2173
public_07_day_1,public_07,1,80,0,80,0
public_07_day_2,public_07,2,80,0,80,0
public_07_day_4,public_07,4,80,0,80,0
public_07_day_6,public_07,6,80,0,80,0
public_07_day_8,public_07,8,80,0,80,0
public_07_day_9,public_07,9,80,0,80,0
public_07_day_10,public_07,10,80,0,80,0
public_07_day_11,public_07,11,80,0,80,0
public_07_day_12,public_07,12,80,0,80,0
public_07_day_13,public_07,13,80,0,80,0
public_07_day_14,public_07,14,80,0,80,0
public_07_day_15,public_07,15,80,0,80,0
public_07_day_16,public_07,16,80,0,80,0
public_07_day_17,public_07,17,80,0,80,0
public_07_day_18,public_07,18,80,0,80,0
public_07_day_19,public_07,19,80,0,80,0
public_07_day_20,public_07,20,80,0,80,0
public_07_day_21,public_07,21,80,0,80,0
public_07_day_22,public_07,22,80,0,80,0
public_07_day_24,public_07,24,80,0,80,0
public_07_day_25,public_07,25,80,0,80,0
public_07_day_27,public_07,27,80,0,80,0
public_07_day_28,public_07,28,80,0,80,0
public_08_day_0,public_08,0,200,130,70,1960
public_08_day_5,public_08,5,82,0,82,0
public_08_day_6,public_08,6,82,0,82,0
public_08_day_8,public_08,8,82,0,82,0
public_08_day_9,public_08,9,82,0,82,0
public_08_day_10,public_08,10,82,0,82,0
public_08_day_12,public_08,12,82,0,82,0
public_08_day_13,public_08,13,82,0,82,0
public_08_day_14,public_08,14,82,0,82,0
public_08_day_15,public_08,15,82,0,82,0
public_08_day_16,public_08,16,82,0,82,0
public_08_day_18,public_08,18,82,0,82,0
public_08_day_19,public_08,19,82,0,82,0
public_08_day_20,public_08,20,82,0,82,0
public_08_day_21,public_08,21,82,0,82,0
public_08_day_22,public_08,22,82,0,82,0
public_08_day_23,public_08,23,82,0,82,0
public_08_day_24,public_08,24,82,0,82,0
public_08_day_26,public_08,26,82,0,82,0
public_08_day_28,public_08,28,82,0,82,0
public_09_day_0,public_09,0,200,117,83,1599
public_09_day_1,public_09,1,100,0,100,0
public_09_day_2,public_09,2,100,0,100,0
public_09_day_4,public_09,4,100,0,100,0
public_09_day_5,public_09,5,100,0,100,0
public_09_day_7,public_09,7,100,0,100,0
public_09_day_8,public_09,8,100,0,100,0
public_09_day_9,public_09,9,100,0,100,0
public_09_day_10,public_09,10,100,0,100,0
public_09_day_12,public_09,12,100,0,100,0
public_09_day_13,public_09,13,100,0,100,0
public_09_day_15,public_09,15,100,0,100,0
public_09_day_16,public_09,16,100,0,100,0
public_09_day_17,public_09,17,100,0,100,0
public_09_day_19,public_09,19,100,0,100,0
public_09_day_20,public_09,20,100,0,100,0
public_09_day_21,public_09,21,100,0,100,0
public_09_day_22,public_09,22,100,0,100,0
public_09_day_24,public_09,24,100,0,100,0
public_09_day_27,public_09,27,100,0,100,0
public_09_day_28,public_09,28,100,0,100,0
public_09_day_29,public_09,29,100,0,100,0
public_10_day_0,public_10,0,200,130,70,1819
public_10_day_2,public_10,2,86,0,86,0
public_10_day_3,public_10,3,86,0,86,0
public_10_day_4,public_10,4,86,0,86,0
public_10_day_5,public_10,5,86,0,86,0
public_10_day_6,public_10,6,86,0,86,0
public_10_day_7,public_10,7,86,0,86,0
public_10_day_8,public_10,8,86,0,86,0
public_10_day_9,public_10,9,86,0,86,0
public_10_day_10,public_10,10,86,0,86,0
public_10_day_11,public_10,11,86,0,86,0
public_10_day_12,public_10,12,86,0,86,0
public_10_day_13,public_10,13,86,0,86,0
public_10_day_15,public_10,15,86,0,86,0
public_10_day_16,public_10,16,86,0,86,0
public_10_day_17,public_10,17,86,0,86,0
public_10_day_18,public_10,18,86,0,86,0
public_10_day_19,public_10,19,86,0,86,0
public_10_day_20,public_10,20,86,0,86,0
public_10_day_21,public_10,21,86,0,86,0
public_10_day_23,public_10,23,86,0,86,0
public_10_day_24,public_10,24,86,0,86,0
public_10_day_25,public_10,25,86,0,86,0
public_10_day_26,public_10,26,86,0,86,0
public_10_day_27,public_10,27,86,0,86,0
public_10_day_28,public_10,28,86,0,86,0
public_10_day_29,public_10,29,86,0,86,0
