source_dataset,introductions,waiting,resolved,positive,negative,average_response_time,waiting_percentage,resolution_percentage
public_01,57,0,57,35,21,4.0,0.0,100.0
public_02,57,3,54,32,19,4.111111111111111,5.26,94.74
public_03,56,2,54,31,20,4.12962962962963,3.57,96.43
public_04,62,5,57,31,24,3.982456140350877,8.06,91.94
public_05,85,3,82,41,37,4.195121951219512,3.53,96.47
public_06,59,1,58,39,15,4.258620689655173,1.69,98.31
public_07,64,1,63,43,17,4.365079365079365,1.56,98.44
public_08,53,2,51,30,17,4.078431372549019,3.77,96.23
public_09,55,3,52,25,24,4.173076923076923,5.45,94.55
public_10,65,4,61,28,25,4.081967213114754,6.15,93.85
