source_dataset,episode_id,introductions,waiting_introductions,resolved_introductions,positive_responses,negative_responses,other_responses,average_response_time,resolution_rate,waiting_rate
public_01,public_01_day_0,5,0,5,3,2,0,3.2,100.0,0.0
public_01,public_01_day_1,2,0,2,1,1,0,4.5,100.0,0.0
public_01,public_01_day_12,1,0,1,0,1,0,5.0,100.0,0.0
public_01,public_01_day_13,2,0,2,1,1,0,4.0,100.0,0.0
public_01,public_01_day_15,6,0,6,4,2,0,4.5,100.0,0.0
public_01,public_01_day_16,2,0,2,1,1,0,6.0,100.0,0.0
public_01,public_01_day_17,4,0,4,1,3,0,5.0,100.0,0.0
public_01,public_01_day_19,1,0,1,0,1,0,2.0,100.0,0.0
public_01,public_01_day_21,1,0,1,0,1,0,6.0,100.0,0.0
public_01,public_01_day_23,8,0,8,6,2,0,3.875,100.0,0.0
public_01,public_01_day_24,1,0,1,1,0,0,5.0,100.0,0.0
public_01,public_01_day_25,4,0,4,3,1,0,3.25,100.0,0.0
public_01,public_01_day_27,1,0,1,0,1,0,1.0,100.0,0.0
public_01,public_01_day_3,1,0,1,1,0,0,1.0,100.0,0.0
public_01,public_01_day_5,2,0,2,1,0,1,4.5,100.0,0.0
public_01,public_01_day_6,1,0,1,1,0,0,4.0,100.0,0.0
public_01,public_01_day_7,2,0,2,2,0,0,4.0,100.0,0.0
public_01,public_01_day_8,7,0,7,5,2,0,4.285714285714286,100.0,0.0
public_01,public_01_day_9,6,0,6,4,2,0,3.5,100.0,0.0
public_02,public_02_day_0,6,0,6,4,1,1,3.0,100.0,0.0
public_02,public_02_day_1,3,0,3,3,0,0,4.0,100.0,0.0
public_02,public_02_day_10,2,0,2,2,0,0,4.0,100.0,0.0
public_02,public_02_day_11,4,0,4,1,3,0,4.5,100.0,0.0
public_02,public_02_day_12,5,0,5,2,2,1,4.6,100.0,0.0
public_02,public_02_day_13,1,0,1,1,0,0,7.0,100.0,0.0
public_02,public_02_day_14,1,0,1,1,0,0,3.0,100.0,0.0
public_02,public_02_day_15,3,0,3,3,0,0,1.6666666666666667,100.0,0.0
public_02,public_02_day_17,1,0,1,1,0,0,5.0,100.0,0.0
public_02,public_02_day_18,3,0,3,2,1,0,5.0,100.0,0.0
public_02,public_02_day_19,2,0,2,2,0,0,5.5,100.0,0.0
public_02,public_02_day_2,1,0,1,0,1,0,5.0,100.0,0.0
public_02,public_02_day_20,4,0,4,2,2,0,4.25,100.0,0.0
public_02,public_02_day_21,1,0,1,1,0,0,4.0,100.0,0.0
public_02,public_02_day_22,1,0,1,0,1,0,4.0,100.0,0.0
public_02,public_02_day_23,2,0,2,1,1,0,5.0,100.0,0.0
public_02,public_02_day_26,1,0,1,0,1,0,4.0,100.0,0.0
public_02,public_02_day_27,1,0,1,1,0,0,3.0,100.0,0.0
public_02,public_02_day_28,4,2,2,1,1,0,1.5,50.0,50.0
public_02,public_02_day_29,1,1,0,0,0,0,,0.0,100.0
public_02,public_02_day_3,4,0,4,3,0,1,5.25,100.0,0.0
public_02,public_02_day_4,3,0,3,0,3,0,4.0,100.0,0.0
public_02,public_02_day_5,1,0,1,0,1,0,6.0,100.0,0.0
public_02,public_02_day_6,1,0,1,1,0,0,4.0,100.0,0.0
public_02,public_02_day_8,1,0,1,0,1,0,4.0,100.0,0.0
public_03,public_03_day_0,11,0,11,7,2,2,4.636363636363637,100.0,0.0
public_03,public_03_day_10,2,0,2,1,1,0,2.0,100.0,0.0
public_03,public_03_day_11,1,0,1,0,1,0,2.0,100.0,0.0
public_03,public_03_day_12,1,0,1,1,0,0,1.0,100.0,0.0
public_03,public_03_day_13,3,0,3,1,1,1,5.0,100.0,0.0
public_03,public_03_day_15,1,0,1,0,1,0,2.0,100.0,0.0
public_03,public_03_day_16,7,0,7,4,3,0,4.0,100.0,0.0
public_03,public_03_day_18,2,0,2,2,0,0,5.0,100.0,0.0
public_03,public_03_day_2,1,0,1,0,1,0,7.0,100.0,0.0
public_03,public_03_day_20,1,0,1,0,1,0,5.0,100.0,0.0
public_03,public_03_day_21,6,0,6,4,2,0,4.0,100.0,0.0
public_03,public_03_day_24,2,0,2,1,1,0,3.0,100.0,0.0
public_03,public_03_day_26,1,0,1,1,0,0,2.0,100.0,0.0
public_03,public_03_day_28,1,1,0,0,0,0,,0.0,100.0
public_03,public_03_day_29,2,1,1,1,0,0,1.0,50.0,50.0
public_03,public_03_day_3,1,0,1,1,0,0,7.0,100.0,0.0
public_03,public_03_day_4,1,0,1,1,0,0,5.0,100.0,0.0
public_03,public_03_day_5,2,0,2,2,0,0,3.5,100.0,0.0
public_03,public_03_day_7,1,0,1,1,0,0,5.0,100.0,0.0
public_03,public_03_day_8,9,0,9,3,6,0,4.555555555555555,100.0,0.0
public_04,public_04_day_0,6,0,6,4,1,1,4.166666666666667,100.0,0.0
public_04,public_04_day_1,2,0,2,1,1,0,4.0,100.0,0.0
public_04,public_04_day_11,2,0,2,1,1,0,7.0,100.0,0.0
public_04,public_04_day_12,2,0,2,2,0,0,3.5,100.0,0.0
public_04,public_04_day_13,4,0,4,3,1,0,3.25,100.0,0.0
public_04,public_04_day_14,2,0,2,2,0,0,1.0,100.0,0.0
public_04,public_04_day_15,4,0,4,4,0,0,4.5,100.0,0.0
public_04,public_04_day_16,2,0,2,0,2,0,5.5,100.0,0.0
public_04,public_04_day_17,1,0,1,1,0,0,5.0,100.0,0.0
public_04,public_04_day_18,1,0,1,0,1,0,5.0,100.0,0.0
public_04,public_04_day_19,3,0,3,1,2,0,4.333333333333333,100.0,0.0
public_04,public_04_day_20,3,0,3,0,3,0,3.0,100.0,0.0
public_04,public_04_day_21,6,0,6,4,2,0,4.666666666666667,100.0,0.0
public_04,public_04_day_22,2,0,2,0,1,1,4.0,100.0,0.0
public_04,public_04_day_23,3,0,3,2,1,0,4.666666666666667,100.0,0.0
public_04,public_04_day_27,3,2,1,0,1,0,2.0,33.33,66.67
public_04,public_04_day_28,3,1,2,0,2,0,1.5,66.67,33.33
public_04,public_04_day_29,2,2,0,0,0,0,,0.0,100.0
public_04,public_04_day_3,2,0,2,2,0,0,3.0,100.0,0.0
public_04,public_04_day_4,1,0,1,0,1,0,2.0,100.0,0.0
public_04,public_04_day_5,1,0,1,0,1,0,1.0,100.0,0.0
public_04,public_04_day_7,2,0,2,0,2,0,2.5,100.0,0.0
public_04,public_04_day_8,4,0,4,3,1,0,5.25,100.0,0.0
public_04,public_04_day_9,1,0,1,1,0,0,7.0,100.0,0.0
public_05,public_05_day_0,12,0,12,9,3,0,4.166666666666667,100.0,0.0
public_05,public_05_day_10,2,0,2,1,1,0,6.5,100.0,0.0
public_05,public_05_day_11,3,0,3,2,1,0,4.0,100.0,0.0
public_05,public_05_day_12,2,0,2,1,1,0,5.0,100.0,0.0
public_05,public_05_day_13,1,0,1,1,0,0,7.0,100.0,0.0
public_05,public_05_day_14,6,0,6,4,2,0,4.333333333333333,100.0,0.0
public_05,public_05_day_15,3,0,3,2,1,0,3.0,100.0,0.0
public_05,public_05_day_16,4,0,4,0,3,1,4.25,100.0,0.0
public_05,public_05_day_17,3,0,3,1,2,0,3.0,100.0,0.0
public_05,public_05_day_18,4,0,4,0,2,2,4.5,100.0,0.0
public_05,public_05_day_19,4,0,4,2,2,0,4.0,100.0,0.0
public_05,public_05_day_2,1,0,1,0,1,0,4.0,100.0,0.0
public_05,public_05_day_20,3,0,3,1,2,0,4.0,100.0,0.0
public_05,public_05_day_22,6,0,6,3,3,0,4.5,100.0,0.0
public_05,public_05_day_23,4,0,4,2,2,0,4.0,100.0,0.0
public_05,public_05_day_24,4,0,4,3,1,0,3.5,100.0,0.0
public_05,public_05_day_25,3,0,3,2,1,0,5.0,100.0,0.0
public_05,public_05_day_26,2,0,2,2,0,0,2.5,100.0,0.0
public_05,public_05_day_27,2,2,0,0,0,0,,0.0,100.0
public_05,public_05_day_28,1,1,0,0,0,0,,0.0,100.0
public_05,public_05_day_3,1,0,1,1,0,0,6.0,100.0,0.0
public_05,public_05_day_4,1,0,1,0,1,0,3.0,100.0,0.0
public_05,public_05_day_6,4,0,4,1,2,1,5.0,100.0,0.0
public_05,public_05_day_7,2,0,2,1,1,0,4.0,100.0,0.0
public_05,public_05_day_8,6,0,6,1,5,0,3.3333333333333335,100.0,0.0
public_05,public_05_day_9,1,0,1,1,0,0,7.0,100.0,0.0
public_06,public_06_day_0,7,0,7,4,3,0,5.0,100.0,0.0
public_06,public_06_day_1,1,0,1,1,0,0,7.0,100.0,0.0
public_06,public_06_day_11,2,0,2,1,1,0,3.5,100.0,0.0
public_06,public_06_day_13,1,0,1,1,0,0,6.0,100.0,0.0
public_06,public_06_day_14,1,0,1,1,0,0,4.0,100.0,0.0
public_06,public_06_day_15,4,0,4,4,0,0,3.75,100.0,0.0
public_06,public_06_day_16,5,0,5,4,0,1,4.2,100.0,0.0
public_06,public_06_day_17,4,0,4,3,1,0,5.0,100.0,0.0
public_06,public_06_day_19,4,0,4,3,1,0,3.75,100.0,0.0
public_06,public_06_day_2,1,0,1,0,0,1,7.0,100.0,0.0
public_06,public_06_day_20,2,0,2,2,0,0,2.5,100.0,0.0
public_06,public_06_day_23,2,0,2,2,0,0,4.0,100.0,0.0
public_06,public_06_day_24,3,0,3,1,2,0,3.0,100.0,0.0
public_06,public_06_day_25,1,0,1,0,1,0,3.0,100.0,0.0
public_06,public_06_day_27,4,1,3,2,1,0,2.3333333333333335,75.0,25.0
public_06,public_06_day_5,3,0,3,2,1,0,3.6666666666666665,100.0,0.0
public_06,public_06_day_6,2,0,2,1,0,1,6.5,100.0,0.0
public_06,public_06_day_7,2,0,2,0,2,0,5.0,100.0,0.0
public_06,public_06_day_8,7,0,7,5,1,1,4.571428571428571,100.0,0.0
public_06,public_06_day_9,3,0,3,2,1,0,4.0,100.0,0.0
public_07,public_07_day_0,10,0,10,4,5,1,4.6,100.0,0.0
public_07,public_07_day_1,2,0,2,2,0,0,5.5,100.0,0.0
public_07,public_07_day_10,2,0,2,1,1,0,6.0,100.0,0.0
public_07,public_07_day_11,1,0,1,1,0,0,5.0,100.0,0.0
public_07,public_07_day_12,1,0,1,0,1,0,1.0,100.0,0.0
public_07,public_07_day_13,1,0,1,0,1,0,5.0,100.0,0.0
public_07,public_07_day_14,3,0,3,2,0,1,5.666666666666667,100.0,0.0
public_07,public_07_day_15,1,0,1,0,1,0,4.0,100.0,0.0
public_07,public_07_day_16,8,0,8,6,2,0,5.125,100.0,0.0
public_07,public_07_day_17,4,0,4,3,1,0,3.75,100.0,0.0
public_07,public_07_day_18,1,0,1,1,0,0,2.0,100.0,0.0
public_07,public_07_day_19,1,0,1,1,0,0,6.0,100.0,0.0
public_07,public_07_day_2,1,0,1,1,0,0,6.0,100.0,0.0
public_07,public_07_day_20,2,0,2,2,0,0,2.5,100.0,0.0
public_07,public_07_day_21,1,0,1,1,0,0,1.0,100.0,0.0
public_07,public_07_day_22,2,0,2,2,0,0,5.0,100.0,0.0
public_07,public_07_day_24,4,0,4,1,3,0,2.5,100.0,0.0
public_07,public_07_day_25,1,0,1,1,0,0,5.0,100.0,0.0
public_07,public_07_day_27,1,0,1,1,0,0,3.0,100.0,0.0
public_07,public_07_day_28,2,1,1,1,0,0,1.0,50.0,50.0
public_07,public_07_day_4,1,0,1,1,0,0,3.0,100.0,0.0
public_07,public_07_day_6,2,0,2,2,0,0,2.5,100.0,0.0
public_07,public_07_day_8,10,0,10,7,2,1,5.5,100.0,0.0
public_07,public_07_day_9,2,0,2,2,0,0,3.0,100.0,0.0
public_08,public_08_day_0,6,0,6,4,1,1,3.8333333333333335,100.0,0.0
public_08,public_08_day_10,1,0,1,0,1,0,5.0,100.0,0.0
public_08,public_08_day_12,1,0,1,1,0,0,7.0,100.0,0.0
public_08,public_08_day_13,3,0,3,3,0,0,4.666666666666667,100.0,0.0
public_08,public_08_day_14,7,0,7,3,4,0,4.571428571428571,100.0,0.0
public_08,public_08_day_15,1,0,1,0,1,0,3.0,100.0,0.0
public_08,public_08_day_16,8,0,8,4,4,0,4.25,100.0,0.0
public_08,public_08_day_18,2,0,2,0,1,1,6.0,100.0,0.0
public_08,public_08_day_19,1,0,1,1,0,0,3.0,100.0,0.0
public_08,public_08_day_20,1,0,1,1,0,0,6.0,100.0,0.0
public_08,public_08_day_21,1,0,1,1,0,0,6.0,100.0,0.0
public_08,public_08_day_22,1,0,1,1,0,0,6.0,100.0,0.0
public_08,public_08_day_23,1,0,1,1,0,0,2.0,100.0,0.0
public_08,public_08_day_24,5,2,3,2,1,0,4.333333333333333,60.0,40.0
public_08,public_08_day_26,1,0,1,1,0,0,3.0,100.0,0.0
public_08,public_08_day_28,1,0,1,1,0,0,2.0,100.0,0.0
public_08,public_08_day_5,2,0,2,0,0,2,7.0,100.0,0.0
public_08,public_08_day_6,2,0,2,1,1,0,1.0,100.0,0.0
public_08,public_08_day_8,7,0,7,4,3,0,2.7142857142857144,100.0,0.0
public_08,public_08_day_9,1,0,1,1,0,0,2.0,100.0,0.0
public_09,public_09_day_0,8,0,8,2,5,1,4.75,100.0,0.0
public_09,public_09_day_1,1,0,1,1,0,0,4.0,100.0,0.0
public_09,public_09_day_10,2,0,2,2,0,0,4.0,100.0,0.0
public_09,public_09_day_12,2,0,2,1,1,0,3.5,100.0,0.0
public_09,public_09_day_13,2,0,2,0,2,0,3.5,100.0,0.0
public_09,public_09_day_15,1,0,1,1,0,0,6.0,100.0,0.0
public_09,public_09_day_16,6,0,6,4,2,0,4.0,100.0,0.0
public_09,public_09_day_17,2,0,2,1,0,1,5.5,100.0,0.0
public_09,public_09_day_19,1,0,1,1,0,0,2.0,100.0,0.0
public_09,public_09_day_2,2,0,2,1,0,1,4.5,100.0,0.0
public_09,public_09_day_20,3,0,3,2,1,0,4.333333333333333,100.0,0.0
public_09,public_09_day_21,1,0,1,1,0,0,3.0,100.0,0.0
public_09,public_09_day_22,1,0,1,1,0,0,7.0,100.0,0.0
public_09,public_09_day_24,3,0,3,1,2,0,4.666666666666667,100.0,0.0
public_09,public_09_day_27,2,2,0,0,0,0,,0.0,100.0
public_09,public_09_day_28,2,1,1,1,0,0,2.0,50.0,50.0
public_09,public_09_day_29,1,0,1,1,0,0,1.0,100.0,0.0
public_09,public_09_day_4,1,0,1,0,1,0,2.0,100.0,0.0
public_09,public_09_day_5,1,0,1,0,1,0,7.0,100.0,0.0
public_09,public_09_day_7,2,0,2,0,2,0,1.0,100.0,0.0
public_09,public_09_day_8,8,0,8,3,5,0,4.375,100.0,0.0
public_09,public_09_day_9,3,0,3,1,2,0,5.0,100.0,0.0
public_10,public_10_day_0,9,0,9,3,5,1,4.555555555555555,100.0,0.0
public_10,public_10_day_10,2,0,2,1,0,1,6.0,100.0,0.0
public_10,public_10_day_11,2,0,2,0,2,0,5.0,100.0,0.0
public_10,public_10_day_12,2,0,2,2,0,0,3.0,100.0,0.0
public_10,public_10_day_13,1,0,1,0,0,1,7.0,100.0,0.0
public_10,public_10_day_15,1,0,1,0,1,0,1.0,100.0,0.0
public_10,public_10_day_16,5,0,5,1,2,2,4.2,100.0,0.0
public_10,public_10_day_17,3,0,3,2,1,0,4.666666666666667,100.0,0.0
public_10,public_10_day_18,2,0,2,1,1,0,3.0,100.0,0.0
public_10,public_10_day_19,3,0,3,0,3,0,2.3333333333333335,100.0,0.0
public_10,public_10_day_2,2,0,2,2,0,0,4.0,100.0,0.0
public_10,public_10_day_20,3,0,3,1,1,1,5.333333333333333,100.0,0.0
public_10,public_10_day_21,1,0,1,0,1,0,3.0,100.0,0.0
public_10,public_10_day_23,1,0,1,1,0,0,2.0,100.0,0.0
public_10,public_10_day_24,4,0,4,3,1,0,4.0,100.0,0.0
public_10,public_10_day_25,3,1,2,2,0,0,3.0,66.67,33.33
public_10,public_10_day_26,1,0,1,0,1,0,1.0,100.0,0.0
public_10,public_10_day_27,3,2,1,0,1,0,2.0,33.33,66.67
public_10,public_10_day_28,3,0,3,2,1,0,1.6666666666666667,100.0,0.0
public_10,public_10_day_29,1,1,0,0,0,0,,0.0,100.0
public_10,public_10_day_3,2,0,2,2,0,0,6.5,100.0,0.0
public_10,public_10_day_4,2,0,2,0,2,0,3.5,100.0,0.0
public_10,public_10_day_5,1,0,1,0,1,0,1.0,100.0,0.0
public_10,public_10_day_6,1,0,1,1,0,0,6.0,100.0,0.0
public_10,public_10_day_7,1,0,1,1,0,0,6.0,100.0,0.0
public_10,public_10_day_8,4,0,4,2,1,1,4.75,100.0,0.0
public_10,public_10_day_9,2,0,2,1,0,1,6.5,100.0,0.0
