source_dataset,member_id,total_introductions,waiting_introductions,resolved_introductions,currently_waiting
public_01,syn_69f65ca7fbcaa6bd4af36a54d5392e15,2,0,2,0
public_01,syn_382d179a81216a999064306113e8d5ce,3,0,3,0
public_01,syn_8b5f2158d456b7290f94410e2e1ea019,1,0,1,0
public_01,syn_cfd27ca6495326d0508ba804ba64f5ca,1,0,1,0
public_01,syn_97c9450dbb229dd5ed181a5065471e8c,2,0,2,0
public_01,syn_4bae37c3b69c792c35e1731394f0f149,2,0,2,0
public_01,syn_6cc64e64e56700dd377616f3e4e856ed,3,0,3,0
public_01,syn_325f28583186d8a6c4075a559cc6b7fb,2,0,2,0
public_01,syn_c430220c3b380c7f5245206579ef8b20,3,0,3,0
public_01,syn_3069ccc1a6f38d323719e2cbc6f59227,3,0,3,0
public_01,syn_cb5ccb4d0ef4b2baee21637f3c7c12bb,2,0,2,0
public_01,syn_6017efd3cd8e375efdd4db43ec2dc45b,1,0,1,0
public_01,syn_2c58ea5d2ea2e4555f06d987546aaf99,2,0,2,0
public_01,syn_1590c7c7e61f068af7c1b8fe352500bc,3,0,3,0
public_01,syn_8ce7b7a126e840e21f92c19cbec28b18,1,0,1,0
public_01,syn_95978ca6beef92cdc4b127a48f00725c,1,0,1,0
public_01,syn_dac6ff4452913f2419cdedcc570879e7,2,0,2,0
public_01,syn_da0425280e817cf099af8abcdd9116bf,3,0,3,0
public_01,syn_6cfb88f980ceab7343e2bdd152490fdd,4,0,4,0
public_01,syn_e79da0d36035d273f913520318d5706f,2,0,2,0
public_01,syn_bdf9fe7bc35e403f389e503e92728035,1,0,1,0
public_01,syn_6774330328f6d2ac379ccb6fa733c323,1,0,1,0
public_01,syn_49e3e49b02ef389261d13172be7c8611,1,0,1,0
public_01,syn_e3e31d95321cfce40ef6448a8dd3461e,1,0,1,0
public_01,syn_2cb5d144832cd66b91adb378e774cb37,1,0,1,0
public_01,syn_55f5be77b53c2ba09e4b6e525c1db2e4,2,0,2,0
public_01,syn_aad7734833bf13651bfa0ea1773077e3,1,0,1,0
public_01,syn_bd58a8686e319b00ca603fc2518d8660,2,0,2,0
public_01,syn_fb32b8618bad355de272dc79ff6569b7,1,0,1,0
public_01,syn_b4622763ed1476794c24ad8f6e66b7a6,1,0,1,0
public_01,syn_c8173f9ff896f70b35273e7528e0a64f,3,0,3,0
public_01,syn_ff08099ce3f31cccc83bab0bdfe3f334,4,0,4,0
public_01,syn_5a2a81135dd5330ac19618741db86306,1,0,1,0
public_01,syn_f10a21c702c75eb4b59db90ff12c282f,1,0,1,0
public_01,syn_0b5739186226003ae4ee382252b03e24,1,0,1,0
public_01,syn_51c3093687ec35fc141741284be4579c,2,0,2,0
public_01,syn_15c58533d97d59cd8fa8f6889005853b,3,0,3,0
public_01,syn_f2c9c85da65191c936890b9a52ca3841,1,0,1,0
public_01,syn_f147f878931a307b02955c4cc72badc4,1,0,1,0
public_01,syn_017980b80fe495ad006acf9b65a6fcc3,2,0,2,0
public_01,syn_9932dfb7889c4acac1c6b78ec2b3fbe2,2,0,2,0
public_01,syn_6214069ad878006480ec8a15e3ea4d73,3,0,3,0
public_01,syn_3e94cf4755a04dc34451e7870d909bfb,2,0,2,0
public_01,syn_4604a63804f7f7a1e9080fbb4433cece,3,0,3,0
public_01,syn_6f243cc46db344937a9a55d12b2ee6ba,3,0,3,0
public_01,syn_34c9159d0d07971f677bbb253b5bbcf0,1,0,1,0
public_01,syn_3c8584c1f25243303edf1fcc0a7848b8,3,0,3,0
public_01,syn_c6c9ae5038330a59cbdfa233e5fdeca4,2,0,2,0
public_01,syn_a9c181161ee8f96a7dda3ab35860d64a,1,0,1,0
public_01,syn_41c413cc05ebffa5a48edf51e8b5f41c,2,0,2,0
public_01,syn_ce55981e45ac6f27b30673e97f790453,3,0,3,0
public_01,syn_73bade12cb37db49977a98fa82bc3625,2,0,2,0
public_01,syn_d3927dfb4ba1444e5c3b6e48d99aac7c,2,0,2,0
public_01,syn_848942b9908ff818fa6fb497f438e33b,1,0,1,0
public_01,syn_3b757727e68e22909b699b106b31fe72,1,0,1,0
public_01,syn_8844134060c74553e4679322c94b6946,1,0,1,0
public_01,syn_ee6abfe4319122c923a1a5aad57e66d6,2,0,2,0
public_01,syn_237461d129e6228988f17c3d6b7d82b5,1,0,1,0
public_01,syn_2ace6829562f1903e1273758af37a3b0,1,0,1,0
public_01,syn_1e8bad18a1c14d863cef63a9970d8344,2,0,2,0
public_01,syn_337d765b9764b8a2ee932deabdac71bc,2,0,2,0
public_02,syn_a6e1e3157ea05a77655d69145cb9340c,1,0,1,0
public_02,syn_86a700b706a3f9d202eeee624e20ac53,2,0,2,0
public_02,syn_9e3068d8d35b9eefda160e3de29ef47f,3,0,3,0
public_02,syn_c85c5f4b0c079ca8e30677ea1c7ee178,2,0,2,0
public_02,syn_8b9b5342414de47f8d837246597bdc40,1,0,1,0
public_02,syn_8efbdba2e69c3948ce821a428e72ec36,2,0,2,0
public_02,syn_6b287023da72ef6cb9c29b0f5643870d,1,0,1,0
public_02,syn_4ab039bc016a7f9170528808204c430f,3,0,3,0
public_02,syn_0645957284c487c64ad77f70f4198680,1,0,1,0
public_02,syn_469fe83e4a99f3d77981a1c1f7ea5386,2,0,2,0
public_02,syn_3a86f4a1b6a07735508a880e428bee60,3,1,2,1
public_02,syn_df2351b216e9b989fdcdb980be123864,1,0,1,0
public_02,syn_e77fb3ea136541875ef0d0ed5153426c,3,0,3,0
public_02,syn_9780271663b2599273144f180e877968,1,0,1,0
public_02,syn_28ae0f5a99431e9f34ff74eff6472675,2,0,2,0
public_02,syn_ec903125e9aaa8d948d4e78ea201cb07,2,0,2,0
public_02,syn_5901d252ec94242330ca03c8dfdc084c,2,0,2,0
public_02,syn_ad946c4e2d51c4381a00d6a3a07c8f5c,3,0,3,0
public_02,syn_32297fb064c264489c9e4039876f24ba,2,0,2,0
public_02,syn_e6cc7ae09a87200ef93018c566b517f2,1,0,1,0
public_02,syn_a68f501e9c1069329ec78eaead07c015,1,0,1,0
public_02,syn_8a5ab5e24cf1da571d7fc224290b5d55,2,0,2,0
public_02,syn_88a2837332f6912a8c262589243c20e2,1,0,1,0
public_02,syn_a2f02a2600f647a9e2042b830b841fad,3,0,3,0
public_02,syn_4b57337d2f0c61d365d36a51553229ee,3,0,3,0
public_02,syn_c58e8eb0c882695da0ed7627b3275fe8,2,0,2,0
public_02,syn_9330dd62ae5cb5c88131d62847ed361f,3,0,3,0
public_02,syn_9598431518aa2a2f2e66ed889c7368f4,1,0,1,0
public_02,syn_df55510630c387a8332959160eec8e4b,4,0,4,0
public_02,syn_dd56e893d452e71919601782ed0489cc,1,0,1,0
public_02,syn_df1fff6e0e3735985e36ea3e3c6864fe,2,1,1,1
public_02,syn_964b47ce9e65d08b24ac9115da831a47,1,0,1,0
public_02,syn_02599d522c48ce7f9d47ca93ce0e969b,2,0,2,0
public_02,syn_7cc830bf46268a150ea841a6aeac8371,4,1,3,1
public_02,syn_7db0447bd7972126f3c340691a555852,1,0,1,0
public_02,syn_74655d9a89e1bc132109f53eefcfff70,1,0,1,0
public_02,syn_f57a076753e50d87788a9f182f1fb641,1,0,1,0
public_02,syn_912d6fbf5229053275eb8ba2e10fc211,2,0,2,0
public_02,syn_3ebeda0df1a2553d085d9f96dac06445,1,0,1,0
public_02,syn_fe315b98117e4d81e77e76cdab5582b5,1,0,1,0
public_02,syn_d1d40e5694a83bf50c52e9b5a1c72bcf,1,0,1,0
public_02,syn_b4409bb8867ef48b4cd95b298a3702ee,1,0,1,0
public_02,syn_13516bb80dd39f3ce4ef943eca9d421e,1,0,1,0
public_02,syn_f7b44afc75607f2f2733766a3e903373,2,0,2,0
public_02,syn_d16420689fdde7c0d35d130797ca9e5f,2,0,2,0
public_02,syn_123815248e2a76967ece217db6a1c911,2,0,2,0
public_02,syn_1ff70ea44da32881e17a2dfea1ff3ca3,1,1,0,1
public_02,syn_6edbeb8274e40517866227d17ad53adf,1,0,1,0
public_02,syn_a739d0a9c49e0d3691316cb05117c32c,2,0,2,0
public_02,syn_9a6819069e54f8e26098a5a7064afa51,1,0,1,0
public_02,syn_b648b44d01cd5170c0828409a2384c3a,1,0,1,0
public_02,syn_c317705f90a517571b63aec42fee59d2,3,0,3,0
public_02,syn_5fe81c19774479c8dabc6a4cfda80478,1,0,1,0
public_02,syn_2056609e060881f2404b3e6d30d72b1b,1,0,1,0
public_02,syn_f08a7eab3954c329d97b8ca6d495c410,1,0,1,0
public_02,syn_ac51d3efb980280e5357ef62f0295996,1,0,1,0
public_02,syn_404a8f65134058ae9943744c7f54d33f,2,0,2,0
public_02,syn_1653cc8b5bd51e5da9b32ad68410ff2a,2,1,1,1
public_02,syn_576b0b21e0dbd7a6bfdf295c4ff7fad8,4,1,3,1
public_02,syn_6842f6631c6d8aa01c669d8772ab7814,2,0,2,0
public_02,syn_4387e89fdb0f8be8ba5e37551b474d67,1,0,1,0
public_02,syn_c47b1ab16d66c1d488e705e8255ebb01,1,0,1,0
public_02,syn_514d26a6c970dbaed9dfb5971b92fd98,3,0,3,0
public_02,syn_85bf11e712d179c418ccdfa063ffd5d7,2,0,2,0
public_03,syn_627291d2d2016660f5252586e2e4de14,3,0,3,0
public_03,syn_7544cf0fc4755e291401840e2f8816a4,1,0,1,0
public_03,syn_7b785ad8eb8c6e85f30cfd47cd6adaf1,1,0,1,0
public_03,syn_2794bcdcd701de82acd3e3ffcf71b3e8,1,0,1,0
public_03,syn_0dcddd397cc41379aed85d08113dccc2,1,0,1,0
public_03,syn_8f39a65287b445d3ccf69246a7619568,4,0,4,0
public_03,syn_bb91bac36dd3672742736360616c151d,1,0,1,0
public_03,syn_e716080fca8c7e4108e2bfd2673c623f,1,0,1,0
public_03,syn_7152ee7f2ce7db4b951d0a90817d6087,3,1,2,1
public_03,syn_3fd966eba61dc3463d3f6fcab27f1842,2,0,2,0
public_03,syn_98c61d9099311b007ad24c187f3df689,1,0,1,0
public_03,syn_d3fa2f57e04f74262945a45190d6209a,1,0,1,0
public_03,syn_74c3cf4067a36e0751799c4d031b3b78,1,0,1,0
public_03,syn_86283b14f5fafd238ae7d3a164ccab16,2,0,2,0
public_03,syn_b7f3ce4fbc9704d8bcfee59cfe0b92c8,3,0,3,0
public_03,syn_e5d18942277d59e159571a60417084dd,2,0,2,0
public_03,syn_142667e30eb084da04350e5d347e3b28,3,0,3,0
public_03,syn_e4817a691db5cd5fed599dbc64460e0f,2,0,2,0
public_03,syn_026ffe3c500b39c39ec7c2eed36e36e3,1,0,1,0
public_03,syn_e76bd7cf5e613585e449a6c13e24eb84,2,0,2,0
public_03,syn_b6fbb8ff4cd880418e162d8d627e308b,2,0,2,0
public_03,syn_03991bbe99548e8a5bda3e8f8f067c7b,1,0,1,0
public_03,syn_e9151c2187b3905df9c912f16d8c0624,3,0,3,0
public_03,syn_27acdff62392ec6c2f7235dc7280b1de,2,0,2,0
public_03,syn_99e8989458acdcc36e405dc78a4f83d9,4,1,3,1
public_03,syn_55412a44789880504f25ddaf9b09ae5d,1,0,1,0
public_03,syn_fd6cf87ce4b851c5e41c04c149e54ed0,1,0,1,0
public_03,syn_28b646d4755faddc39a51bd9fdcb41b5,1,0,1,0
public_03,syn_407f3f4c2592820b9dae3d1a95298f39,3,0,3,0
public_03,syn_19ffe86a38a726abfc6bee1422d2f5d6,1,0,1,0
public_03,syn_15094d95bee0f3794505e615ef38f757,3,0,3,0
public_03,syn_56c14f157d1f6d183dfe7a0ed5f62c18,2,0,2,0
public_03,syn_daaf3d37d8981bbac7062269b5baad10,2,0,2,0
public_03,syn_e6d67192c35395af70347c1dc1630fc7,2,0,2,0
public_03,syn_7e8db0ab9c3b81d99491dd62617fabfd,1,0,1,0
public_03,syn_ce508c8cf69e43f35685c787060b3f7e,1,0,1,0
public_03,syn_3f469b782bd7f0895490b4ef79828abd,1,0,1,0
public_03,syn_f5b6b86443fb5d40247f340e60afbac3,2,1,1,1
public_03,syn_e88e595ca7d3d829c88b8dfd1f418740,2,0,2,0
public_03,syn_3d8576cd1d963097c3fe9bc506a7f764,3,0,3,0
public_03,syn_f0ac5b307a3422f700d73938aa017c30,2,0,2,0
public_03,syn_741f26efda3029eb4635b6c48a55409b,1,0,1,0
public_03,syn_a95813bf865c1a3f3b025533d8954ddc,1,0,1,0
public_03,syn_97301bd229d9800eb8563ec33bc292c0,2,0,2,0
public_03,syn_ca8ec182051432927289a3155c8c0876,2,0,2,0
public_03,syn_f8f2a559252b3698a0edb501cd7ae110,4,1,3,1
public_03,syn_10f821e0220f9802ab3ba7d7eb630f61,1,0,1,0
public_03,syn_bdbe75f3389eeea2facac1daf3b8f54f,1,0,1,0
public_03,syn_185239edefd298df77c057d55930fe3f,3,0,3,0
public_03,syn_cb05894fe8461694a85bee0a8d796961,1,0,1,0
public_03,syn_09aef24c177ecc157fc1d4e3d3740f55,2,0,2,0
public_03,syn_42b084e5fa9fc14679c0e6de303893f2,1,0,1,0
public_03,syn_5e808b316d8d05c1f7916cd1a27849ea,1,0,1,0
public_03,syn_a705c593e6e69e8c4a02d9d99ba7d9f7,1,0,1,0
public_03,syn_d1e9ca7f6e5beff1f3d5148215458a96,1,0,1,0
public_03,syn_50a5aff380654b298ad52aa8340b21ae,1,0,1,0
public_03,syn_f0b3737a63de7597108e36583367bbb7,3,0,3,0
public_03,syn_7890ec61d2453731c2bed8b2c3789683,1,0,1,0
public_03,syn_c660a0f85f5d3d333ed60c3392f7d636,1,0,1,0
public_03,syn_31667db2fdb3a644ceaa3debec01d16a,1,0,1,0
public_03,syn_ab856031478d06b490854365aa25908b,2,0,2,0
public_03,syn_6c6dd8ba55bed36a3133c316f1955dea,1,0,1,0
public_03,syn_eded8c2e3b856be5f61d4a96e97501e6,2,0,2,0
public_03,syn_1386702035718f2adc1df53d409beb16,2,0,2,0
public_04,syn_7f89b5b821b4f241a9863e858b87982d,2,0,2,0
public_04,syn_1f125e068adfe453e6d646b417a74160,3,0,3,0
public_04,syn_507d19d91c5d6c09cdd0d1fef4b95f62,1,0,1,0
public_04,syn_26e7743051a10c35ca448232f7764c4a,3,0,3,0
public_04,syn_8934e986f20fa72046c53b387930debc,2,0,2,0
public_04,syn_97451abfdecc902a5de05bc02876603f,1,0,1,0
public_04,syn_1adcbb975557fc57fffb9471a6ee47b1,1,0,1,0
public_04,syn_524308ae64342137a0712e7da1ca7533,2,1,1,1
public_04,syn_d744f1c529f904c1246ab63e0e41b857,1,0,1,0
public_04,syn_2c9bc92b3661a67a689cdd9292b72dd8,1,0,1,0
public_04,syn_215e3b0145dd93a06ffef8ea4c228704,1,0,1,0
public_04,syn_a3c439ac1b7fa162936aba04989c8567,1,0,1,0
public_04,syn_7ba96d0f0cba9592b4b83299379b202c,2,1,1,1
public_04,syn_ec05382d80bba6e4273caefd8c1c6f6d,2,0,2,0
public_04,syn_114cfdbc3bf09d6b2f5a94c7afec0e45,1,0,1,0
public_04,syn_fc5ac0142c9d3d0ee6ec9e0c8dcfa904,1,0,1,0
public_04,syn_685afb58756b09bce56c0f7d31be8487,1,0,1,0
public_04,syn_9fa059cb5e8a6e1ef14992cca7932e8d,1,0,1,0
public_04,syn_bb1b8ff042e188373e72d8ebe921af5c,1,0,1,0
public_04,syn_7d1a0a5b692c6e203d9d44d074ee1415,1,0,1,0
public_04,syn_55077ea8f13df41e285207fc665ea6af,2,0,2,0
public_04,syn_321a39fae8f0dba4e3edbab774b58d93,1,0,1,0
public_04,syn_bd73b3c0ed911bba8f82e95365300148,2,0,2,0
public_04,syn_8e775b78f392e0dd2b977c464d293069,1,0,1,0
public_04,syn_6c213fc24a6197f288499b5245666c3a,2,0,2,0
public_04,syn_2cc1b7faf23b94d37ea32fc268130f4d,1,0,1,0
public_04,syn_c83ea6d69287771a7423f5440eb8cb8c,1,0,1,0
public_04,syn_638e3707b3fd032bbac98862c7b487d7,1,0,1,0
public_04,syn_03eaad8b6bf2574c57e40c280d593f64,1,0,1,0
public_04,syn_2ca17e374c5c610d6ebd340ad8aacd7f,3,0,3,0
public_04,syn_fbe1b83833b2641f4b119c9986cd4b5b,3,1,2,1
public_04,syn_24e084798f238a279f16794b68afbddf,3,0,3,0
public_04,syn_18e71c29fea4faa2e9521f85243b9f95,4,0,4,0
public_04,syn_4f14c897aa979fb06e0af2950b90a9ac,3,1,2,1
public_04,syn_730febe55e4f2d8c3c2e7d2eb7f1c334,1,0,1,0
public_04,syn_89ffea423f1a280a457958942f6b8ab8,1,0,1,0
public_04,syn_1890fa287cb47cb3c40bfc072dea2831,3,0,3,0
public_04,syn_a7fc11fd0ef3e4f98b7abe8f05ba6707,2,0,2,0
public_04,syn_731849480b4c01c377ca6e6902519aba,2,1,1,1
public_04,syn_849e022f628b4bab94ec91859a2eb260,2,0,2,0
public_04,syn_10d7008e077ff1a1dcb0109f8e94820d,1,0,1,0
public_04,syn_d1b5f8ee73715bd439ffdd81ad2039c1,3,0,3,0
public_04,syn_7d448552e3c6ed9ebe17c4fdc0aeb319,3,0,3,0
public_04,syn_0d7df4f4bfbfc139b102f0fa6c28d929,1,0,1,0
public_04,syn_073555cc4699627ce699abc314b5b131,1,0,1,0
public_04,syn_1bcfca3217b37178274c5f4eb4a84d0c,1,0,1,0
public_04,syn_e453a9753947b8de3c0e1a316bed97e0,2,1,1,1
public_04,syn_b49c4d80007ff81c1cbb9e2e1dc82bf9,3,0,3,0
public_04,syn_397e6f808de609ed6233f67bfbbf5073,3,0,3,0
public_04,syn_fc4aafa8e1d8f4e7236cd571da9c7b5d,1,0,1,0
public_04,syn_83577c49b97c67fc62385886ccbc3d84,1,0,1,0
public_04,syn_c03868d63853ea1bff35bc0992f6de98,1,0,1,0
public_04,syn_3d9c8af991bc51ab54c7c0880f2bec7d,2,0,2,0
public_04,syn_938b2288b51fb2c969f0471cd76902b4,1,0,1,0
public_04,syn_6ece6990d6dc3284551a3c815b7b790c,3,1,2,1
public_04,syn_36db1f5d2e83246f218ddc986f80693c,1,0,1,0
public_04,syn_c5eaf70283619d3e612460ed0559915a,1,0,1,0
public_04,syn_e7a68b664447aa1b9a47d321c285d374,3,0,3,0
public_04,syn_d55e7be8bc8def7a7ba01987a41edd23,1,0,1,0
public_04,syn_eb8696fb693b13718b8d552d3dee6513,2,0,2,0
public_04,syn_93ef35bd033e0f6f8d9a1712f26b9d09,1,0,1,0
public_04,syn_5fde49d24837cd3528d28b491b0dfee0,2,0,2,0
public_04,syn_bff6e65ce330f895a52d97b4e1ce0127,1,0,1,0
public_04,syn_38dbdc9717d6e36a819261a8eae3e39a,2,0,2,0
public_04,syn_a4279277750c71af05633514f4cfd51b,4,1,3,1
public_04,syn_b7e8304a5ec73d58a2bceee63ad36fa9,3,0,3,0
public_04,syn_0d4aeb780385fa80ff0427c0fdd07221,2,1,1,1
public_04,syn_0de2036f2832ef6e77c6772ec1537bb9,1,0,1,0
public_04,syn_74c35467d7d42e945b810aed798b15fd,3,0,3,0
public_04,syn_1b6880c76aa4fac265ac5fd1a789e195,2,1,1,1
public_05,syn_f8eb160de9f82987145dcf9bd6c14111,1,0,1,0
public_05,syn_9b1639c7077b8d46da5a9cfd4b905450,1,0,1,0
public_05,syn_a6346867188be48c086974c8aa3d5967,2,0,2,0
public_05,syn_d28061e75589e2ff0d7526ffe3542260,1,0,1,0
public_05,syn_3ff803cc4309f41eb7e9181d17112507,2,0,2,0
public_05,syn_04e14bb2ba3ef2f338b787a065feb029,2,0,2,0
public_05,syn_ea8329bfa41c9122f997b0665abb1eef,1,0,1,0
public_05,syn_0c8744e4024204f6c04a07e714258d47,2,0,2,0
public_05,syn_f6dd627d1108f9a47392d79f0b9097f5,1,0,1,0
public_05,syn_ed73a5ffcde32d3d29c33a9428f04344,2,0,2,0
public_05,syn_bcb4cd3462c6c653b18dbb6457218610,1,0,1,0
public_05,syn_12cb9eb179cd7526b1a1c5665fbc3d49,2,0,2,0
public_05,syn_5d3f0c4b3e05fa6c29ebd7bf84f2c597,1,0,1,0
public_05,syn_b30ea3f02d38b8923b5460bfef0e7833,2,0,2,0
public_05,syn_0cc07e96f676a5d559cbc5e653e33702,1,0,1,0
public_05,syn_ecf32b641332b65d333f47c3978a17c0,2,0,2,0
public_05,syn_3874834f8c41d2239a31fdac33f50e4a,1,0,1,0
public_05,syn_3788539c7c8062cd932e2b427024d8ea,1,0,1,0
public_05,syn_0766aba8ddd61a47df3dbb63375de874,1,0,1,0
public_05,syn_0cf9e38720b54f715da4f4930ee5b602,2,0,2,0
public_05,syn_d3e2d8f77d4d02c0acbb83cb17567a95,1,0,1,0
public_05,syn_4a30986e184de09da4d488e6dc42ec50,1,0,1,0
public_05,syn_59ff3e1be8b80799f03c9a0adcc9a8f7,2,1,1,1
public_05,syn_ae494b453b2b66f7bbd82e220000b1f3,2,0,2,0
public_05,syn_8764c010aa61f8a9ccfb46ff1fa0b580,2,0,2,0
public_05,syn_4e4f8a89ffdf53a7a00e056676176947,2,0,2,0
public_05,syn_3629e30d62cfc4882e782ef72b076973,2,0,2,0
public_05,syn_ac039c8f01ab45ccabebd9c693b3f163,2,0,2,0
public_05,syn_a624629294f6a7e9435457352ce33a91,1,0,1,0
public_05,syn_db312ab6c0a68a9e3f8205fb47155607,1,0,1,0
public_05,syn_d737c28d6653eeba0c3592b0f7d771b6,2,0,2,0
public_05,syn_1c596186018460f2fdedf8f2afc0f2d6,3,0,3,0
public_05,syn_ddb510ae9fbcb6b7cc548470aa17e546,1,0,1,0
public_05,syn_23170a23564440a1d4402bade96fbeaa,1,0,1,0
public_05,syn_57075763fca69b7e34ab38ec4ef39c2c,2,0,2,0
public_05,syn_578b39a83f01b0166432cb202fd75c89,1,0,1,0
public_05,syn_5bebeccf17480908bbd31f4c4aac6692,1,0,1,0
public_05,syn_20015b9f913e9730ed42ef967dc1d64e,1,0,1,0
public_05,syn_5c803391b28b1117467777a0829a576d,3,0,3,0
public_05,syn_6c730c5a5781af7f9e2b80ea146f1771,1,0,1,0
public_05,syn_e6b57e07ceafd25bccb206402eb52056,1,0,1,0
public_05,syn_332eee9515e9c92bd04cc01bbf6c5aaf,1,0,1,0
public_05,syn_c5c234be2d2b17c85df8a1f1080fca59,1,1,0,1
public_05,syn_4687a28a79af9d8525305f458b2ec26d,2,0,2,0
public_05,syn_b6369e410635234f5beb89e67f56ad47,2,0,2,0
public_05,syn_e00e10705d734ac68710874d558dc113,3,0,3,0
public_05,syn_955a8bdca2d80121eeda9df1c5b47f0d,3,0,3,0
public_05,syn_18f7e35ae85cc3edebfa8a1d77eaddab,2,0,2,0
public_05,syn_eada6f0a34c5cf0b2f06296178a0c151,1,0,1,0
public_05,syn_6efe7a1f547d3314395b95ea2c5640e8,2,0,2,0
public_05,syn_43670244b5bb911d05e910c4e030edcf,2,0,2,0
public_05,syn_5a74933cfb6de83899d29a50df196891,1,0,1,0
public_05,syn_d14e8e3bc349a408cacb453a7abffef8,3,0,3,0
public_05,syn_4f070b9e8e1937e0c4f475679f709212,2,0,2,0
public_05,syn_3dffb55ed3520520027fdc4a915ed11f,3,0,3,0
public_05,syn_221878d393f071a58d95cb551a7526b0,1,0,1,0
public_05,syn_4da096510159e7ed67bcea8df1fd9276,2,0,2,0
public_05,syn_ccf2ffc5c3c46880ac055917f6db70d1,2,0,2,0
public_05,syn_a799c85755c403dbcb0fff1d232470ba,1,0,1,0
public_05,syn_590a56783612729510c25839298559af,2,0,2,0
public_05,syn_0e10d543d7c883b4d5fe21bb13c7d538,2,0,2,0
public_05,syn_f52d998f7b3adeed3355e5e1ddd5221d,4,0,4,0
public_05,syn_6dfa6319d5843197875fd20f90b4f507,3,0,3,0
public_05,syn_491d2caa03074de80577fcadbbb7619c,1,0,1,0
public_05,syn_5863c08fc3f248b07a841a4d6511e6fc,1,0,1,0
public_05,syn_1ab52096a2599eef55733d91101816d8,1,0,1,0
public_05,syn_e4fef32cad521b8353e4ea2998891934,1,0,1,0
public_05,syn_67b0f6eb14762eb08d8efed7fa00de7a,3,0,3,0
public_05,syn_7744f96c17d970a135531692e7b1a8ce,1,0,1,0
public_05,syn_9783d190677a0c555c717c760d1c92c7,2,0,2,0
public_05,syn_dc0858337c792155030cc8fbec54eec3,1,0,1,0
public_05,syn_5e078aca27ddafc9705fd96e65a05670,1,0,1,0
public_05,syn_6386031efeb54abdfa96637beb180642,4,1,3,1
public_05,syn_7e4f49ce22a2dc79ca61ba0bc89f0f82,1,0,1,0
public_05,syn_36b3b69ccaea82d40d69f92264d42798,1,0,1,0
public_05,syn_daae70040111edbb049035d2a01a3d36,3,0,3,0
public_05,syn_d1ce45f75d93596c81ae980e72fec48f,3,1,2,1
public_05,syn_d01ad0eb624507f7e0acfcf4b966fd87,2,0,2,0
public_05,syn_9fb3c613a617b17a29a795544a56781a,2,0,2,0
public_05,syn_da2080dae924856e3489933dbd919f65,1,0,1,0
public_05,syn_32431bcfe5fcb7cce07e8b444d497c9c,1,0,1,0
public_05,syn_ddffc7d6a417e25916ed2eab0982b3c8,1,0,1,0
public_05,syn_21b698c1e3f90d1bd65d6ad2d9ef441f,1,0,1,0
public_05,syn_7eee6a7a0275f890ef8c6385bb0ca86e,3,0,3,0
public_05,syn_bb7b6073c8216ea13025eadbfeb27f2c,2,0,2,0
public_05,syn_18f948424eec53d257c5c8d8112eb9d1,1,0,1,0
public_05,syn_787ad7acef13f3b493a020f929c70389,2,0,2,0
public_05,syn_9b67b3d6b3dda13686dfab9594a9106a,3,0,3,0
public_05,syn_afdaa75baf08ca510d1c9d73a1ee0983,1,0,1,0
public_05,syn_e7313d20148b0ae24b283f75f679a9eb,2,0,2,0
public_05,syn_a242f7d8327c808790c0d4811d284b0f,1,0,1,0
public_05,syn_2455179885e7a5cdd0d701736adad366,2,0,2,0
public_05,syn_4a7b247271af5287477fd12588891a87,2,1,1,1
public_05,syn_157edf54df236ac31689f77dc50f5ff1,3,0,3,0
public_05,syn_6b7eb0df5039395a52a881574eeade11,2,1,1,1
public_05,syn_75273d30606bde7fe1c8835426415983,1,0,1,0
public_05,syn_8f15f01517ad9b1f664750c54ede74a8,1,0,1,0
public_05,syn_2f057a3c05913d701d608a8b13727219,2,0,2,0
public_05,syn_d972a517765f7d71a85724b9e4c75331,3,0,3,0
public_06,syn_91fee2996fe98a0b86f8b85b36a34e85,2,0,2,0
public_06,syn_0f2d06f448ad910379796f3c5f5c1ab1,1,0,1,0
public_06,syn_1d5e1fe33d76777b3a045c00acccf060,3,0,3,0
public_06,syn_b7564d8895a2382fab350d729b182468,1,0,1,0
public_06,syn_8270b671dbaed1029b33ebfe15aff488,1,0,1,0
public_06,syn_1adde579a5eeb204b7478755fdb6e1c0,1,0,1,0
public_06,syn_fc49e2548689a82c39f848f66826b375,2,0,2,0
public_06,syn_f5f64a7cff02dde0d10de1e8e2b33e10,3,0,3,0
public_06,syn_87ccec576e24982e7388c6468f3708aa,1,0,1,0
public_06,syn_9d73fd68d0f77941e6ecc9252178ab33,2,0,2,0
public_06,syn_f20e223709cb90042dab9f18fbeaba8c,1,0,1,0
public_06,syn_0c76ae3c872b370a16ecfc9e4dc86d93,2,0,2,0
public_06,syn_3e8ac8e9fbb491d5513434fbd4fc7cd6,4,0,4,0
public_06,syn_3775a78ebae5a31c01d0f6585035f7f1,1,0,1,0
public_06,syn_753f66768c1fc72197f73090e0d6fc62,2,0,2,0
public_06,syn_bb53360e8a92b39d81a2f640f469f37a,1,0,1,0
public_06,syn_d2a87064e91ea586f74beb6eceef6a8d,1,0,1,0
public_06,syn_e99c783de4288ff04b9bd687eebdf8af,1,0,1,0
public_06,syn_a800c4360c4c83b1f3060ffd5dbcba75,2,0,2,0
public_06,syn_8260455eb59a52afc98cccf5d43808c8,3,0,3,0
public_06,syn_c6fb2e47f7f8c504e206e414bde32c98,2,0,2,0
public_06,syn_9ffbcbd4f54cb0bd93aca0eaa039820f,2,0,2,0
public_06,syn_d4571dc0a23e2466dc16c47c35d3042d,3,0,3,0
public_06,syn_26fa2403826fd6788c85423050b4fe04,1,0,1,0
public_06,syn_6f52253d44737bcfc91f98ad842e5eb7,2,0,2,0
public_06,syn_92862bd13ae097513d6f460cc7171e15,1,0,1,0
public_06,syn_bdd8278c4e59668858d88e52cad54fd7,1,0,1,0
public_06,syn_e37c95550d0dcf21333ba8e02e25ed61,1,0,1,0
public_06,syn_24b1540ae74c6aa20d1b4a7cd8647bd3,1,0,1,0
public_06,syn_845034097d8c47f2757680dbc7cac1f6,1,0,1,0
public_06,syn_81c315c2b616bfcb16f0f431fefa8647,1,0,1,0
public_06,syn_072b504b76074da4be0703379e2ad417,2,0,2,0
public_06,syn_80d0286ab216c0b9b9144ecd996404f1,1,0,1,0
public_06,syn_97adb9e517d4c8a9a951072cfae1b9a0,1,0,1,0
public_06,syn_ded2ab7d044d20d0e958d52fc16172d9,3,0,3,0
public_06,syn_9b4009eb457c80ee7f7241680f4a806e,1,0,1,0
public_06,syn_a5d2278639bc1c355462bcaf347c3ee2,2,0,2,0
public_06,syn_87fac55a1a72663692d6c80082108bb8,1,0,1,0
public_06,syn_80e68238319e11f1b8d38bc3e38deaec,2,0,2,0
public_06,syn_63d2418ae761e5cb5bef73b6ec7e4100,1,0,1,0
public_06,syn_ef3ec5a5d140ddb21b21b1ce436657ae,2,0,2,0
public_06,syn_908173542838b9c862e7f864030c7d1a,2,0,2,0
public_06,syn_c257f1135cd572b8727fa62f2bb54218,1,0,1,0
public_06,syn_da27cb7eb32da3bbe0f1b2b21ba7e103,2,0,2,0
public_06,syn_ba48ab41f9485f0d9c61254e8c08b8c9,1,0,1,0
public_06,syn_14dda87faea12a0a26065bc6b514a40f,1,0,1,0
public_06,syn_261c35150d12dad81532b5a40ac05ebe,1,0,1,0
public_06,syn_407d202743fec69da269d196495be4bb,2,0,2,0
public_06,syn_21088a5c922eaed02358c86ef07c7e65,2,1,1,1
public_06,syn_a03c8db70e7876682961e3c05b37b080,2,1,1,1
public_06,syn_8aeead5be2a94306196aa340241d0ff2,1,0,1,0
public_06,syn_95cb54e6c1f276ab1e52205978064790,1,0,1,0
public_06,syn_fbbb86a63551cd904716048e53130b3f,1,0,1,0
public_06,syn_b94fae7a1446ff7bb5cdefe8368f9f90,4,0,4,0
public_06,syn_aa3d80edea1241f57f76f9cf8c7a6d7a,2,0,2,0
public_06,syn_e5f70d2eddbc8007889a8da96eff718a,1,0,1,0
public_06,syn_acd396aca38889f3b27389b141192961,2,0,2,0
public_06,syn_96cf8dc7a102efb3150a9e083bf747bd,1,0,1,0
public_06,syn_874aa1f7444aedde4616b5afa4bdfe8e,2,0,2,0
public_06,syn_5db70f155651b80b8ba559a2a81faf78,1,0,1,0
public_06,syn_d5e28aca96013fe40140a728f333a66e,1,0,1,0
public_06,syn_4f2dbfa74a0a3735df7052f344c53be6,2,0,2,0
public_06,syn_46251d99bccb19676a533b9e0a93813b,1,0,1,0
public_06,syn_4f9c2cd0705a5d3d6170c9bef6cf3e6b,3,0,3,0
public_06,syn_3f8425ccd19a1308cd50bfe6286cdf0f,4,0,4,0
public_06,syn_d85b1cfe689749e68d827dabe1af349e,2,0,2,0
public_06,syn_c7215520abaedceb3535dfdaf5327bc7,1,0,1,0
public_06,syn_bf01f7e7bb92779ea8360e92cc83031e,2,0,2,0
public_06,syn_d66b96f5bebe822535f9f0241e7c98de,3,0,3,0
public_06,syn_36edeb4cc50c76c4826bdf8313514294,2,0,2,0
public_07,syn_b890454d3ef6bc5190b0e2321497e5da,2,0,2,0
public_07,syn_4989018f8dbabff440ac3ca67e074a02,1,0,1,0
public_07,syn_c5c2bb619143326f31f63696f69ba473,3,0,3,0
public_07,syn_d5ba8f6f67e0a59e3446787c14834d8f,4,0,4,0
public_07,syn_d1fa9c9c5f42899c78d34bd35e36c34c,2,0,2,0
public_07,syn_813e07996549616e235d37a1f6ed4cbd,2,0,2,0
public_07,syn_832e73f63b822a721404d55cb10ab446,1,0,1,0
public_07,syn_8d1e58752ea52f6d144a33359b795309,1,0,1,0
public_07,syn_7c77dc3fed3c9092d49762509caa5fc6,3,0,3,0
public_07,syn_9b4bd1d628f180c12716bd357a84f23c,1,0,1,0
public_07,syn_5b8d7027d0fe03fd6637867233485951,1,0,1,0
public_07,syn_dd947b8ca242c44863cf601fe65d57ed,3,0,3,0
public_07,syn_b8047d1ba862c0dde95804774a9f1228,1,0,1,0
public_07,syn_e712d22fcebac37a97c72a6a2bb621ae,2,0,2,0
public_07,syn_95b4390297b33290d26736f7e4eafb39,3,0,3,0
public_07,syn_1551ea976e4527d2ba7e4c210cdf6658,2,0,2,0
public_07,syn_2c21d1d4aa3246ecf554167d645764b1,1,0,1,0
public_07,syn_bd313c33a2dfe80569df7e081fa7e16c,2,0,2,0
public_07,syn_28d204dbbdf42cee5a3030880cdd1e0c,4,1,3,1
public_07,syn_69f9950eab46dd7b3436e3a03aa0301b,2,0,2,0
public_07,syn_42b386591be280dda52f19fa176c271e,1,0,1,0
public_07,syn_adceff5fd708b28f5d24b039075b98ec,2,0,2,0
public_07,syn_23e4326f5b03be11fbfa4487934676e2,1,0,1,0
public_07,syn_3d00cfdea3a9b27bb5b4946c3261a8c9,3,0,3,0
public_07,syn_18d986aa37af2511c082299a5761d468,2,0,2,0
public_07,syn_306fc796ca44265fedefc3320ee53b4b,3,0,3,0
public_07,syn_372f1c7073e08c15f2d50a0e6d680800,2,0,2,0
public_07,syn_33d428aa932221ff0207b962000f6cf6,1,0,1,0
public_07,syn_f92952a8966a085892fde0dcea9f7050,3,0,3,0
public_07,syn_0a6f208259664965821fb5ca42976e06,1,0,1,0
public_07,syn_a72c9a6d703188c5bf395cb08b22a890,2,0,2,0
public_07,syn_fd8122bc2d96f071c6a9fe865fc309e6,1,0,1,0
public_07,syn_c1124b9c00beb2a6a0b4a18bf0c9f540,2,0,2,0
public_07,syn_60ccee178fb47eb6a57dfa71f44fab46,3,0,3,0
public_07,syn_332a5404f56c90fe84a769ae204a9303,2,0,2,0
public_07,syn_e252c24579bd0e85706f1ef6dd1a2e88,1,0,1,0
public_07,syn_9ee09e49e4f8aded8b0d14e1e58a6462,1,0,1,0
public_07,syn_a0ef1f914dfabc7cbdf8dcf46c0bcae6,2,0,2,0
public_07,syn_b76db7568e88b218da71968ae37776ca,2,0,2,0
public_07,syn_9583224e7d1037276bd9ea879ee314c3,1,0,1,0
public_07,syn_6d8cc1742272b49c3bf6574d4dea47bb,1,0,1,0
public_07,syn_0ec7fffa4e94cb8226152f02b68c7802,3,0,3,0
public_07,syn_b87520850b5cdc86b34287cf94dc8e2b,2,0,2,0
public_07,syn_bfed6ae3b16fdb9ff14bcd55c92c3e23,1,0,1,0
public_07,syn_d6d626f91a4f9109158f32e8bf250592,1,0,1,0
public_07,syn_fad3c39c0c2784209ab31e3130339a95,4,0,4,0
public_07,syn_3023dea18dda9617724bc8b176cb966c,1,0,1,0
public_07,syn_573a03b8dfad5abf64e89241a2254f1d,2,0,2,0
public_07,syn_07d00e0f0be2b15987bd4822db536e5b,2,0,2,0
public_07,syn_f4bb9a7cc9774c227eaef317d3e5b192,3,0,3,0
public_07,syn_730e120c211bd2647b3d41ab05bacd66,2,0,2,0
public_07,syn_3de295dd7f95a97ede178c9673e88811,2,0,2,0
public_07,syn_e4623c8b9109e401b9763929d850ad12,1,0,1,0
public_07,syn_6ac02d8581ce3e2ae0e90c94845e8ef1,2,0,2,0
public_07,syn_2618c89f6953660c0f62e3bfefd0f580,1,0,1,0
public_07,syn_46fdd2c8ce656d8ba2c9ab45c38b2c65,4,0,4,0
public_07,syn_0d8307b30c70467d91e58f68688dc85f,1,0,1,0
public_07,syn_87fbfc22893c5609e9edb33f210b5274,3,0,3,0
public_07,syn_111602846da317f9e7c801b1b732a120,1,0,1,0
public_07,syn_6fb76039ce14ae7e7b091cfd4aa2fab9,1,0,1,0
public_07,syn_e1981e34c7a6948162ff995047ee6476,1,0,1,0
public_07,syn_c6e4f83f2da6ac827863b999ed06de72,4,0,4,0
public_07,syn_cb5a779ce64228622150a5537eb8e76d,3,1,2,1
public_07,syn_686e87f9f58ad0ac7d06497cc3cc299f,1,0,1,0
public_07,syn_a2df2f4cb371057e5e2d438bc7abe1b6,2,0,2,0
public_07,syn_1792125e150b6c1fa7a7ca3516285ba4,2,0,2,0
public_08,syn_405778e77863457c897b01bb1fbb3ef8,2,0,2,0
public_08,syn_0c709f8b3259fe59be1b27351ac7d809,1,0,1,0
public_08,syn_143c0778852901795c46c1f373c65c3c,1,0,1,0
public_08,syn_c4b5bdc0bc69886ead60e7acbe3682d2,3,0,3,0
public_08,syn_10f09201189b30c0799374b18e8a5e9a,4,0,4,0
public_08,syn_2f8c459a5b01837c6646f0a205ecd462,3,1,2,1
public_08,syn_b7189cec127fd9b575ec557d09c17ff0,1,0,1,0
public_08,syn_60baf3acdcffb71d555c54c207f24848,3,0,3,0
public_08,syn_9c526f3d5f791d337ca8e6ac45bb1f25,1,0,1,0
public_08,syn_cc026958ed7c938cd4ae1d8da903d341,2,0,2,0
public_08,syn_aeddb91a9f349c1352ed37589cb6b5f3,1,0,1,0
public_08,syn_845542023752fea3e0a95d952278eabf,4,1,3,1
public_08,syn_d1466cfc82f39251348c76bf51d2d3fa,1,0,1,0
public_08,syn_ae94e39d79018cfbaead4178dfba523a,1,0,1,0
public_08,syn_fceb07e10e27737824dd733b01c50d8e,3,0,3,0
public_08,syn_d1d432a7706d2824dfbd6a790a201ae8,2,0,2,0
public_08,syn_f3c121acdc4afa0b749b279fce60ae7b,1,0,1,0
public_08,syn_68048de1eba321da254e2b084c370e73,1,0,1,0
public_08,syn_ade85ea94873bbf3448c74a619d69d4f,1,0,1,0
public_08,syn_91edf82d6d948fc6b9255a86bd065059,1,0,1,0
public_08,syn_cefbb639ff3d2c3772dd590d22f27f85,1,0,1,0
public_08,syn_9472d5e1967a21205590fcfcdde82aa3,2,0,2,0
public_08,syn_d6c107c4b905f822d30abe1ad4e37527,2,0,2,0
public_08,syn_23f23d1ae9a94c654773bd477be4937e,2,0,2,0
public_08,syn_fd09deb8f5da5d48b9d195107582fa8d,1,0,1,0
public_08,syn_d356f8360333d03ba81e16a8e22b7ca1,2,0,2,0
public_08,syn_cb02a4a051bb050189ec710cb46a2e8a,1,0,1,0
public_08,syn_9e2b83520a604298ac7ac3ca4ed3a65c,1,0,1,0
public_08,syn_bc3e3dd9e610f359b070f731bb9c367a,1,0,1,0
public_08,syn_b595de4e1e7ac367d2a85ae09da282a9,1,0,1,0
public_08,syn_6b260c3f68402193a6138919aeb018d2,2,0,2,0
public_08,syn_c37ed3cb30d8a92e348dc5b9d02cf437,1,0,1,0
public_08,syn_dd533ecc841591d3aeb6f406a7584c16,1,0,1,0
public_08,syn_da3823379e36eaf825533774f2a7ccf9,1,0,1,0
public_08,syn_0c67573b1f57ba2825bf71fc8122d2c9,2,1,1,1
public_08,syn_908fd7f2b642f6ecd61bdb92419c4dd1,1,0,1,0
public_08,syn_ac908e117263d182ba1667043439b10a,2,0,2,0
public_08,syn_9d086f92bd9196465b05e7fa7b78cab4,4,0,4,0
public_08,syn_19b40b0a1d97aeea75e5e8d7a463751c,4,1,3,1
public_08,syn_7b9bf24e279dde6ac438d28af1182c64,2,0,2,0
public_08,syn_12972c7fbbeec3d81a4c4510a6e2aef1,1,0,1,0
public_08,syn_72c5f776ad35fbed0106ae5b3e02565d,2,0,2,0
public_08,syn_c701df12da749db46be838bc30598d3c,4,0,4,0
public_08,syn_c3543a6e4224572bef55ecf655033d60,3,0,3,0
public_08,syn_b9f68294d202797558ba7ce459baff71,1,0,1,0
public_08,syn_3c07c75bfaca888c574a485e5ca7fce0,2,0,2,0
public_08,syn_c194fd7da94bd493ca0fbb7af9292f87,1,0,1,0
public_08,syn_43d18aa30bcadd41bf9573fdb20f40b5,2,0,2,0
public_08,syn_1bf4f770353090b3038dbac5c3073f26,1,0,1,0
public_08,syn_8a66ed480ae629f3e5a474726b94ace7,2,0,2,0
public_08,syn_907e211f9ac8b9aa952628781a837c78,1,0,1,0
public_08,syn_9dc3a5eac3591712b30dae187c9241c9,2,0,2,0
public_08,syn_af0dc6779fdaf3311a049163f1bbf8b3,2,0,2,0
public_08,syn_792d57380c89bfae24709f7ed802d099,1,0,1,0
public_08,syn_12c7cb677b331024461e39406742da8e,2,0,2,0
public_08,syn_e3ae94c9163f229b06afa29afb5f91e4,1,0,1,0
public_08,syn_cad6e37bd1d9e0bc49cf018a5f0627bb,2,0,2,0
public_08,syn_3116acff46ddb88da5ab15d9b0689845,2,0,2,0
public_08,syn_e3c0da5b3c5546e3da1f4ab3ef45696b,2,0,2,0
public_08,syn_e873c9ddc3b41ec81c488e1c46adf54a,1,0,1,0
public_09,syn_938533b6ed1b3352a3eeee11e0e010f7,2,0,2,0
public_09,syn_2cbc418ebac399b8bd636a099732065d,1,0,1,0
public_09,syn_7943db275fb55131bbdb6929da1bc57f,3,0,3,0
public_09,syn_52bea84dd5f87d01e4cb9f99f1d15eeb,1,0,1,0
public_09,syn_b2abd96ee53a27f2c5e59d6561761225,3,0,3,0
public_09,syn_1060f8789d9efed5c96b62750c60a10c,1,0,1,0
public_09,syn_5101ee98621b0a0aa0efcc363c546da1,1,0,1,0
public_09,syn_5a23a537897a87e452157802beeeb09e,1,0,1,0
public_09,syn_875b1c6c5a3cd40c806ef3512722833e,1,0,1,0
public_09,syn_df3b42bf60bed5a6adda3b4807a79fe3,1,0,1,0
public_09,syn_aed3ea7e30e283ce82b4f69158763acd,1,1,0,1
public_09,syn_144a731e5f6fbba895bb43400c8e21ac,1,0,1,0
public_09,syn_fd41191020e81449486bd66d57f5a965,1,0,1,0
public_09,syn_d79f8912b62eda42f1d1fedb4a0692de,1,0,1,0
public_09,syn_2498b1dc356de003c3825324d212befd,2,0,2,0
public_09,syn_f37b7db2cd4e3caf99dcada45326ece7,3,0,3,0
public_09,syn_954eea336cf58b771bb42ef5e50176fe,2,0,2,0
public_09,syn_b4e4ce7c2881670a12de4cc507059e9e,1,0,1,0
public_09,syn_fe848a0f29f2f6689a79b64a9bd16b2a,1,0,1,0
public_09,syn_9b9eb23ba1764bf3ee3eb6b3427a9f87,2,0,2,0
public_09,syn_46153b3e21490c0dcdddff4ea33fa5d1,1,0,1,0
public_09,syn_e01ac751b18577fb87cd8bd30466431a,1,0,1,0
public_09,syn_e02f6a883c0601314be61b0a920b7ac1,1,0,1,0
public_09,syn_4fe3ee745aa0a0513d715c1f5e333848,2,0,2,0
public_09,syn_84678ce338afaea457e03995df9782ec,1,0,1,0
public_09,syn_2640db16caaaa59c746ccdd73e414769,1,0,1,0
public_09,syn_9c7c9200bd69eb3de6297f81570e2093,3,0,3,0
public_09,syn_6a0a70e102a42456541ad3688e00967c,1,0,1,0
public_09,syn_ca4ebbf1f6b1a6530862a9b58dd79c12,3,0,3,0
public_09,syn_611b4f999018ab87c5e4f02fdd3b8e35,2,1,1,1
public_09,syn_78f72d93ac182e959338610c9ef20c33,1,0,1,0
public_09,syn_01639d571d85dc2ea9a0bad313cbb6fa,1,0,1,0
public_09,syn_572733bbeb649bcd629f40c406bb38a5,1,0,1,0
public_09,syn_92bc461db5199d18402828ef1512b58c,4,0,4,0
public_09,syn_a005fdbc59c75076c16892b788a008e3,2,0,2,0
public_09,syn_664d91e54ac84101c9455adeb1f76e58,4,0,4,0
public_09,syn_0e1fe175a9527ff92f59598e685cc7ee,1,0,1,0
public_09,syn_b923a686ac867c0fccf2c9cc2cbde8c7,2,0,2,0
public_09,syn_c40cfb64ca29a0af4f43672ee4c6138d,1,0,1,0
public_09,syn_a9c5ea5a5b35df82c6e4cc4a44fa35ca,1,0,1,0
public_09,syn_d6b73be38eda52db3025a5b96af5b58e,1,0,1,0
public_09,syn_395b967214926c08e0140e09fe6780da,3,0,3,0
public_09,syn_ea1944eabf76fcfc92500830c916cccc,2,1,1,1
public_09,syn_31b5b656f14d66c10a517e4530f34094,1,0,1,0
public_09,syn_3d77683b704738740b9c6ab04accd89d,4,1,3,1
public_09,syn_399815501e1007dfb1a713ea80f0e372,2,0,2,0
public_09,syn_d575caff2f7b071eadd02469edffbfbc,2,0,2,0
public_09,syn_23fefada2c5b19650602df9e452b270c,1,0,1,0
public_09,syn_72fa7f3a49551b8406189406fe067a80,3,1,2,1
public_09,syn_a6ac730a7422dc42e543fc3d84f9da31,1,0,1,0
public_09,syn_7ea24ae1bc6dd1bf483a695694b4de60,2,0,2,0
public_09,syn_49184f8377e25febace8f0eb14ebfb2c,3,0,3,0
public_09,syn_3e31ee54b5c6410836bf96e80cdf4e36,3,0,3,0
public_09,syn_443a630b3ca8086f7d67ec70eed08f1f,1,0,1,0
public_09,syn_a4de8bb0451caa4b23ce4900ae2ea2ae,1,0,1,0
public_09,syn_fa7c24955e283049d85df1fbb450d74b,1,0,1,0
public_09,syn_98e94a52f25112977ad37af1219acaa2,2,0,2,0
public_09,syn_06c6a93d496d809575d704f32cbdca19,2,1,1,1
public_09,syn_ee1b22e21a2ba67e42ee44263820977d,1,0,1,0
public_09,syn_e42956bd3ad3d0ab962031c145e0e8f5,2,0,2,0
public_09,syn_4fa874d7bbb15debb13c26bd8848dbd7,1,0,1,0
public_09,syn_3897f1b0cc5984c872766b78ee052e7e,1,0,1,0
public_09,syn_8c39122a398b4fbbc69c4483b741a20a,2,0,2,0
public_09,syn_0762071899f970108e97e5f879f23b60,4,0,4,0
public_10,syn_9ab353464f583bd46641af0a05e39f27,2,0,2,0
public_10,syn_280ed2ee4e8e69969aba90ad77844c04,1,0,1,0
public_10,syn_76fd573a948b554f3ebee57b8874c057,3,0,3,0
public_10,syn_6ccd6d178a306578b2d80336ed08202f,1,0,1,0
public_10,syn_1d9fcedbba8fbe744c915639c8c02ff7,1,0,1,0
public_10,syn_ecbf5233371e2318fb6924c4f6c75877,1,0,1,0
public_10,syn_33218a5ec81d850bee668de6aac93a05,1,0,1,0
public_10,syn_26a54382c3b5c6a9a6a5b67ca4f6994d,1,0,1,0
public_10,syn_fe63aea00d57f05275dfa1b39efa721e,1,0,1,0
public_10,syn_a10a0f33bed613eab3c39579cfb95fd7,1,0,1,0
public_10,syn_8e1ee09df978c54386bee0deebbbb0db,1,1,0,1
public_10,syn_82e48d89b5e9fb6839d31933fbfee9dc,1,0,1,0
public_10,syn_39f48c4c50343606770faa51e54c63fa,1,0,1,0
public_10,syn_4118efebeb5bffb1d97c676086799fca,4,1,3,1
public_10,syn_65f5d040e59eb3dfdff023cd290ef343,1,0,1,0
public_10,syn_ebba1ff86420419865f1aabda4832735,2,0,2,0
public_10,syn_aafea598a05555fd8a0331cd77bf3d1b,4,0,4,0
public_10,syn_3d9aa8f2b2f0e82cb4712e749d6a1225,1,0,1,0
public_10,syn_36a6a073237ca17cc85d34b97234c35c,1,0,1,0
public_10,syn_6a8b7f19205f77e0079c06f343b179f9,3,0,3,0
public_10,syn_f53c9fb43874da5040cb430163ee338e,1,0,1,0
public_10,syn_07a1ba169c947274fbda87ce93066956,2,0,2,0
public_10,syn_4550325028612805cbf17f2710057234,3,0,3,0
public_10,syn_3c198d961c739a549da7c314447558ec,2,0,2,0
public_10,syn_a2636682040b5f9e5612d711743d5a8e,3,0,3,0
public_10,syn_f9226f603076fe6965d21526c1b71669,2,0,2,0
public_10,syn_a83803235dd25c672bd97b546bbd67fd,2,0,2,0
public_10,syn_2bd0bc113015a61a34579ec7d3cfa18f,2,0,2,0
public_10,syn_2c41f4560363cf4a91985306f3e708c5,2,1,1,1
public_10,syn_04f963f5220053f9161754484ba31633,1,0,1,0
public_10,syn_eb8368f49afc9d7d00ecc48c4d3de4ce,1,0,1,0
public_10,syn_0142765f71da4f470ea933199686004e,1,0,1,0
public_10,syn_022af7d17ed9947190143ccd3b849cd3,2,0,2,0
public_10,syn_7665278eebe7b6a88233a61f735661c4,1,0,1,0
public_10,syn_a2eb656ba08d83bd383536f1df7c20dc,1,0,1,0
public_10,syn_11c7a35957579b543aebc553ec143dfb,3,0,3,0
public_10,syn_67a91d5639d408ed487ea1f496cac894,1,0,1,0
public_10,syn_e47ce1bf335b859bc695eba30b036973,2,0,2,0
public_10,syn_a72369d69b77313b62eb9cf310987623,2,0,2,0
public_10,syn_ac7adb59d76e0765d34bb88a00ac664b,1,0,1,0
public_10,syn_a17752a2f68f8ad7d1a4988b602f4345,4,0,4,0
public_10,syn_5f14e9567ba0f208b00430bb476fc6fc,2,0,2,0
public_10,syn_89b307713d8898967b949ee364b9c9c2,2,0,2,0
public_10,syn_3026c699639e3e6348676dcc6d650cc9,3,0,3,0
public_10,syn_2ae6428fe8d0787376fe540dbd83a9e1,3,1,2,1
public_10,syn_2cf4a622e93de4862bf406fbe9968660,3,0,3,0
public_10,syn_8004e1549c802a6b7a454f9afffc1479,2,0,2,0
public_10,syn_71f3eb1ca39613e5c06707f0fe673d52,2,0,2,0
public_10,syn_71ab4eb8e49081b34c2d7519496eb3aa,2,0,2,0
public_10,syn_4d4039deb870661a489ded51c2e01c2d,2,0,2,0
public_10,syn_8dd6339d4267512f971ae9c93ba79a33,1,0,1,0
public_10,syn_00a292432ca19ea1d82f9d7dee556e20,3,0,3,0
public_10,syn_e75c0907f7e92d36cef546a896000d88,4,1,3,1
public_10,syn_676957ba298a618f64668d76d471200a,1,0,1,0
public_10,syn_12df47841c9a6503a3ac59119e457aef,1,0,1,0
public_10,syn_0f4034ae56ee969b3bce8239dea9bf28,1,1,0,1
public_10,syn_42d6624b007f9dadc90a65025826c2af,2,0,2,0
public_10,syn_bc4afbb6a6767d12f8abbddbeafe6fdd,2,0,2,0
public_10,syn_1fa0f9be55fad34f21fa1c78bcc75823,2,0,2,0
public_10,syn_a3ebe737714c0f078d738fd6426f1247,1,1,0,1
public_10,syn_b875287926cc310b79c882e91dcb2892,2,1,1,1
public_10,syn_60757875c23e938767f7c422caa6e51f,2,0,2,0
public_10,syn_08c8959211b0ecd44286ad82daec2c78,4,0,4,0
public_10,syn_714f9712b4b94edc26dfda9b98d3a5da,1,0,1,0
public_10,syn_6fae297670a62d433323bf1c97f56f9b,1,0,1,0
public_10,syn_f74fd02a69d26a14e5a77cb07ec0630f,2,0,2,0
public_10,syn_26dd18a4132bd025090300e446cf7bda,2,0,2,0
public_10,syn_fb677458ed9ef553765b0355a8ca1d87,2,0,2,0
public_10,syn_260c5622d51b36a6045a69b534807038,2,0,2,0
public_10,syn_b50b420bc580e1d9e03e64fd62d0a6f1,2,0,2,0
