candidate_count,members
0,699
8,1
11,3
12,2
13,1
15,4
16,1
17,4
18,2
19,2
20,1
21,5
22,4
23,6
24,7
25,7
26,8
27,7
28,8
29,9
30,12
31,5
32,7
33,16
34,5
35,13
36,12
37,12
38,12
39,18
40,9
41,12
42,15
43,12
44,14
45,15
46,24
47,28
48,15
49,11
50,14
51,15
52,18
53,14
54,7
55,15
56,19
57,24
58,20
59,16
60,17
61,14
62,4
63,28
64,12
65,14
66,15
67,22
68,10
69,22
70,3
71,22
72,12
73,25
74,5
75,13
76,22
77,3
78,14
79,12
80,9
81,18
82,26
83,8
84,12
85,19
86,8
87,12
88,12
89,19
90,15
91,3
92,5
93,22
94,6
95,3
96,16
97,5
98,11
99,14
100,4
101,20
102,7
103,5
104,14
105,15
106,19
107,2
109,1
110,16
111,4
112,17
113,2
114,9
115,4
116,12
117,11
119,8
120,13
121,12
124,5
125,6
126,3
129,5
130,6
132,8
134,11
135,8
139,11
