dataset,available_member_episode_rows,N_members_with_candidate,mean_candidate_count,median_candidate_count,N_percentage
public_01,5089,637,0.2389467478876007,0.0,12.517193947730398
public_02,5531,795,0.2245525221478937,0.0,14.373531007051167
public_03,5322,728,0.2040586245772266,0.0,13.679068019541527
public_04,5365,841,0.24864864864864866,0.0,15.675675675675677
public_05,5506,1438,0.4289865601162368,0.0,26.116963312749732
public_06,4788,681,0.22055137844611528,0.0,14.223057644110277
public_07,5257,841,0.3443028343161499,0.0,15.997717329275252
public_08,5316,667,0.24040632054176073,0.0,12.547027840481565
public_09,5354,852,0.23048188270452,0.0,15.913335823683228
public_10,5835,1093,0.30985432733504714,0.0,18.731790916880893
