member_id,field,observed_day,val_acceptable_zones,val_age_max,val_age_min,val_has_children,val_partner_children,val_partner_smoking,val_relationship_structure,val_schedule,val_smoking,val_wants_children,val_who_to_meet,status_acceptable_zones,status_age_max,status_age_min,status_has_children,status_partner_children,status_partner_smoking,status_relationship_structure,status_schedule,status_smoking,status_wants_children,status_who_to_meet,statuses_json,values_json
syn_a72c9a6d703188c5bf395cb08b22a890,constraints,0,"[""zone_a""]",39,28,True,no_children,any,monogamous,"[""weekday_evening"", ""weekend_evening"", ""weekend_day""]",occasionally,yes,"[""man""]",observed,observed,observed,observed,observed,observed,observed,observed,observed,observed,observed,"{""acceptable_zones"": ""observed"", ""age_max"": ""observed"", ""age_min"": ""observed"", ""has_children"": ""observed"", ""partner_children"": ""observed"", ""partner_smoking"": ""observed"", ""relationship_structure"": ""observed"", ""schedule"": ""observed"", ""smoking"": ""observed"", ""wants_children"": ""observed"", ""who_to_meet"": ""observed""}","{""acceptable_zones"": [""zone_a""], ""age_max"": 39, ""age_min"": 28, ""has_children"": true, ""partner_children"": ""no_children"", ""partner_smoking"": ""any"", ""relationship_structure"": ""monogamous"", ""schedule"": [""weekday_evening"", ""weekend_evening"", ""weekend_day""], ""smoking"": ""occasionally"", ""wants_children"": ""yes"", ""who_to_meet"": [""man""]}"
syn_b890454d3ef6bc5190b0e2321497e5da,constraints,0,"[""zone_a"", ""zone_d""]",48,35,False,no_children,any,monogamous,"[""weekday_evening"", ""weekend_day"", ""weekend_evening""]",no,yes,"[""man""]",observed,observed,observed,observed,observed,observed,observed,observed,observed,observed,observed,"{""acceptable_zones"": ""observed"", ""age_max"": ""observed"", ""age_min"": ""observed"", ""has_children"": ""observed"", ""partner_children"": ""observed"", ""partner_smoking"": ""observed"", ""relationship_structure"": ""observed"", ""schedule"": ""observed"", ""smoking"": ""observed"", ""wants_children"": ""observed"", ""who_to_meet"": ""observed""}","{""acceptable_zones"": [""zone_a"", ""zone_d""], ""age_max"": 48, ""age_min"": 35, ""has_children"": false, ""partner_children"": ""no_children"", ""partner_smoking"": ""any"", ""relationship_structure"": ""monogamous"", ""schedule"": [""weekday_evening"", ""weekend_day"", ""weekend_evening""], ""smoking"": ""no"", ""wants_children"": ""yes"", ""who_to_meet"": [""man""]}"
syn_28d204dbbdf42cee5a3030880cdd1e0c,constraints,0,"[""zone_a""]",43,23,False,any,any,monogamous,"[""weekend_day""]",no,unsure,"[""non_binary"", ""woman""]",observed,observed,observed,observed,observed,observed,observed,observed,observed,observed,observed,"{""acceptable_zones"": ""observed"", ""age_max"": ""observed"", ""age_min"": ""observed"", ""has_children"": ""observed"", ""partner_children"": ""observed"", ""partner_smoking"": ""observed"", ""relationship_structure"": ""observed"", ""schedule"": ""observed"", ""smoking"": ""observed"", ""wants_children"": ""observed"", ""who_to_meet"": ""observed""}","{""acceptable_zones"": [""zone_a""], ""age_max"": 43, ""age_min"": 23, ""has_children"": false, ""partner_children"": ""any"", ""partner_smoking"": ""any"", ""relationship_structure"": ""monogamous"", ""schedule"": [""weekend_day""], ""smoking"": ""no"", ""wants_children"": ""unsure"", ""who_to_meet"": [""non_binary"", ""woman""]}"
syn_5b431043e947032b7b1f30311fe04cb0,constraints,0,"[""zone_a"", ""zone_c""]",30,20,False,any,any,monogamous,"[""weekday_evening"", ""weekend_evening""]",occasionally,no,"[""non_binary""]",observed,observed,observed,observed,observed,observed,observed,observed,observed,observed,observed,"{""acceptable_zones"": ""observed"", ""age_max"": ""observed"", ""age_min"": ""observed"", ""has_children"": ""observed"", ""partner_children"": ""observed"", ""partner_smoking"": ""observed"", ""relationship_structure"": ""observed"", ""schedule"": ""observed"", ""smoking"": ""observed"", ""wants_children"": ""observed"", ""who_to_meet"": ""observed""}","{""acceptable_zones"": [""zone_a"", ""zone_c""], ""age_max"": 30, ""age_min"": 20, ""has_children"": false, ""partner_children"": ""any"", ""partner_smoking"": ""any"", ""relationship_structure"": ""monogamous"", ""schedule"": [""weekday_evening"", ""weekend_evening""], ""smoking"": ""occasionally"", ""wants_children"": ""no"", ""who_to_meet"": [""non_binary""]}"
syn_e7ca2963d97f317fcdf7f6d8f37da169,constraints,1,"[""zone_a""]",38,30,False,no_children,any,monogamous,"[""weekend_evening""]",occasionally,unsure,"[""man""]",observed,observed,observed,observed,observed,observed,observed,observed,observed,observed,observed,"{""acceptable_zones"": ""observed"", ""age_max"": ""observed"", ""age_min"": ""observed"", ""has_children"": ""observed"", ""partner_children"": ""observed"", ""partner_smoking"": ""observed"", ""relationship_structure"": ""observed"", ""schedule"": ""observed"", ""smoking"": ""observed"", ""wants_children"": ""observed"", ""who_to_meet"": ""observed""}","{""acceptable_zones"": [""zone_a""], ""age_max"": 38, ""age_min"": 30, ""has_children"": false, ""partner_children"": ""no_children"", ""partner_smoking"": ""any"", ""relationship_structure"": ""monogamous"", ""schedule"": [""weekend_evening""], ""smoking"": ""occasionally"", ""wants_children"": ""unsure"", ""who_to_meet"": [""man""]}"
syn_bd313c33a2dfe80569df7e081fa7e16c,constraints,1,"[""zone_a""]",36,18,False,no_children,any,monogamous,"[""weekday_evening"", ""weekend_day"", ""weekend_evening""]",no,no,"[""woman""]",observed,observed,observed,observed,observed,observed,observed,observed,observed,observed,observed,"{""acceptable_zones"": ""observed"", ""age_max"": ""observed"", ""age_min"": ""observed"", ""has_children"": ""observed"", ""partner_children"": ""observed"", ""partner_smoking"": ""observed"", ""relationship_structure"": ""observed"", ""schedule"": ""observed"", ""smoking"": ""observed"", ""wants_children"": ""observed"", ""who_to_meet"": ""observed""}","{""acceptable_zones"": [""zone_a""], ""age_max"": 36, ""age_min"": 18, ""has_children"": false, ""partner_children"": ""no_children"", ""partner_smoking"": ""any"", ""relationship_structure"": ""monogamous"", ""schedule"": [""weekday_evening"", ""weekend_day"", ""weekend_evening""], ""smoking"": ""no"", ""wants_children"": ""no"", ""who_to_meet"": [""woman""]}"
syn_5d98b7358bb63412fc571b358b781528,constraints,1,"[""zone_b""]",31,20,False,any,no_smoking,non_monogamous,"[""weekend_day"", ""weekend_evening""]",no,no,"[""woman""]",observed,observed,observed,observed,observed,observed,observed,observed,observed,observed,observed,"{""acceptable_zones"": ""observed"", ""age_max"": ""observed"", ""age_min"": ""observed"", ""has_children"": ""observed"", ""partner_children"": ""observed"", ""partner_smoking"": ""observed"", ""relationship_structure"": ""observed"", ""schedule"": ""observed"", ""smoking"": ""observed"", ""wants_children"": ""observed"", ""who_to_meet"": ""observed""}","{""acceptable_zones"": [""zone_b""], ""age_max"": 31, ""age_min"": 20, ""has_children"": false, ""partner_children"": ""any"", ""partner_smoking"": ""no_smoking"", ""relationship_structure"": ""non_monogamous"", ""schedule"": [""weekend_day"", ""weekend_evening""], ""smoking"": ""no"", ""wants_children"": ""no"", ""who_to_meet"": [""woman""]}"
syn_2c21d1d4aa3246ecf554167d645764b1,constraints,1,"[""zone_a"", ""zone_d""]",54,38,False,no_children,no_smoking,monogamous,"[""weekday_evening""]",no,yes,"[""man""]",observed,observed,observed,observed,observed,observed,observed,observed,observed,observed,observed,"{""acceptable_zones"": ""observed"", ""age_max"": ""observed"", ""age_min"": ""observed"", ""has_children"": ""observed"", ""partner_children"": ""observed"", ""partner_smoking"": ""observed"", ""relationship_structure"": ""observed"", ""schedule"": ""observed"", ""smoking"": ""observed"", ""wants_children"": ""observed"", ""who_to_meet"": ""observed""}","{""acceptable_zones"": [""zone_a"", ""zone_d""], ""age_max"": 54, ""age_min"": 38, ""has_children"": false, ""partner_children"": ""no_children"", ""partner_smoking"": ""no_smoking"", ""relationship_structure"": ""monogamous"", ""schedule"": [""weekday_evening""], ""smoking"": ""no"", ""wants_children"": ""yes"", ""who_to_meet"": [""man""]}"
syn_e4623c8b9109e401b9763929d850ad12,constraints,2,"[""zone_a""]",26,18,False,any,no_smoking,monogamous,"[""weekday_evening"", ""weekend_evening""]",no,no,"[""woman""]",observed,observed,observed,observed,observed,observed,observed,observed,observed,observed,observed,"{""acceptable_zones"": ""observed"", ""age_max"": ""observed"", ""age_min"": ""observed"", ""has_children"": ""observed"", ""partner_children"": ""observed"", ""partner_smoking"": ""observed"", ""relationship_structure"": ""observed"", ""schedule"": ""observed"", ""smoking"": ""observed"", ""wants_children"": ""observed"", ""who_to_meet"": ""observed""}","{""acceptable_zones"": [""zone_a""], ""age_max"": 26, ""age_min"": 18, ""has_children"": false, ""partner_children"": ""any"", ""partner_smoking"": ""no_smoking"", ""relationship_structure"": ""monogamous"", ""schedule"": [""weekday_evening"", ""weekend_evening""], ""smoking"": ""no"", ""wants_children"": ""no"", ""who_to_meet"": [""woman""]}"
syn_0c9736620c1aa05dc0fac96968036c3a,constraints,2,"[""zone_c""]",42,30,False,any,any,monogamous,"[""weekend_day""]",occasionally,no,"[""non_binary""]",observed,observed,observed,observed,observed,observed,observed,observed,observed,observed,observed,"{""acceptable_zones"": ""observed"", ""age_max"": ""observed"", ""age_min"": ""observed"", ""has_children"": ""observed"", ""partner_children"": ""observed"", ""partner_smoking"": ""observed"", ""relationship_structure"": ""observed"", ""schedule"": ""observed"", ""smoking"": ""observed"", ""wants_children"": ""observed"", ""who_to_meet"": ""observed""}","{""acceptable_zones"": [""zone_c""], ""age_max"": 42, ""age_min"": 30, ""has_children"": false, ""partner_children"": ""any"", ""partner_smoking"": ""any"", ""relationship_structure"": ""monogamous"", ""schedule"": [""weekend_day""], ""smoking"": ""occasionally"", ""wants_children"": ""no"", ""who_to_meet"": [""non_binary""]}"
syn_f4bb9a7cc9774c227eaef317d3e5b192,constraints,2,"[""zone_a""]",45,31,False,no_children,any,monogamous,"[""weekend_day"", ""weekend_evening""]",no,unsure,"[""man""]",observed,observed,observed,observed,observed,observed,observed,observed,observed,observed,observed,"{""acceptable_zones"": ""observed"", ""age_max"": ""observed"", ""age_min"": ""observed"", ""has_children"": ""observed"", ""partner_children"": ""observed"", ""partner_smoking"": ""observed"", ""relationship_structure"": ""observed"", ""schedule"": ""observed"", ""smoking"": ""observed"", ""wants_children"": ""observed"", ""who_to_meet"": ""observed""}","{""acceptable_zones"": [""zone_a""], ""age_max"": 45, ""age_min"": 31, ""has_children"": false, ""partner_children"": ""no_children"", ""partner_smoking"": ""any"", ""relationship_structure"": ""monogamous"", ""schedule"": [""weekend_day"", ""weekend_evening""], ""smoking"": ""no"", ""wants_children"": ""unsure"", ""who_to_meet"": [""man""]}"
syn_8d1e58752ea52f6d144a33359b795309,constraints,2,"[""zone_a""]",30,18,False,any,any,monogamous,"[""weekend_day"", ""weekend_evening"", ""weekday_evening""]",no,no,"[""non_binary""]",observed,observed,observed,observed,observed,observed,observed,observed,observed,observed,observed,"{""acceptable_zones"": ""observed"", ""age_max"": ""observed"", ""age_min"": ""observed"", ""has_children"": ""observed"", ""partner_children"": ""observed"", ""partner_smoking"": ""observed"", ""relationship_structure"": ""observed"", ""schedule"": ""observed"", ""smoking"": ""observed"", ""wants_children"": ""observed"", ""who_to_meet"": ""observed""}","{""acceptable_zones"": [""zone_a""], ""age_max"": 30, ""age_min"": 18, ""has_children"": false, ""partner_children"": ""any"", ""partner_smoking"": ""any"", ""relationship_structure"": ""monogamous"", ""schedule"": [""weekend_day"", ""weekend_evening"", ""weekday_evening""], ""smoking"": ""no"", ""wants_children"": ""no"", ""who_to_meet"": [""non_binary""]}"
syn_a2df2f4cb371057e5e2d438bc7abe1b6,constraints,3,"[""zone_a""]",30,20,False,no_children,any,monogamous,"[""weekend_evening"", ""weekend_day""]",occasionally,no,"[""woman""]",observed,observed,observed,observed,observed,observed,observed,observed,observed,observed,observed,"{""acceptable_zones"": ""observed"", ""age_max"": ""observed"", ""age_min"": ""observed"", ""has_children"": ""observed"", ""partner_children"": ""observed"", ""partner_smoking"": ""observed"", ""relationship_structure"": ""observed"", ""schedule"": ""observed"", ""smoking"": ""observed"", ""wants_children"": ""observed"", ""who_to_meet"": ""observed""}","{""acceptable_zones"": [""zone_a""], ""age_max"": 30, ""age_min"": 20, ""has_children"": false, ""partner_children"": ""no_children"", ""partner_smoking"": ""any"", ""relationship_structure"": ""monogamous"", ""schedule"": [""weekend_evening"", ""weekend_day""], ""smoking"": ""occasionally"", ""wants_children"": ""no"", ""who_to_meet"": [""woman""]}"
syn_57d4b998452d44917f79f257931c94db,constraints,3,"[""zone_b""]",28,18,False,no_children,any,monogamous,"[""weekend_evening"", ""weekend_day"", ""weekday_evening""]",yes,yes,"[""man""]",observed,observed,observed,observed,observed,observed,observed,observed,observed,observed,observed,"{""acceptable_zones"": ""observed"", ""age_max"": ""observed"", ""age_min"": ""observed"", ""has_children"": ""observed"", ""partner_children"": ""observed"", ""partner_smoking"": ""observed"", ""relationship_structure"": ""observed"", ""schedule"": ""observed"", ""smoking"": ""observed"", ""wants_children"": ""observed"", ""who_to_meet"": ""observed""}","{""acceptable_zones"": [""zone_b""], ""age_max"": 28, ""age_min"": 18, ""has_children"": false, ""partner_children"": ""no_children"", ""partner_smoking"": ""any"", ""relationship_structure"": ""monogamous"", ""schedule"": [""weekend_evening"", ""weekend_day"", ""weekday_evening""], ""smoking"": ""yes"", ""wants_children"": ""yes"", ""who_to_meet"": [""man""]}"
syn_65de186e1d37a749b05767ca6c183e06,constraints,3,"[""zone_d""]",33,18,False,no_children,any,monogamous,"[""weekday_evening"", ""weekend_evening""]",no,yes,"[""non_binary"", ""woman""]",observed,observed,observed,observed,observed,observed,observed,observed,observed,observed,observed,"{""acceptable_zones"": ""observed"", ""age_max"": ""observed"", ""age_min"": ""observed"", ""has_children"": ""observed"", ""partner_children"": ""observed"", ""partner_smoking"": ""observed"", ""relationship_structure"": ""observed"", ""schedule"": ""observed"", ""smoking"": ""observed"", ""wants_children"": ""observed"", ""who_to_meet"": ""observed""}","{""acceptable_zones"": [""zone_d""], ""age_max"": 33, ""age_min"": 18, ""has_children"": false, ""partner_children"": ""no_children"", ""partner_smoking"": ""any"", ""relationship_structure"": ""monogamous"", ""schedule"": [""weekday_evening"", ""weekend_evening""], ""smoking"": ""no"", ""wants_children"": ""yes"", ""who_to_meet"": [""non_binary"", ""woman""]}"
syn_372f1c7073e08c15f2d50a0e6d680800,constraints,3,"[""zone_a"", ""zone_d""]",43,27,False,any,any,monogamous,"[""weekend_evening"", ""weekend_day""]",occasionally,unsure,"[""non_binary"", ""woman""]",observed,observed,observed,observed,observed,observed,observed,observed,observed,observed,observed,"{""acceptable_zones"": ""observed"", ""age_max"": ""observed"", ""age_min"": ""observed"", ""has_children"": ""observed"", ""partner_children"": ""observed"", ""partner_smoking"": ""observed"", ""relationship_structure"": ""observed"", ""schedule"": ""observed"", ""smoking"": ""observed"", ""wants_children"": ""observed"", ""who_to_meet"": ""observed""}","{""acceptable_zones"": [""zone_a"", ""zone_d""], ""age_max"": 43, ""age_min"": 27, ""has_children"": false, ""partner_children"": ""any"", ""partner_smoking"": ""any"", ""relationship_structure"": ""monogamous"", ""schedule"": [""weekend_evening"", ""weekend_day""], ""smoking"": ""occasionally"", ""wants_children"": ""unsure"", ""who_to_meet"": [""non_binary"", ""woman""]}"
syn_6a0fc9bfb37d9fbd3c617c97f6cba1b7,constraints,4,"[""zone_b""]",31,23,True,any,no_smoking,monogamous,"[""weekend_evening"", ""weekend_day""]",no,unsure,"[""woman""]",observed,observed,observed,observed,observed,observed,observed,observed,observed,observed,observed,"{""acceptable_zones"": ""observed"", ""age_max"": ""observed"", ""age_min"": ""observed"", ""has_children"": ""observed"", ""partner_children"": ""observed"", ""partner_smoking"": ""observed"", ""relationship_structure"": ""observed"", ""schedule"": ""observed"", ""smoking"": ""observed"", ""wants_children"": ""observed"", ""who_to_meet"": ""observed""}","{""acceptable_zones"": [""zone_b""], ""age_max"": 31, ""age_min"": 23, ""has_children"": true, ""partner_children"": ""any"", ""partner_smoking"": ""no_smoking"", ""relationship_structure"": ""monogamous"", ""schedule"": [""weekend_evening"", ""weekend_day""], ""smoking"": ""no"", ""wants_children"": ""unsure"", ""who_to_meet"": [""woman""]}"
syn_5b8d7027d0fe03fd6637867233485951,constraints,4,"[""zone_a"", ""zone_b""]",33,19,True,any,any,monogamous,"[""weekday_evening"", ""weekend_evening""]",no,yes,"[""woman""]",observed,observed,observed,observed,observed,observed,observed,observed,observed,observed,observed,"{""acceptable_zones"": ""observed"", ""age_max"": ""observed"", ""age_min"": ""observed"", ""has_children"": ""observed"", ""partner_children"": ""observed"", ""partner_smoking"": ""observed"", ""relationship_structure"": ""observed"", ""schedule"": ""observed"", ""smoking"": ""observed"", ""wants_children"": ""observed"", ""who_to_meet"": ""observed""}","{""acceptable_zones"": [""zone_a"", ""zone_b""], ""age_max"": 33, ""age_min"": 19, ""has_children"": true, ""partner_children"": ""any"", ""partner_smoking"": ""any"", ""relationship_structure"": ""monogamous"", ""schedule"": [""weekday_evening"", ""weekend_evening""], ""smoking"": ""no"", ""wants_children"": ""yes"", ""who_to_meet"": [""woman""]}"
syn_9b4bd1d628f180c12716bd357a84f23c,constraints,4,"[""zone_d""]",33,22,False,any,no_smoking,monogamous,"[""weekend_day"", ""weekend_evening""]",no,no,"[""woman""]",observed,observed,observed,observed,observed,observed,observed,observed,observed,observed,observed,"{""acceptable_zones"": ""observed"", ""age_max"": ""observed"", ""age_min"": ""observed"", ""has_children"": ""observed"", ""partner_children"": ""observed"", ""partner_smoking"": ""observed"", ""relationship_structure"": ""observed"", ""schedule"": ""observed"", ""smoking"": ""observed"", ""wants_children"": ""observed"", ""who_to_meet"": ""observed""}","{""acceptable_zones"": [""zone_d""], ""age_max"": 33, ""age_min"": 22, ""has_children"": false, ""partner_children"": ""any"", ""partner_smoking"": ""no_smoking"", ""relationship_structure"": ""monogamous"", ""schedule"": [""weekend_day"", ""weekend_evening""], ""smoking"": ""no"", ""wants_children"": ""no"", ""who_to_meet"": [""woman""]}"
syn_dd947b8ca242c44863cf601fe65d57ed,constraints,4,"[""zone_a""]",50,37,False,any,no_smoking,monogamous,"[""weekday_evening"", ""weekend_day"", ""weekend_evening""]",no,no,"[""woman"", ""man""]",observed,observed,observed,observed,observed,observed,observed,observed,observed,observed,observed,"{""acceptable_zones"": ""observed"", ""age_max"": ""observed"", ""age_min"": ""observed"", ""has_children"": ""observed"", ""partner_children"": ""observed"", ""partner_smoking"": ""observed"", ""relationship_structure"": ""observed"", ""schedule"": ""observed"", ""smoking"": ""observed"", ""wants_children"": ""observed"", ""who_to_meet"": ""observed""}","{""acceptable_zones"": [""zone_a""], ""age_max"": 50, ""age_min"": 37, ""has_children"": false, ""partner_children"": ""any"", ""partner_smoking"": ""no_smoking"", ""relationship_structure"": ""monogamous"", ""schedule"": [""weekday_evening"", ""weekend_day"", ""weekend_evening""], ""smoking"": ""no"", ""wants_children"": ""no"", ""who_to_meet"": [""woman"", ""man""]}"
syn_cbc229ed9605d0a357baebe560a71e85,constraints,5,"[""zone_d"", ""zone_c""]",43,29,False,no_children,no_smoking,monogamous,"[""weekday_evening""]",no,yes,"[""non_binary""]",observed,observed,observed,observed,observed,observed,observed,observed,observed,observed,observed,"{""acceptable_zones"": ""observed"", ""age_max"": ""observed"", ""age_min"": ""observed"", ""has_children"": ""observed"", ""partner_children"": ""observed"", ""partner_smoking"": ""observed"", ""relationship_structure"": ""observed"", ""schedule"": ""observed"", ""smoking"": ""observed"", ""wants_children"": ""observed"", ""who_to_meet"": ""observed""}","{""acceptable_zones"": [""zone_d"", ""zone_c""], ""age_max"": 43, ""age_min"": 29, ""has_children"": false, ""partner_children"": ""no_children"", ""partner_smoking"": ""no_smoking"", ""relationship_structure"": ""monogamous"", ""schedule"": [""weekday_evening""], ""smoking"": ""no"", ""wants_children"": ""yes"", ""who_to_meet"": [""non_binary""]}"
syn_aaa30b8ed8386dbea129eab821d251a1,constraints,5,"[""zone_b""]",36,28,False,any,no_smoking,monogamous,"[""weekday_evening""]",no,yes,"[""non_binary""]",observed,observed,observed,observed,observed,observed,observed,observed,observed,observed,observed,"{""acceptable_zones"": ""observed"", ""age_max"": ""observed"", ""age_min"": ""observed"", ""has_children"": ""observed"", ""partner_children"": ""observed"", ""partner_smoking"": ""observed"", ""relationship_structure"": ""observed"", ""schedule"": ""observed"", ""smoking"": ""observed"", ""wants_children"": ""observed"", ""who_to_meet"": ""observed""}","{""acceptable_zones"": [""zone_b""], ""age_max"": 36, ""age_min"": 28, ""has_children"": false, ""partner_children"": ""any"", ""partner_smoking"": ""no_smoking"", ""relationship_structure"": ""monogamous"", ""schedule"": [""weekday_evening""], ""smoking"": ""no"", ""wants_children"": ""yes"", ""who_to_meet"": [""non_binary""]}"
syn_3fb528e8a8d3fad2e2ae223d90286957,constraints,5,"[""zone_a""]",39,31,False,no_children,no_smoking,monogamous,"[""weekend_day""]",no,unsure,"[""non_binary""]",observed,observed,observed,observed,observed,observed,observed,observed,observed,observed,observed,"{""acceptable_zones"": ""observed"", ""age_max"": ""observed"", ""age_min"": ""observed"", ""has_children"": ""observed"", ""partner_children"": ""observed"", ""partner_smoking"": ""observed"", ""relationship_structure"": ""observed"", ""schedule"": ""observed"", ""smoking"": ""observed"", ""wants_children"": ""observed"", ""who_to_meet"": ""observed""}","{""acceptable_zones"": [""zone_a""], ""age_max"": 39, ""age_min"": 31, ""has_children"": false, ""partner_children"": ""no_children"", ""partner_smoking"": ""no_smoking"", ""relationship_structure"": ""monogamous"", ""schedule"": [""weekend_day""], ""smoking"": ""no"", ""wants_children"": ""unsure"", ""who_to_meet"": [""non_binary""]}"
syn_07d00e0f0be2b15987bd4822db536e5b,constraints,5,"[""zone_a""]",31,18,False,any,no_smoking,monogamous,"[""weekend_day""]",no,unsure,"[""man""]",observed,observed,observed,observed,observed,observed,observed,observed,observed,observed,observed,"{""acceptable_zones"": ""observed"", ""age_max"": ""observed"", ""age_min"": ""observed"", ""has_children"": ""observed"", ""partner_children"": ""observed"", ""partner_smoking"": ""observed"", ""relationship_structure"": ""observed"", ""schedule"": ""observed"", ""smoking"": ""observed"", ""wants_children"": ""observed"", ""who_to_meet"": ""observed""}","{""acceptable_zones"": [""zone_a""], ""age_max"": 31, ""age_min"": 18, ""has_children"": false, ""partner_children"": ""any"", ""partner_smoking"": ""no_smoking"", ""relationship_structure"": ""monogamous"", ""schedule"": [""weekend_day""], ""smoking"": ""no"", ""wants_children"": ""unsure"", ""who_to_meet"": [""man""]}"
syn_3d00cfdea3a9b27bb5b4946c3261a8c9,constraints,6,"[""zone_a"", ""zone_d""]",38,21,False,no_children,any,monogamous,"[""weekday_evening"", ""weekend_evening""]",no,no,"[""woman""]",observed,observed,observed,observed,observed,observed,observed,observed,observed,observed,observed,"{""acceptable_zones"": ""observed"", ""age_max"": ""observed"", ""age_min"": ""observed"", ""has_children"": ""observed"", ""partner_children"": ""observed"", ""partner_smoking"": ""observed"", ""relationship_structure"": ""observed"", ""schedule"": ""observed"", ""smoking"": ""observed"", ""wants_children"": ""observed"", ""who_to_meet"": ""observed""}","{""acceptable_zones"": [""zone_a"", ""zone_d""], ""age_max"": 38, ""age_min"": 21, ""has_children"": false, ""partner_children"": ""no_children"", ""partner_smoking"": ""any"", ""relationship_structure"": ""monogamous"", ""schedule"": [""weekday_evening"", ""weekend_evening""], ""smoking"": ""no"", ""wants_children"": ""no"", ""who_to_meet"": [""woman""]}"
syn_01de4c09309bf917e3b5467c3e0a16d9,constraints,6,"[""zone_b""]",47,37,True,no_children,no_smoking,monogamous,"[""weekend_evening"", ""weekday_evening"", ""weekend_day""]",occasionally,no,"[""non_binary""]",observed,observed,observed,observed,observed,observed,observed,observed,observed,observed,observed,"{""acceptable_zones"": ""observed"", ""age_max"": ""observed"", ""age_min"": ""observed"", ""has_children"": ""observed"", ""partner_children"": ""observed"", ""partner_smoking"": ""observed"", ""relationship_structure"": ""observed"", ""schedule"": ""observed"", ""smoking"": ""observed"", ""wants_children"": ""observed"", ""who_to_meet"": ""observed""}","{""acceptable_zones"": [""zone_b""], ""age_max"": 47, ""age_min"": 37, ""has_children"": true, ""partner_children"": ""no_children"", ""partner_smoking"": ""no_smoking"", ""relationship_structure"": ""monogamous"", ""schedule"": [""weekend_evening"", ""weekday_evening"", ""weekend_day""], ""smoking"": ""occasionally"", ""wants_children"": ""no"", ""who_to_meet"": [""non_binary""]}"
syn_b96a53db8c56aab2e0c078140721d4e5,constraints,6,"[""zone_c""]",41,28,False,no_children,any,monogamous,"[""weekend_evening"", ""weekend_day""]",no,yes,"[""non_binary""]",observed,observed,observed,observed,observed,observed,observed,observed,observed,observed,observed,"{""acceptable_zones"": ""observed"", ""age_max"": ""observed"", ""age_min"": ""observed"", ""has_children"": ""observed"", ""partner_children"": ""observed"", ""partner_smoking"": ""observed"", ""relationship_structure"": ""observed"", ""schedule"": ""observed"", ""smoking"": ""observed"", ""wants_children"": ""observed"", ""who_to_meet"": ""observed""}","{""acceptable_zones"": [""zone_c""], ""age_max"": 41, ""age_min"": 28, ""has_children"": false, ""partner_children"": ""no_children"", ""partner_smoking"": ""any"", ""relationship_structure"": ""monogamous"", ""schedule"": [""weekend_evening"", ""weekend_day""], ""smoking"": ""no"", ""wants_children"": ""yes"", ""who_to_meet"": [""non_binary""]}"
syn_b408c39d2454137d63423d8431a01b97,constraints,6,"[""zone_b"", ""zone_a""]",27,18,False,no_children,no_smoking,monogamous,"[""weekend_evening"", ""weekend_day"", ""weekday_evening""]",no,unsure,"[""woman""]",observed,observed,observed,observed,observed,observed,observed,observed,observed,observed,observed,"{""acceptable_zones"": ""observed"", ""age_max"": ""observed"", ""age_min"": ""observed"", ""has_children"": ""observed"", ""partner_children"": ""observed"", ""partner_smoking"": ""observed"", ""relationship_structure"": ""observed"", ""schedule"": ""observed"", ""smoking"": ""observed"", ""wants_children"": ""observed"", ""who_to_meet"": ""observed""}","{""acceptable_zones"": [""zone_b"", ""zone_a""], ""age_max"": 27, ""age_min"": 18, ""has_children"": false, ""partner_children"": ""no_children"", ""partner_smoking"": ""no_smoking"", ""relationship_structure"": ""monogamous"", ""schedule"": [""weekend_evening"", ""weekend_day"", ""weekday_evening""], ""smoking"": ""no"", ""wants_children"": ""unsure"", ""who_to_meet"": [""woman""]}"
syn_a0ef1f914dfabc7cbdf8dcf46c0bcae6,constraints,7,"[""zone_c"", ""zone_b""]",44,36,False,any,any,monogamous,"[""weekday_evening"", ""weekend_evening""]",no,no,"[""man""]",observed,observed,observed,observed,observed,observed,observed,observed,observed,observed,observed,"{""acceptable_zones"": ""observed"", ""age_max"": ""observed"", ""age_min"": ""observed"", ""has_children"": ""observed"", ""partner_children"": ""observed"", ""partner_smoking"": ""observed"", ""relationship_structure"": ""observed"", ""schedule"": ""observed"", ""smoking"": ""observed"", ""wants_children"": ""observed"", ""who_to_meet"": ""observed""}","{""acceptable_zones"": [""zone_c"", ""zone_b""], ""age_max"": 44, ""age_min"": 36, ""has_children"": false, ""partner_children"": ""any"", ""partner_smoking"": ""any"", ""relationship_structure"": ""monogamous"", ""schedule"": [""weekday_evening"", ""weekend_evening""], ""smoking"": ""no"", ""wants_children"": ""no"", ""who_to_meet"": [""man""]}"
syn_7ab5fa3a9326035c6c155e7a42097903,constraints,7,"[""zone_a""]",48,33,False,no_children,no_smoking,monogamous,"[""weekend_evening""]",no,yes,"[""non_binary""]",observed,observed,observed,observed,observed,observed,observed,observed,observed,observed,observed,"{""acceptable_zones"": ""observed"", ""age_max"": ""observed"", ""age_min"": ""observed"", ""has_children"": ""observed"", ""partner_children"": ""observed"", ""partner_smoking"": ""observed"", ""relationship_structure"": ""observed"", ""schedule"": ""observed"", ""smoking"": ""observed"", ""wants_children"": ""observed"", ""who_to_meet"": ""observed""}","{""acceptable_zones"": [""zone_a""], ""age_max"": 48, ""age_min"": 33, ""has_children"": false, ""partner_children"": ""no_children"", ""partner_smoking"": ""no_smoking"", ""relationship_structure"": ""monogamous"", ""schedule"": [""weekend_evening""], ""smoking"": ""no"", ""wants_children"": ""yes"", ""who_to_meet"": [""non_binary""]}"
syn_de9984d46958b174812fdff68ea30828,constraints,7,"[""zone_a""]",56,37,False,no_children,any,monogamous,"[""weekend_evening"", ""weekday_evening"", ""weekend_day""]",occasionally,yes,"[""woman""]",observed,observed,observed,observed,observed,observed,observed,observed,observed,observed,observed,"{""acceptable_zones"": ""observed"", ""age_max"": ""observed"", ""age_min"": ""observed"", ""has_children"": ""observed"", ""partner_children"": ""observed"", ""partner_smoking"": ""observed"", ""relationship_structure"": ""observed"", ""schedule"": ""observed"", ""smoking"": ""observed"", ""wants_children"": ""observed"", ""who_to_meet"": ""observed""}","{""acceptable_zones"": [""zone_a""], ""age_max"": 56, ""age_min"": 37, ""has_children"": false, ""partner_children"": ""no_children"", ""partner_smoking"": ""any"", ""relationship_structure"": ""monogamous"", ""schedule"": [""weekend_evening"", ""weekday_evening"", ""weekend_day""], ""smoking"": ""occasionally"", ""wants_children"": ""yes"", ""who_to_meet"": [""woman""]}"
syn_b8047d1ba862c0dde95804774a9f1228,constraints,7,"[""zone_a""]",48,29,False,any,no_smoking,monogamous,"[""weekend_evening"", ""weekday_evening"", ""weekend_day""]",no,unsure,"[""man""]",observed,observed,observed,observed,observed,observed,observed,observed,observed,observed,observed,"{""acceptable_zones"": ""observed"", ""age_max"": ""observed"", ""age_min"": ""observed"", ""has_children"": ""observed"", ""partner_children"": ""observed"", ""partner_smoking"": ""observed"", ""relationship_structure"": ""observed"", ""schedule"": ""observed"", ""smoking"": ""observed"", ""wants_children"": ""observed"", ""who_to_meet"": ""observed""}","{""acceptable_zones"": [""zone_a""], ""age_max"": 48, ""age_min"": 29, ""has_children"": false, ""partner_children"": ""any"", ""partner_smoking"": ""no_smoking"", ""relationship_structure"": ""monogamous"", ""schedule"": [""weekend_evening"", ""weekday_evening"", ""weekend_day""], ""smoking"": ""no"", ""wants_children"": ""unsure"", ""who_to_meet"": [""man""]}"
syn_686e87f9f58ad0ac7d06497cc3cc299f,constraints,8,"[""zone_a""]",32,21,False,any,any,monogamous,"[""weekend_evening""]",occasionally,yes,"[""woman""]",observed,observed,observed,observed,observed,observed,observed,observed,observed,observed,observed,"{""acceptable_zones"": ""observed"", ""age_max"": ""observed"", ""age_min"": ""observed"", ""has_children"": ""observed"", ""partner_children"": ""observed"", ""partner_smoking"": ""observed"", ""relationship_structure"": ""observed"", ""schedule"": ""observed"", ""smoking"": ""observed"", ""wants_children"": ""observed"", ""who_to_meet"": ""observed""}","{""acceptable_zones"": [""zone_a""], ""age_max"": 32, ""age_min"": 21, ""has_children"": false, ""partner_children"": ""any"", ""partner_smoking"": ""any"", ""relationship_structure"": ""monogamous"", ""schedule"": [""weekend_evening""], ""smoking"": ""occasionally"", ""wants_children"": ""yes"", ""who_to_meet"": [""woman""]}"
syn_f9cafe15371bb97f5d778e91f72560b2,constraints,8,"[""zone_c""]",50,31,False,any,any,monogamous,"[""weekend_day""]",no,no,"[""non_binary""]",observed,observed,observed,observed,observed,observed,observed,observed,observed,observed,observed,"{""acceptable_zones"": ""observed"", ""age_max"": ""observed"", ""age_min"": ""observed"", ""has_children"": ""observed"", ""partner_children"": ""observed"", ""partner_smoking"": ""observed"", ""relationship_structure"": ""observed"", ""schedule"": ""observed"", ""smoking"": ""observed"", ""wants_children"": ""observed"", ""who_to_meet"": ""observed""}","{""acceptable_zones"": [""zone_c""], ""age_max"": 50, ""age_min"": 31, ""has_children"": false, ""partner_children"": ""any"", ""partner_smoking"": ""any"", ""relationship_structure"": ""monogamous"", ""schedule"": [""weekend_day""], ""smoking"": ""no"", ""wants_children"": ""no"", ""who_to_meet"": [""non_binary""]}"
syn_aa8dfeae9952b8f07b31b3ada3f3a4a8,constraints,8,"[""zone_a""]",28,18,False,no_children,no_smoking,monogamous,"[""weekday_evening"", ""weekend_evening""]",occasionally,yes,"[""man""]",observed,observed,observed,observed,observed,observed,observed,observed,observed,observed,observed,"{""acceptable_zones"": ""observed"", ""age_max"": ""observed"", ""age_min"": ""observed"", ""has_children"": ""observed"", ""partner_children"": ""observed"", ""partner_smoking"": ""observed"", ""relationship_structure"": ""observed"", ""schedule"": ""observed"", ""smoking"": ""observed"", ""wants_children"": ""observed"", ""who_to_meet"": ""observed""}","{""acceptable_zones"": [""zone_a""], ""age_max"": 28, ""age_min"": 18, ""has_children"": false, ""partner_children"": ""no_children"", ""partner_smoking"": ""no_smoking"", ""relationship_structure"": ""monogamous"", ""schedule"": [""weekday_evening"", ""weekend_evening""], ""smoking"": ""occasionally"", ""wants_children"": ""yes"", ""who_to_meet"": [""man""]}"
syn_a7b0db9c3a0ba7079f9418439f354a94,constraints,8,"[""zone_a"", ""zone_b""]",33,19,False,any,no_smoking,monogamous,"[""weekday_evening"", ""weekend_evening"", ""weekend_day""]",no,unsure,"[""non_binary""]",observed,observed,observed,observed,observed,observed,observed,observed,observed,observed,observed,"{""acceptable_zones"": ""observed"", ""age_max"": ""observed"", ""age_min"": ""observed"", ""has_children"": ""observed"", ""partner_children"": ""observed"", ""partner_smoking"": ""observed"", ""relationship_structure"": ""observed"", ""schedule"": ""observed"", ""smoking"": ""observed"", ""wants_children"": ""observed"", ""who_to_meet"": ""observed""}","{""acceptable_zones"": [""zone_a"", ""zone_b""], ""age_max"": 33, ""age_min"": 19, ""has_children"": false, ""partner_children"": ""any"", ""partner_smoking"": ""no_smoking"", ""relationship_structure"": ""monogamous"", ""schedule"": [""weekday_evening"", ""weekend_evening"", ""weekend_day""], ""smoking"": ""no"", ""wants_children"": ""unsure"", ""who_to_meet"": [""non_binary""]}"
syn_111602846da317f9e7c801b1b732a120,constraints,9,"[""zone_a""]",48,39,True,no_children,no_smoking,monogamous,"[""weekday_evening""]",no,yes,"[""woman""]",observed,observed,observed,observed,observed,observed,observed,observed,observed,observed,observed,"{""acceptable_zones"": ""observed"", ""age_max"": ""observed"", ""age_min"": ""observed"", ""has_children"": ""observed"", ""partner_children"": ""observed"", ""partner_smoking"": ""observed"", ""relationship_structure"": ""observed"", ""schedule"": ""observed"", ""smoking"": ""observed"", ""wants_children"": ""observed"", ""who_to_meet"": ""observed""}","{""acceptable_zones"": [""zone_a""], ""age_max"": 48, ""age_min"": 39, ""has_children"": true, ""partner_children"": ""no_children"", ""partner_smoking"": ""no_smoking"", ""relationship_structure"": ""monogamous"", ""schedule"": [""weekday_evening""], ""smoking"": ""no"", ""wants_children"": ""yes"", ""who_to_meet"": [""woman""]}"
syn_6ac02d8581ce3e2ae0e90c94845e8ef1,constraints,9,"[""zone_a""]",52,41,False,no_children,any,monogamous,"[""weekend_day"", ""weekend_evening""]",no,unsure,"[""woman""]",observed,observed,observed,observed,observed,observed,observed,observed,observed,observed,observed,"{""acceptable_zones"": ""observed"", ""age_max"": ""observed"", ""age_min"": ""observed"", ""has_children"": ""observed"", ""partner_children"": ""observed"", ""partner_smoking"": ""observed"", ""relationship_structure"": ""observed"", ""schedule"": ""observed"", ""smoking"": ""observed"", ""wants_children"": ""observed"", ""who_to_meet"": ""observed""}","{""acceptable_zones"": [""zone_a""], ""age_max"": 52, ""age_min"": 41, ""has_children"": false, ""partner_children"": ""no_children"", ""partner_smoking"": ""any"", ""relationship_structure"": ""monogamous"", ""schedule"": [""weekend_day"", ""weekend_evening""], ""smoking"": ""no"", ""wants_children"": ""unsure"", ""who_to_meet"": [""woman""]}"
syn_b88ce89501a2379d43b0bdc80333e3cb,constraints,9,"[""zone_c"", ""zone_d""]",48,34,True,no_children,any,monogamous,"[""weekday_evening"", ""weekend_day""]",no,no,"[""non_binary""]",observed,observed,observed,observed,observed,observed,observed,observed,observed,observed,observed,"{""acceptable_zones"": ""observed"", ""age_max"": ""observed"", ""age_min"": ""observed"", ""has_children"": ""observed"", ""partner_children"": ""observed"", ""partner_smoking"": ""observed"", ""relationship_structure"": ""observed"", ""schedule"": ""observed"", ""smoking"": ""observed"", ""wants_children"": ""observed"", ""who_to_meet"": ""observed""}","{""acceptable_zones"": [""zone_c"", ""zone_d""], ""age_max"": 48, ""age_min"": 34, ""has_children"": true, ""partner_children"": ""no_children"", ""partner_smoking"": ""any"", ""relationship_structure"": ""monogamous"", ""schedule"": [""weekday_evening"", ""weekend_day""], ""smoking"": ""no"", ""wants_children"": ""no"", ""who_to_meet"": [""non_binary""]}"
syn_b620ae64ac96d2c24a74bbaf6ed85daa,constraints,9,"[""zone_d""]",49,36,False,no_children,any,monogamous,"[""weekend_day""]",no,unsure,"[""man""]",observed,observed,observed,observed,observed,observed,observed,observed,observed,observed,observed,"{""acceptable_zones"": ""observed"", ""age_max"": ""observed"", ""age_min"": ""observed"", ""has_children"": ""observed"", ""partner_children"": ""observed"", ""partner_smoking"": ""observed"", ""relationship_structure"": ""observed"", ""schedule"": ""observed"", ""smoking"": ""observed"", ""wants_children"": ""observed"", ""who_to_meet"": ""observed""}","{""acceptable_zones"": [""zone_d""], ""age_max"": 49, ""age_min"": 36, ""has_children"": false, ""partner_children"": ""no_children"", ""partner_smoking"": ""any"", ""relationship_structure"": ""monogamous"", ""schedule"": [""weekend_day""], ""smoking"": ""no"", ""wants_children"": ""unsure"", ""who_to_meet"": [""man""]}"
syn_23e4326f5b03be11fbfa4487934676e2,constraints,10,"[""zone_c"", ""zone_d""]",45,30,False,any,any,monogamous,"[""weekend_evening""]",no,unsure,"[""woman""]",observed,observed,observed,observed,observed,observed,observed,observed,observed,observed,observed,"{""acceptable_zones"": ""observed"", ""age_max"": ""observed"", ""age_min"": ""observed"", ""has_children"": ""observed"", ""partner_children"": ""observed"", ""partner_smoking"": ""observed"", ""relationship_structure"": ""observed"", ""schedule"": ""observed"", ""smoking"": ""observed"", ""wants_children"": ""observed"", ""who_to_meet"": ""observed""}","{""acceptable_zones"": [""zone_c"", ""zone_d""], ""age_max"": 45, ""age_min"": 30, ""has_children"": false, ""partner_children"": ""any"", ""partner_smoking"": ""any"", ""relationship_structure"": ""monogamous"", ""schedule"": [""weekend_evening""], ""smoking"": ""no"", ""wants_children"": ""unsure"", ""who_to_meet"": [""woman""]}"
syn_7c2d8b1ab9d514924a77c6a9f5814290,constraints,10,"[""zone_d"", ""zone_c""]",34,18,True,any,no_smoking,monogamous,"[""weekend_evening""]",occasionally,unsure,"[""woman""]",observed,observed,observed,observed,observed,observed,observed,observed,observed,observed,observed,"{""acceptable_zones"": ""observed"", ""age_max"": ""observed"", ""age_min"": ""observed"", ""has_children"": ""observed"", ""partner_children"": ""observed"", ""partner_smoking"": ""observed"", ""relationship_structure"": ""observed"", ""schedule"": ""observed"", ""smoking"": ""observed"", ""wants_children"": ""observed"", ""who_to_meet"": ""observed""}","{""acceptable_zones"": [""zone_d"", ""zone_c""], ""age_max"": 34, ""age_min"": 18, ""has_children"": true, ""partner_children"": ""any"", ""partner_smoking"": ""no_smoking"", ""relationship_structure"": ""monogamous"", ""schedule"": [""weekend_evening""], ""smoking"": ""occasionally"", ""wants_children"": ""unsure"", ""who_to_meet"": [""woman""]}"
syn_832e73f63b822a721404d55cb10ab446,constraints,10,"[""zone_b""]",49,34,False,no_children,any,monogamous,"[""weekend_day"", ""weekday_evening"", ""weekend_evening""]",no,unsure,"[""non_binary"", ""man""]",observed,observed,observed,observed,observed,observed,observed,observed,observed,observed,observed,"{""acceptable_zones"": ""observed"", ""age_max"": ""observed"", ""age_min"": ""observed"", ""has_children"": ""observed"", ""partner_children"": ""observed"", ""partner_smoking"": ""observed"", ""relationship_structure"": ""observed"", ""schedule"": ""observed"", ""smoking"": ""observed"", ""wants_children"": ""observed"", ""who_to_meet"": ""observed""}","{""acceptable_zones"": [""zone_b""], ""age_max"": 49, ""age_min"": 34, ""has_children"": false, ""partner_children"": ""no_children"", ""partner_smoking"": ""any"", ""relationship_structure"": ""monogamous"", ""schedule"": [""weekend_day"", ""weekday_evening"", ""weekend_evening""], ""smoking"": ""no"", ""wants_children"": ""unsure"", ""who_to_meet"": [""non_binary"", ""man""]}"
syn_eec47052e2896a1d26e1db44a0b667b9,constraints,10,"[""zone_a""]",41,30,False,any,any,non_monogamous,"[""weekday_evening"", ""weekend_evening"", ""weekend_day""]",no,no,"[""non_binary""]",observed,observed,observed,observed,observed,observed,observed,observed,observed,observed,observed,"{""acceptable_zones"": ""observed"", ""age_max"": ""observed"", ""age_min"": ""observed"", ""has_children"": ""observed"", ""partner_children"": ""observed"", ""partner_smoking"": ""observed"", ""relationship_structure"": ""observed"", ""schedule"": ""observed"", ""smoking"": ""observed"", ""wants_children"": ""observed"", ""who_to_meet"": ""observed""}","{""acceptable_zones"": [""zone_a""], ""age_max"": 41, ""age_min"": 30, ""has_children"": false, ""partner_children"": ""any"", ""partner_smoking"": ""any"", ""relationship_structure"": ""non_monogamous"", ""schedule"": [""weekday_evening"", ""weekend_evening"", ""weekend_day""], ""smoking"": ""no"", ""wants_children"": ""no"", ""who_to_meet"": [""non_binary""]}"
syn_d1fa9c9c5f42899c78d34bd35e36c34c,constraints,11,"[""zone_a""]",39,21,False,no_children,no_smoking,monogamous,"[""weekday_evening""]",no,no,"[""man""]",observed,observed,observed,observed,observed,observed,observed,observed,observed,observed,observed,"{""acceptable_zones"": ""observed"", ""age_max"": ""observed"", ""age_min"": ""observed"", ""has_children"": ""observed"", ""partner_children"": ""observed"", ""partner_smoking"": ""observed"", ""relationship_structure"": ""observed"", ""schedule"": ""observed"", ""smoking"": ""observed"", ""wants_children"": ""observed"", ""who_to_meet"": ""observed""}","{""acceptable_zones"": [""zone_a""], ""age_max"": 39, ""age_min"": 21, ""has_children"": false, ""partner_children"": ""no_children"", ""partner_smoking"": ""no_smoking"", ""relationship_structure"": ""monogamous"", ""schedule"": [""weekday_evening""], ""smoking"": ""no"", ""wants_children"": ""no"", ""who_to_meet"": [""man""]}"
syn_6fb76039ce14ae7e7b091cfd4aa2fab9,constraints,11,"[""zone_a""]",49,43,False,any,no_smoking,monogamous,"[""weekend_evening"", ""weekday_evening""]",occasionally,unsure,"[""woman""]",observed,observed,observed,observed,observed,observed,observed,observed,observed,observed,observed,"{""acceptable_zones"": ""observed"", ""age_max"": ""observed"", ""age_min"": ""observed"", ""has_children"": ""observed"", ""partner_children"": ""observed"", ""partner_smoking"": ""observed"", ""relationship_structure"": ""observed"", ""schedule"": ""observed"", ""smoking"": ""observed"", ""wants_children"": ""observed"", ""who_to_meet"": ""observed""}","{""acceptable_zones"": [""zone_a""], ""age_max"": 49, ""age_min"": 43, ""has_children"": false, ""partner_children"": ""any"", ""partner_smoking"": ""no_smoking"", ""relationship_structure"": ""monogamous"", ""schedule"": [""weekend_evening"", ""weekday_evening""], ""smoking"": ""occasionally"", ""wants_children"": ""unsure"", ""who_to_meet"": [""woman""]}"
syn_7d7e99976ca0f0a02445ed09eb98faf9,constraints,11,"[""zone_b""]",41,32,False,any,no_smoking,monogamous,"[""weekend_evening"", ""weekend_day"", ""weekday_evening""]",no,yes,"[""non_binary""]",observed,observed,observed,observed,observed,observed,observed,observed,observed,observed,observed,"{""acceptable_zones"": ""observed"", ""age_max"": ""observed"", ""age_min"": ""observed"", ""has_children"": ""observed"", ""partner_children"": ""observed"", ""partner_smoking"": ""observed"", ""relationship_structure"": ""observed"", ""schedule"": ""observed"", ""smoking"": ""observed"", ""wants_children"": ""observed"", ""who_to_meet"": ""observed""}","{""acceptable_zones"": [""zone_b""], ""age_max"": 41, ""age_min"": 32, ""has_children"": false, ""partner_children"": ""any"", ""partner_smoking"": ""no_smoking"", ""relationship_structure"": ""monogamous"", ""schedule"": [""weekend_evening"", ""weekend_day"", ""weekday_evening""], ""smoking"": ""no"", ""wants_children"": ""yes"", ""who_to_meet"": [""non_binary""]}"
syn_813e07996549616e235d37a1f6ed4cbd,constraints,11,"[""zone_a""]",27,18,True,any,no_smoking,monogamous,"[""weekend_evening"", ""weekend_day""]",no,no,"[""man""]",observed,observed,observed,observed,observed,observed,observed,observed,observed,observed,observed,"{""acceptable_zones"": ""observed"", ""age_max"": ""observed"", ""age_min"": ""observed"", ""has_children"": ""observed"", ""partner_children"": ""observed"", ""partner_smoking"": ""observed"", ""relationship_structure"": ""observed"", ""schedule"": ""observed"", ""smoking"": ""observed"", ""wants_children"": ""observed"", ""who_to_meet"": ""observed""}","{""acceptable_zones"": [""zone_a""], ""age_max"": 27, ""age_min"": 18, ""has_children"": true, ""partner_children"": ""any"", ""partner_smoking"": ""no_smoking"", ""relationship_structure"": ""monogamous"", ""schedule"": [""weekend_evening"", ""weekend_day""], ""smoking"": ""no"", ""wants_children"": ""no"", ""who_to_meet"": [""man""]}"
syn_5c7942d620c9bb18862da0ce182ebeb7,constraints,12,"[""zone_c""]",46,35,False,no_children,no_smoking,monogamous,"[""weekend_day"", ""weekend_evening""]",no,yes,"[""woman""]",observed,observed,observed,observed,observed,observed,observed,observed,observed,observed,observed,"{""acceptable_zones"": ""observed"", ""age_max"": ""observed"", ""age_min"": ""observed"", ""has_children"": ""observed"", ""partner_children"": ""observed"", ""partner_smoking"": ""observed"", ""relationship_structure"": ""observed"", ""schedule"": ""observed"", ""smoking"": ""observed"", ""wants_children"": ""observed"", ""who_to_meet"": ""observed""}","{""acceptable_zones"": [""zone_c""], ""age_max"": 46, ""age_min"": 35, ""has_children"": false, ""partner_children"": ""no_children"", ""partner_smoking"": ""no_smoking"", ""relationship_structure"": ""monogamous"", ""schedule"": [""weekend_day"", ""weekend_evening""], ""smoking"": ""no"", ""wants_children"": ""yes"", ""who_to_meet"": [""woman""]}"
syn_c821d0bab19f4345722361c4ec876a0f,constraints,12,"[""zone_c""]",39,29,False,any,any,monogamous,"[""weekend_day"", ""weekday_evening"", ""weekend_evening""]",no,unsure,"[""man""]",observed,observed,observed,observed,observed,observed,observed,observed,observed,observed,observed,"{""acceptable_zones"": ""observed"", ""age_max"": ""observed"", ""age_min"": ""observed"", ""has_children"": ""observed"", ""partner_children"": ""observed"", ""partner_smoking"": ""observed"", ""relationship_structure"": ""observed"", ""schedule"": ""observed"", ""smoking"": ""observed"", ""wants_children"": ""observed"", ""who_to_meet"": ""observed""}","{""acceptable_zones"": [""zone_c""], ""age_max"": 39, ""age_min"": 29, ""has_children"": false, ""partner_children"": ""any"", ""partner_smoking"": ""any"", ""relationship_structure"": ""monogamous"", ""schedule"": [""weekend_day"", ""weekday_evening"", ""weekend_evening""], ""smoking"": ""no"", ""wants_children"": ""unsure"", ""who_to_meet"": [""man""]}"
syn_6badfc689488b1238947878d71ece0a3,constraints,12,"[""zone_a""]",34,19,False,no_children,no_smoking,monogamous,"[""weekend_day"", ""weekend_evening"", ""weekday_evening""]",no,no,"[""woman""]",observed,observed,observed,observed,observed,observed,observed,observed,observed,observed,observed,"{""acceptable_zones"": ""observed"", ""age_max"": ""observed"", ""age_min"": ""observed"", ""has_children"": ""observed"", ""partner_children"": ""observed"", ""partner_smoking"": ""observed"", ""relationship_structure"": ""observed"", ""schedule"": ""observed"", ""smoking"": ""observed"", ""wants_children"": ""observed"", ""who_to_meet"": ""observed""}","{""acceptable_zones"": [""zone_a""], ""age_max"": 34, ""age_min"": 19, ""has_children"": false, ""partner_children"": ""no_children"", ""partner_smoking"": ""no_smoking"", ""relationship_structure"": ""monogamous"", ""schedule"": [""weekend_day"", ""weekend_evening"", ""weekday_evening""], ""smoking"": ""no"", ""wants_children"": ""no"", ""who_to_meet"": [""woman""]}"
syn_49d17f5f15e37703c9e25a6a584e292c,constraints,12,"[""zone_b"", ""zone_a""]",49,41,False,no_children,any,non_monogamous,"[""weekend_evening"", ""weekday_evening""]",no,unsure,"[""non_binary"", ""man""]",observed,observed,observed,observed,observed,observed,observed,observed,observed,observed,observed,"{""acceptable_zones"": ""observed"", ""age_max"": ""observed"", ""age_min"": ""observed"", ""has_children"": ""observed"", ""partner_children"": ""observed"", ""partner_smoking"": ""observed"", ""relationship_structure"": ""observed"", ""schedule"": ""observed"", ""smoking"": ""observed"", ""wants_children"": ""observed"", ""who_to_meet"": ""observed""}","{""acceptable_zones"": [""zone_b"", ""zone_a""], ""age_max"": 49, ""age_min"": 41, ""has_children"": false, ""partner_children"": ""no_children"", ""partner_smoking"": ""any"", ""relationship_structure"": ""non_monogamous"", ""schedule"": [""weekend_evening"", ""weekday_evening""], ""smoking"": ""no"", ""wants_children"": ""unsure"", ""who_to_meet"": [""non_binary"", ""man""]}"
syn_4e2ce9dab719484b32466de84496bc10,constraints,13,"[""zone_c""]",34,26,True,any,any,monogamous,"[""weekend_evening"", ""weekday_evening""]",no,no,"[""man"", ""non_binary""]",observed,observed,observed,observed,observed,observed,observed,observed,observed,observed,observed,"{""acceptable_zones"": ""observed"", ""age_max"": ""observed"", ""age_min"": ""observed"", ""has_children"": ""observed"", ""partner_children"": ""observed"", ""partner_smoking"": ""observed"", ""relationship_structure"": ""observed"", ""schedule"": ""observed"", ""smoking"": ""observed"", ""wants_children"": ""observed"", ""who_to_meet"": ""observed""}","{""acceptable_zones"": [""zone_c""], ""age_max"": 34, ""age_min"": 26, ""has_children"": true, ""partner_children"": ""any"", ""partner_smoking"": ""any"", ""relationship_structure"": ""monogamous"", ""schedule"": [""weekend_evening"", ""weekday_evening""], ""smoking"": ""no"", ""wants_children"": ""no"", ""who_to_meet"": [""man"", ""non_binary""]}"
syn_ddaeab02ef82dd5a078cf3e851f2a10f,constraints,14,"[""zone_a"", ""zone_d""]",52,37,False,no_children,any,monogamous,"[""weekend_day"", ""weekday_evening""]",occasionally,no,"[""woman""]",observed,observed,observed,observed,observed,observed,observed,observed,observed,observed,observed,"{""acceptable_zones"": ""observed"", ""age_max"": ""observed"", ""age_min"": ""observed"", ""has_children"": ""observed"", ""partner_children"": ""observed"", ""partner_smoking"": ""observed"", ""relationship_structure"": ""observed"", ""schedule"": ""observed"", ""smoking"": ""observed"", ""wants_children"": ""observed"", ""who_to_meet"": ""observed""}","{""acceptable_zones"": [""zone_a"", ""zone_d""], ""age_max"": 52, ""age_min"": 37, ""has_children"": false, ""partner_children"": ""no_children"", ""partner_smoking"": ""any"", ""relationship_structure"": ""monogamous"", ""schedule"": [""weekend_day"", ""weekday_evening""], ""smoking"": ""occasionally"", ""wants_children"": ""no"", ""who_to_meet"": [""woman""]}"
syn_495db021ac8d1a7e14d1734c7eab475c,constraints,15,"[""zone_b"", ""zone_d""]",34,27,False,no_children,any,monogamous,"[""weekday_evening""]",no,no,"[""non_binary""]",observed,observed,observed,observed,observed,observed,observed,observed,observed,observed,observed,"{""acceptable_zones"": ""observed"", ""age_max"": ""observed"", ""age_min"": ""observed"", ""has_children"": ""observed"", ""partner_children"": ""observed"", ""partner_smoking"": ""observed"", ""relationship_structure"": ""observed"", ""schedule"": ""observed"", ""smoking"": ""observed"", ""wants_children"": ""observed"", ""who_to_meet"": ""observed""}","{""acceptable_zones"": [""zone_b"", ""zone_d""], ""age_max"": 34, ""age_min"": 27, ""has_children"": false, ""partner_children"": ""no_children"", ""partner_smoking"": ""any"", ""relationship_structure"": ""monogamous"", ""schedule"": [""weekday_evening""], ""smoking"": ""no"", ""wants_children"": ""no"", ""who_to_meet"": [""non_binary""]}"
syn_cea12821b29a2cbe1e76db200617d67d,constraints,16,"[""zone_a""]",29,18,True,no_children,no_smoking,monogamous,"[""weekend_day"", ""weekday_evening"", ""weekend_evening""]",occasionally,no,"[""woman""]",observed,observed,observed,observed,observed,observed,observed,observed,observed,observed,observed,"{""acceptable_zones"": ""observed"", ""age_max"": ""observed"", ""age_min"": ""observed"", ""has_children"": ""observed"", ""partner_children"": ""observed"", ""partner_smoking"": ""observed"", ""relationship_structure"": ""observed"", ""schedule"": ""observed"", ""smoking"": ""observed"", ""wants_children"": ""observed"", ""who_to_meet"": ""observed""}","{""acceptable_zones"": [""zone_a""], ""age_max"": 29, ""age_min"": 18, ""has_children"": true, ""partner_children"": ""no_children"", ""partner_smoking"": ""no_smoking"", ""relationship_structure"": ""monogamous"", ""schedule"": [""weekend_day"", ""weekday_evening"", ""weekend_evening""], ""smoking"": ""occasionally"", ""wants_children"": ""no"", ""who_to_meet"": [""woman""]}"
syn_8da2dcd9f33f276e69881d69d03b1193,constraints,16,"[""zone_b""]",46,34,False,no_children,any,monogamous,"[""weekday_evening""]",no,unsure,"[""non_binary""]",observed,observed,observed,observed,observed,observed,observed,observed,observed,observed,observed,"{""acceptable_zones"": ""observed"", ""age_max"": ""observed"", ""age_min"": ""observed"", ""has_children"": ""observed"", ""partner_children"": ""observed"", ""partner_smoking"": ""observed"", ""relationship_structure"": ""observed"", ""schedule"": ""observed"", ""smoking"": ""observed"", ""wants_children"": ""observed"", ""who_to_meet"": ""observed""}","{""acceptable_zones"": [""zone_b""], ""age_max"": 46, ""age_min"": 34, ""has_children"": false, ""partner_children"": ""no_children"", ""partner_smoking"": ""any"", ""relationship_structure"": ""monogamous"", ""schedule"": [""weekday_evening""], ""smoking"": ""no"", ""wants_children"": ""unsure"", ""who_to_meet"": [""non_binary""]}"
syn_d6d626f91a4f9109158f32e8bf250592,constraints,17,"[""zone_b""]",48,39,False,no_children,any,monogamous,"[""weekday_evening"", ""weekend_day""]",yes,unsure,"[""man""]",observed,observed,observed,observed,observed,observed,observed,observed,observed,observed,observed,"{""acceptable_zones"": ""observed"", ""age_max"": ""observed"", ""age_min"": ""observed"", ""has_children"": ""observed"", ""partner_children"": ""observed"", ""partner_smoking"": ""observed"", ""relationship_structure"": ""observed"", ""schedule"": ""observed"", ""smoking"": ""observed"", ""wants_children"": ""observed"", ""who_to_meet"": ""observed""}","{""acceptable_zones"": [""zone_b""], ""age_max"": 48, ""age_min"": 39, ""has_children"": false, ""partner_children"": ""no_children"", ""partner_smoking"": ""any"", ""relationship_structure"": ""monogamous"", ""schedule"": [""weekday_evening"", ""weekend_day""], ""smoking"": ""yes"", ""wants_children"": ""unsure"", ""who_to_meet"": [""man""]}"
syn_c1124b9c00beb2a6a0b4a18bf0c9f540,constraints,17,"[""zone_b""]",47,38,False,any,any,monogamous,"[""weekday_evening"", ""weekend_day""]",no,no,"[""woman"", ""non_binary""]",observed,observed,observed,observed,observed,observed,observed,observed,observed,observed,observed,"{""acceptable_zones"": ""observed"", ""age_max"": ""observed"", ""age_min"": ""observed"", ""has_children"": ""observed"", ""partner_children"": ""observed"", ""partner_smoking"": ""observed"", ""relationship_structure"": ""observed"", ""schedule"": ""observed"", ""smoking"": ""observed"", ""wants_children"": ""observed"", ""who_to_meet"": ""observed""}","{""acceptable_zones"": [""zone_b""], ""age_max"": 47, ""age_min"": 38, ""has_children"": false, ""partner_children"": ""any"", ""partner_smoking"": ""any"", ""relationship_structure"": ""monogamous"", ""schedule"": [""weekday_evening"", ""weekend_day""], ""smoking"": ""no"", ""wants_children"": ""no"", ""who_to_meet"": [""woman"", ""non_binary""]}"
syn_1b8d15f11031c19fadc9f1abd8ee0d1c,constraints,18,"[""zone_c""]",33,24,False,no_children,any,monogamous,"[""weekend_evening"", ""weekday_evening"", ""weekend_day""]",no,yes,"[""non_binary""]",observed,observed,observed,observed,observed,observed,observed,observed,observed,observed,observed,"{""acceptable_zones"": ""observed"", ""age_max"": ""observed"", ""age_min"": ""observed"", ""has_children"": ""observed"", ""partner_children"": ""observed"", ""partner_smoking"": ""observed"", ""relationship_structure"": ""observed"", ""schedule"": ""observed"", ""smoking"": ""observed"", ""wants_children"": ""observed"", ""who_to_meet"": ""observed""}","{""acceptable_zones"": [""zone_c""], ""age_max"": 33, ""age_min"": 24, ""has_children"": false, ""partner_children"": ""no_children"", ""partner_smoking"": ""any"", ""relationship_structure"": ""monogamous"", ""schedule"": [""weekend_evening"", ""weekday_evening"", ""weekend_day""], ""smoking"": ""no"", ""wants_children"": ""yes"", ""who_to_meet"": [""non_binary""]}"
syn_3023dea18dda9617724bc8b176cb966c,constraints,20,"[""zone_a""]",30,22,False,any,any,monogamous,"[""weekend_day"", ""weekday_evening""]",no,unsure,"[""woman""]",observed,observed,observed,observed,observed,observed,observed,observed,observed,observed,observed,"{""acceptable_zones"": ""observed"", ""age_max"": ""observed"", ""age_min"": ""observed"", ""has_children"": ""observed"", ""partner_children"": ""observed"", ""partner_smoking"": ""observed"", ""relationship_structure"": ""observed"", ""schedule"": ""observed"", ""smoking"": ""observed"", ""wants_children"": ""observed"", ""who_to_meet"": ""observed""}","{""acceptable_zones"": [""zone_a""], ""age_max"": 30, ""age_min"": 22, ""has_children"": false, ""partner_children"": ""any"", ""partner_smoking"": ""any"", ""relationship_structure"": ""monogamous"", ""schedule"": [""weekend_day"", ""weekday_evening""], ""smoking"": ""no"", ""wants_children"": ""unsure"", ""who_to_meet"": [""woman""]}"
syn_b7496f90a50a3089f452431c5344bcc0,constraints,20,"[""zone_a""]",39,29,False,any,no_smoking,monogamous,"[""weekend_day""]",no,no,"[""woman""]",observed,observed,observed,observed,observed,observed,observed,observed,observed,observed,observed,"{""acceptable_zones"": ""observed"", ""age_max"": ""observed"", ""age_min"": ""observed"", ""has_children"": ""observed"", ""partner_children"": ""observed"", ""partner_smoking"": ""observed"", ""relationship_structure"": ""observed"", ""schedule"": ""observed"", ""smoking"": ""observed"", ""wants_children"": ""observed"", ""who_to_meet"": ""observed""}","{""acceptable_zones"": [""zone_a""], ""age_max"": 39, ""age_min"": 29, ""has_children"": false, ""partner_children"": ""any"", ""partner_smoking"": ""no_smoking"", ""relationship_structure"": ""monogamous"", ""schedule"": [""weekend_day""], ""smoking"": ""no"", ""wants_children"": ""no"", ""who_to_meet"": [""woman""]}"
syn_90ceba4bcddb713f4bd8371d5e3a576f,constraints,20,"[""zone_a""]",33,18,False,no_children,any,non_monogamous,"[""weekend_evening"", ""weekday_evening"", ""weekend_day""]",occasionally,unsure,"[""man""]",observed,observed,observed,observed,observed,observed,observed,observed,observed,observed,observed,"{""acceptable_zones"": ""observed"", ""age_max"": ""observed"", ""age_min"": ""observed"", ""has_children"": ""observed"", ""partner_children"": ""observed"", ""partner_smoking"": ""observed"", ""relationship_structure"": ""observed"", ""schedule"": ""observed"", ""smoking"": ""observed"", ""wants_children"": ""observed"", ""who_to_meet"": ""observed""}","{""acceptable_zones"": [""zone_a""], ""age_max"": 33, ""age_min"": 18, ""has_children"": false, ""partner_children"": ""no_children"", ""partner_smoking"": ""any"", ""relationship_structure"": ""non_monogamous"", ""schedule"": [""weekend_evening"", ""weekday_evening"", ""weekend_day""], ""smoking"": ""occasionally"", ""wants_children"": ""unsure"", ""who_to_meet"": [""man""]}"
