assigned_day,introduction_id,logging_policy,propensity,response_deadline_day,user_a,user_b
0,intro_8bd21e4ffc86aaea39a2d2a6,baseline_or_submitted_policy,,7,syn_18d986aa37af2511c082299a5761d468,syn_7c77dc3fed3c9092d49762509caa5fc6
0,intro_1d1dad28a2d2a325ca5c5047,baseline_or_submitted_policy,,7,syn_28d204dbbdf42cee5a3030880cdd1e0c,syn_a72c9a6d703188c5bf395cb08b22a890
0,intro_2d85312f675b436299a3538a,baseline_or_submitted_policy,,7,syn_33d428aa932221ff0207b962000f6cf6,syn_fad3c39c0c2784209ab31e3130339a95
0,intro_eefc08e3f96f21ffbedc88ec,baseline_or_submitted_policy,,7,syn_3de295dd7f95a97ede178c9673e88811,syn_c6e4f83f2da6ac827863b999ed06de72
0,intro_b6d6ebda3b62f6a0c3dd5013,baseline_or_submitted_policy,,7,syn_46fdd2c8ce656d8ba2c9ab45c38b2c65,syn_e712d22fcebac37a97c72a6a2bb621ae
0,intro_848e3bb1d483abc4b9a2abda,baseline_or_submitted_policy,,7,syn_573a03b8dfad5abf64e89241a2254f1d,syn_c5c2bb619143326f31f63696f69ba473
0,intro_21cfea93d91273a58788e305,baseline_or_submitted_policy,,7,syn_69f9950eab46dd7b3436e3a03aa0301b,syn_adceff5fd708b28f5d24b039075b98ec
0,intro_a3be5d9d8705e264fb16b987,baseline_or_submitted_policy,,7,syn_95b4390297b33290d26736f7e4eafb39,syn_f92952a8966a085892fde0dcea9f7050
0,intro_adab16a26d4ab97834e9e0e5,baseline_or_submitted_policy,,7,syn_9ee09e49e4f8aded8b0d14e1e58a6462,syn_b76db7568e88b218da71968ae37776ca
0,intro_45db78f8db81bc25fe17794b,baseline_or_submitted_policy,,7,syn_cb5a779ce64228622150a5537eb8e76d,syn_d5ba8f6f67e0a59e3446787c14834d8f
1,intro_a3f99aa9bf08d9b0b018f591,baseline_or_submitted_policy,,8,syn_0ec7fffa4e94cb8226152f02b68c7802,syn_60ccee178fb47eb6a57dfa71f44fab46
1,intro_219072989f0a67234adcbd27,baseline_or_submitted_policy,,8,syn_306fc796ca44265fedefc3320ee53b4b,syn_bd313c33a2dfe80569df7e081fa7e16c
2,intro_0bc822c8934e42eb17295957,baseline_or_submitted_policy,,9,syn_8d1e58752ea52f6d144a33359b795309,syn_b87520850b5cdc86b34287cf94dc8e2b
4,intro_a4f6b85904532540454df239,baseline_or_submitted_policy,,11,syn_9b4bd1d628f180c12716bd357a84f23c,syn_bfed6ae3b16fdb9ff14bcd55c92c3e23
6,intro_fd1e35eb4ec2dfa70aa19262,baseline_or_submitted_policy,,13,syn_332a5404f56c90fe84a769ae204a9303,syn_87fbfc22893c5609e9edb33f210b5274
6,intro_3d21a385a7cc8841d03e6480,baseline_or_submitted_policy,,13,syn_372f1c7073e08c15f2d50a0e6d680800,syn_3d00cfdea3a9b27bb5b4946c3261a8c9
8,intro_c94a17cade78b1043577e98e,baseline_or_submitted_policy,,15,syn_1551ea976e4527d2ba7e4c210cdf6658,syn_fad3c39c0c2784209ab31e3130339a95
8,intro_966add52fd36cb500cfec0fe,baseline_or_submitted_policy,,15,syn_18d986aa37af2511c082299a5761d468,syn_a72c9a6d703188c5bf395cb08b22a890
8,intro_7ad3276a69f21be4a0c4d261,baseline_or_submitted_policy,,15,syn_28d204dbbdf42cee5a3030880cdd1e0c,syn_573a03b8dfad5abf64e89241a2254f1d
8,intro_2826d7cdfb7bfb824f5719c9,baseline_or_submitted_policy,,15,syn_3de295dd7f95a97ede178c9673e88811,syn_b8047d1ba862c0dde95804774a9f1228
8,intro_d3137805721eae9f1855fb5c,baseline_or_submitted_policy,,15,syn_46fdd2c8ce656d8ba2c9ab45c38b2c65,syn_95b4390297b33290d26736f7e4eafb39
8,intro_cbf9c85b9cbf4bb9210f62b4,baseline_or_submitted_policy,,15,syn_5b8d7027d0fe03fd6637867233485951,syn_686e87f9f58ad0ac7d06497cc3cc299f
8,intro_d490026b5a673e2c76dbffe3,baseline_or_submitted_policy,,15,syn_c5c2bb619143326f31f63696f69ba473,syn_fd8122bc2d96f071c6a9fe865fc309e6
8,intro_ae1cf899d12b41527934cb85,baseline_or_submitted_policy,,15,syn_c6e4f83f2da6ac827863b999ed06de72,syn_dd947b8ca242c44863cf601fe65d57ed
8,intro_08844a7c8edf490230591f6c,baseline_or_submitted_policy,,15,syn_cb5a779ce64228622150a5537eb8e76d,syn_f92952a8966a085892fde0dcea9f7050
8,intro_b103f40f371440d6be764766,baseline_or_submitted_policy,,15,syn_d5ba8f6f67e0a59e3446787c14834d8f,syn_f4bb9a7cc9774c227eaef317d3e5b192
9,intro_8df65c423a5f1b79d2a59faa,baseline_or_submitted_policy,,16,syn_306fc796ca44265fedefc3320ee53b4b,syn_a2df2f4cb371057e5e2d438bc7abe1b6
9,intro_39ccc738ab31fe7277475d6d,baseline_or_submitted_policy,,16,syn_6ac02d8581ce3e2ae0e90c94845e8ef1,syn_b890454d3ef6bc5190b0e2321497e5da
10,intro_fe8a6e221550e28bf8c863b6,baseline_or_submitted_policy,,17,syn_0a6f208259664965821fb5ca42976e06,syn_832e73f63b822a721404d55cb10ab446
10,intro_684bf9a865fb655f2d745033,baseline_or_submitted_policy,,17,syn_23e4326f5b03be11fbfa4487934676e2,syn_a0ef1f914dfabc7cbdf8dcf46c0bcae6
11,intro_bb6c700133cb6412c3a8640f,baseline_or_submitted_policy,,18,syn_07d00e0f0be2b15987bd4822db536e5b,syn_813e07996549616e235d37a1f6ed4cbd
12,intro_bc1ffa09fb0304148de58212,baseline_or_submitted_policy,,19,syn_0d8307b30c70467d91e58f68688dc85f,syn_7c77dc3fed3c9092d49762509caa5fc6
13,intro_abbd1de3fb4d1bae42d9b5ff,baseline_or_submitted_policy,,20,syn_730e120c211bd2647b3d41ab05bacd66,syn_e252c24579bd0e85706f1ef6dd1a2e88
14,intro_bcf91bc071cb35f4266d4e6a,baseline_or_submitted_policy,,21,syn_332a5404f56c90fe84a769ae204a9303,syn_d1fa9c9c5f42899c78d34bd35e36c34c
14,intro_c3e659dcfaed5d6840acc268,baseline_or_submitted_policy,,21,syn_3d00cfdea3a9b27bb5b4946c3261a8c9,syn_bd313c33a2dfe80569df7e081fa7e16c
14,intro_48b976cd4e8bbf62d98e4816,baseline_or_submitted_policy,,21,syn_87fbfc22893c5609e9edb33f210b5274,syn_b87520850b5cdc86b34287cf94dc8e2b
15,intro_e2437951a643d1b0d3516747,baseline_or_submitted_policy,,22,syn_42b386591be280dda52f19fa176c271e,syn_e4623c8b9109e401b9763929d850ad12
16,intro_e4b80fbf66fb792743cf56c2,baseline_or_submitted_policy,,23,syn_0ec7fffa4e94cb8226152f02b68c7802,syn_95b4390297b33290d26736f7e4eafb39
16,intro_deec59654bead722974a2c5c,baseline_or_submitted_policy,,23,syn_1551ea976e4527d2ba7e4c210cdf6658,syn_9583224e7d1037276bd9ea879ee314c3
16,intro_eaa1c4a2adc94c3ef4b2350c,baseline_or_submitted_policy,,23,syn_28d204dbbdf42cee5a3030880cdd1e0c,syn_f4bb9a7cc9774c227eaef317d3e5b192
16,intro_84376714b6926e7ae3f3cd74,baseline_or_submitted_policy,,23,syn_2c21d1d4aa3246ecf554167d645764b1,syn_6d8cc1742272b49c3bf6574d4dea47bb
16,intro_5efc86f24ca369fe8e60c54f,baseline_or_submitted_policy,,23,syn_372f1c7073e08c15f2d50a0e6d680800,syn_c5c2bb619143326f31f63696f69ba473
16,intro_ef35ad1a2209b748ad653caa,baseline_or_submitted_policy,,23,syn_46fdd2c8ce656d8ba2c9ab45c38b2c65,syn_60ccee178fb47eb6a57dfa71f44fab46
16,intro_28ac941bc8484cbf672746cb,baseline_or_submitted_policy,,23,syn_c6e4f83f2da6ac827863b999ed06de72,syn_e712d22fcebac37a97c72a6a2bb621ae
16,intro_cb131dec3d1109a62635630f,baseline_or_submitted_policy,,23,syn_d5ba8f6f67e0a59e3446787c14834d8f,syn_dd947b8ca242c44863cf601fe65d57ed
17,intro_2706c0715f4f29df17a1d00b,baseline_or_submitted_policy,,24,syn_111602846da317f9e7c801b1b732a120,syn_adceff5fd708b28f5d24b039075b98ec
17,intro_5b402115aaa87a6bdcf9b887,baseline_or_submitted_policy,,24,syn_1792125e150b6c1fa7a7ca3516285ba4,syn_6ac02d8581ce3e2ae0e90c94845e8ef1
17,intro_722db76dfcaa24b5a8b77a1f,baseline_or_submitted_policy,,24,syn_69f9950eab46dd7b3436e3a03aa0301b,syn_6fb76039ce14ae7e7b091cfd4aa2fab9
17,intro_9dc9a77978a6b0b7d1a22c47,baseline_or_submitted_policy,,24,syn_c1124b9c00beb2a6a0b4a18bf0c9f540,syn_d6d626f91a4f9109158f32e8bf250592
18,intro_8dfff57ce8099a6e8e04bce3,baseline_or_submitted_policy,,25,syn_a0ef1f914dfabc7cbdf8dcf46c0bcae6,syn_b76db7568e88b218da71968ae37776ca
19,intro_442bf0818ce06e8cacb93afa,baseline_or_submitted_policy,,26,syn_07d00e0f0be2b15987bd4822db536e5b,syn_fad3c39c0c2784209ab31e3130339a95
20,intro_847f66b16b597d7377626187,baseline_or_submitted_policy,,27,syn_3023dea18dda9617724bc8b176cb966c,syn_306fc796ca44265fedefc3320ee53b4b
20,intro_7dd9af3aa86ca262dad5273a,baseline_or_submitted_policy,,27,syn_7c77dc3fed3c9092d49762509caa5fc6,syn_e1981e34c7a6948162ff995047ee6476
21,intro_ade358f01a6170c46c2e7882,baseline_or_submitted_policy,,28,syn_2618c89f6953660c0f62e3bfefd0f580,syn_730e120c211bd2647b3d41ab05bacd66
22,intro_67e955133655dd1837572065,baseline_or_submitted_policy,,29,syn_3d00cfdea3a9b27bb5b4946c3261a8c9,syn_a2df2f4cb371057e5e2d438bc7abe1b6
22,intro_6075b6ac2e655ad46e3ec0b2,baseline_or_submitted_policy,,29,syn_87fbfc22893c5609e9edb33f210b5274,syn_d1fa9c9c5f42899c78d34bd35e36c34c
24,intro_a49f616d8ca9ad9cec498828,baseline_or_submitted_policy,,31,syn_0ec7fffa4e94cb8226152f02b68c7802,syn_dd947b8ca242c44863cf601fe65d57ed
24,intro_c89bc67feb1d1c1b36512a7a,baseline_or_submitted_policy,,31,syn_46fdd2c8ce656d8ba2c9ab45c38b2c65,syn_f4bb9a7cc9774c227eaef317d3e5b192
24,intro_d8292771b39652c911bc4a37,baseline_or_submitted_policy,,31,syn_60ccee178fb47eb6a57dfa71f44fab46,syn_c6e4f83f2da6ac827863b999ed06de72
24,intro_9ab88e5bc235dc399763257f,baseline_or_submitted_policy,,31,syn_b890454d3ef6bc5190b0e2321497e5da,syn_d5ba8f6f67e0a59e3446787c14834d8f
25,intro_e79f14d267ac2198ea33d782,baseline_or_submitted_policy,,32,syn_4989018f8dbabff440ac3ca67e074a02,syn_c1124b9c00beb2a6a0b4a18bf0c9f540
27,intro_30a9d55e1d510ad394059326,baseline_or_submitted_policy,,34,syn_813e07996549616e235d37a1f6ed4cbd,syn_fad3c39c0c2784209ab31e3130339a95
28,intro_96b66403266a4eee35a2de08,baseline_or_submitted_policy,,35,syn_1792125e150b6c1fa7a7ca3516285ba4,syn_f92952a8966a085892fde0dcea9f7050
28,intro_3fdc0204b533e4b6629d1d77,baseline_or_submitted_policy,,35,syn_28d204dbbdf42cee5a3030880cdd1e0c,syn_cb5a779ce64228622150a5537eb8e76d
